----------------
; Command Info ;
----------------
Report Timing: Found 10 setup paths (0 violated).  Worst case slack is 10.151 

Tcl Command:
    report_timing -setup -file output_files/intra_clk_sys_setup.rpt -from_clock [get_clocks {emu|pll|pll_inst|altera_pll_i|general[0].gpll~PLL_OUTPUT_COUNTER|divclk}] -to_clock [get_clocks {emu|pll|pll_inst|altera_pll_i|general[0].gpll~PLL_OUTPUT_COUNTER|divclk}] -npaths 10 -detail full_path

Options:
    -from_clock [get_clocks {emu|pll|pll_inst|altera_pll_i|general[0].gpll~PLL_OUTPUT_COUNTER|divclk}] 
    -to_clock [get_clocks {emu|pll|pll_inst|altera_pll_i|general[0].gpll~PLL_OUTPUT_COUNTER|divclk}] 
    -setup 
    -npaths 10 
    -detail full_path 
    -file {output_files/intra_clk_sys_setup.rpt} 

Delay Model:
    Slow 1100mV 100C Model

+----------------------------------------------------------------------------------------------------------------------------------------------------------------------------------------------------------------------------------------------------------------------------------------------------------------------+
; Summary of Paths                                                                                                                                                                                                                                                                                                     ;
+--------+------------------------------------------------------+---------------------------------------------------------+-------------------------------------------------------------------------+-------------------------------------------------------------------------+--------------+------------+------------+
; Slack  ; From Node                                            ; To Node                                                 ; Launch Clock                                                            ; Latch Clock                                                             ; Relationship ; Clock Skew ; Data Delay ;
+--------+------------------------------------------------------+---------------------------------------------------------+-------------------------------------------------------------------------+-------------------------------------------------------------------------+--------------+------------+------------+
; 10.151 ; emu:emu|stream_path:spath|decode_stub:stub|lat_qp[4] ; emu:emu|stream_path:spath|decode_stub:stub|recon_dbg[5] ; emu|pll|pll_inst|altera_pll_i|general[0].gpll~PLL_OUTPUT_COUNTER|divclk ; emu|pll|pll_inst|altera_pll_i|general[0].gpll~PLL_OUTPUT_COUNTER|divclk ; 50.000       ; -0.492     ; 39.227     ;
; 10.151 ; emu:emu|stream_path:spath|decode_stub:stub|lat_qp[4] ; emu:emu|stream_path:spath|decode_stub:stub|recon_dbg[5] ; emu|pll|pll_inst|altera_pll_i|general[0].gpll~PLL_OUTPUT_COUNTER|divclk ; emu|pll|pll_inst|altera_pll_i|general[0].gpll~PLL_OUTPUT_COUNTER|divclk ; 50.000       ; -0.492     ; 39.227     ;
; 10.151 ; emu:emu|stream_path:spath|decode_stub:stub|lat_qp[4] ; emu:emu|stream_path:spath|decode_stub:stub|recon_dbg[5] ; emu|pll|pll_inst|altera_pll_i|general[0].gpll~PLL_OUTPUT_COUNTER|divclk ; emu|pll|pll_inst|altera_pll_i|general[0].gpll~PLL_OUTPUT_COUNTER|divclk ; 50.000       ; -0.492     ; 39.227     ;
; 10.151 ; emu:emu|stream_path:spath|decode_stub:stub|lat_qp[4] ; emu:emu|stream_path:spath|decode_stub:stub|recon_dbg[5] ; emu|pll|pll_inst|altera_pll_i|general[0].gpll~PLL_OUTPUT_COUNTER|divclk ; emu|pll|pll_inst|altera_pll_i|general[0].gpll~PLL_OUTPUT_COUNTER|divclk ; 50.000       ; -0.492     ; 39.227     ;
; 10.179 ; emu:emu|stream_path:spath|decode_stub:stub|lat_qp[4] ; emu:emu|stream_path:spath|decode_stub:stub|recon_dbg[5] ; emu|pll|pll_inst|altera_pll_i|general[0].gpll~PLL_OUTPUT_COUNTER|divclk ; emu|pll|pll_inst|altera_pll_i|general[0].gpll~PLL_OUTPUT_COUNTER|divclk ; 50.000       ; -0.492     ; 39.199     ;
; 10.179 ; emu:emu|stream_path:spath|decode_stub:stub|lat_qp[4] ; emu:emu|stream_path:spath|decode_stub:stub|recon_dbg[5] ; emu|pll|pll_inst|altera_pll_i|general[0].gpll~PLL_OUTPUT_COUNTER|divclk ; emu|pll|pll_inst|altera_pll_i|general[0].gpll~PLL_OUTPUT_COUNTER|divclk ; 50.000       ; -0.492     ; 39.199     ;
; 10.179 ; emu:emu|stream_path:spath|decode_stub:stub|lat_qp[4] ; emu:emu|stream_path:spath|decode_stub:stub|recon_dbg[5] ; emu|pll|pll_inst|altera_pll_i|general[0].gpll~PLL_OUTPUT_COUNTER|divclk ; emu|pll|pll_inst|altera_pll_i|general[0].gpll~PLL_OUTPUT_COUNTER|divclk ; 50.000       ; -0.492     ; 39.199     ;
; 10.179 ; emu:emu|stream_path:spath|decode_stub:stub|lat_qp[4] ; emu:emu|stream_path:spath|decode_stub:stub|recon_dbg[5] ; emu|pll|pll_inst|altera_pll_i|general[0].gpll~PLL_OUTPUT_COUNTER|divclk ; emu|pll|pll_inst|altera_pll_i|general[0].gpll~PLL_OUTPUT_COUNTER|divclk ; 50.000       ; -0.492     ; 39.199     ;
; 10.202 ; emu:emu|stream_path:spath|decode_stub:stub|lat_qp[4] ; emu:emu|stream_path:spath|decode_stub:stub|recon_dbg[5] ; emu|pll|pll_inst|altera_pll_i|general[0].gpll~PLL_OUTPUT_COUNTER|divclk ; emu|pll|pll_inst|altera_pll_i|general[0].gpll~PLL_OUTPUT_COUNTER|divclk ; 50.000       ; -0.492     ; 39.176     ;
; 10.202 ; emu:emu|stream_path:spath|decode_stub:stub|lat_qp[4] ; emu:emu|stream_path:spath|decode_stub:stub|recon_dbg[5] ; emu|pll|pll_inst|altera_pll_i|general[0].gpll~PLL_OUTPUT_COUNTER|divclk ; emu|pll|pll_inst|altera_pll_i|general[0].gpll~PLL_OUTPUT_COUNTER|divclk ; 50.000       ; -0.492     ; 39.176     ;
+--------+------------------------------------------------------+---------------------------------------------------------+-------------------------------------------------------------------------+-------------------------------------------------------------------------+--------------+------------+------------+

Path #1: Setup slack is 10.151 
===============================================================================
+----------------------------------------------------------------------------------------------+
; Path Summary                                                                                 ;
+--------------------+-------------------------------------------------------------------------+
; Property           ; Value                                                                   ;
+--------------------+-------------------------------------------------------------------------+
; From Node          ; emu:emu|stream_path:spath|decode_stub:stub|lat_qp[4]                    ;
; To Node            ; emu:emu|stream_path:spath|decode_stub:stub|recon_dbg[5]                 ;
; Launch Clock       ; emu|pll|pll_inst|altera_pll_i|general[0].gpll~PLL_OUTPUT_COUNTER|divclk ;
; Latch Clock        ; emu|pll|pll_inst|altera_pll_i|general[0].gpll~PLL_OUTPUT_COUNTER|divclk ;
; Data Arrival Time  ; 47.682                                                                  ;
; Data Required Time ; 57.833                                                                  ;
; Slack              ; 10.151                                                                  ;
+--------------------+-------------------------------------------------------------------------+

+--------------------------------------------------------------------------------------+
; Statistics                                                                           ;
+------------------------+--------+-------+-------------+------------+--------+--------+
; Property               ; Value  ; Count ; Total Delay ; % of Total ; Min    ; Max    ;
+------------------------+--------+-------+-------------+------------+--------+--------+
; Setup Relationship     ; 50.000 ;       ;             ;            ;        ;        ;
; Clock Skew             ; -0.492 ;       ;             ;            ;        ;        ;
; Data Delay             ; 39.227 ;       ;             ;            ;        ;        ;
; Number of Logic Levels ;        ; 22    ;             ;            ;        ;        ;
; Physical Delays        ;        ;       ;             ;            ;        ;        ;
;  Arrival Path          ;        ;       ;             ;            ;        ;        ;
;   Clock                ;        ;       ;             ;            ;        ;        ;
;    IC                  ;        ; 6     ; 4.635       ; 55         ; 0.000  ; 2.262  ;
;    Cell                ;        ; 6     ; 3.820       ; 45         ; 0.116  ; 1.745  ;
;   Data                 ;        ;       ;             ;            ;        ;        ;
;    IC                  ;        ; 36    ; 16.186      ; 41         ; 0.000  ; 1.876  ;
;    Cell                ;        ; 37    ; 23.041      ; 59         ; 0.000  ; 3.938  ;
;    uTco                ;        ; 1     ; 0.000       ; 0          ; 0.000  ; 0.000  ;
;  Required Path         ;        ;       ;             ;            ;        ;        ;
;   Clock                ;        ;       ;             ;            ;        ;        ;
;    IC                  ;        ; 6     ; 3.921       ; 54         ; 0.000  ; 1.843  ;
;    Cell                ;        ; 5     ; 3.302       ; 46         ; 0.279  ; 1.466  ;
;    PLL Compensation    ;        ; 1     ; -0.220      ; 0          ; -0.220 ; -0.220 ;
+------------------------+--------+-------+-------------+------------+--------+--------+
Note: Negative delays are omitted from totals when calculating percentages

+------------------------------------------------------------------------------------------------------------------------------------------------------------------------------+
; Data Arrival Path                                                                                                                                                            ;
+----------+---------+----+------+--------+----------------------------+-------------------------------------------------------------------------------------------------------+
; Total    ; Incr    ; RF ; Type ; Fanout ; Location                   ; Element                                                                                               ;
+----------+---------+----+------+--------+----------------------------+-------------------------------------------------------------------------------------------------------+
; 0.000    ; 0.000   ;    ;      ;        ;                            ; launch edge time                                                                                      ;
; 8.455    ; 8.455   ;    ;      ;        ;                            ; clock path                                                                                            ;
;   0.000  ;   0.000 ;    ;      ;        ;                            ; source latency                                                                                        ;
;   0.000  ;   0.000 ;    ;      ; 1      ; PIN_Y13                    ; FPGA_CLK2_50                                                                                          ;
;   0.000  ;   0.000 ; RR ; IC   ; 1      ; IOIBUF_X56_Y0_N1           ; FPGA_CLK2_50~input|i                                                                                  ;
;   0.761  ;   0.761 ; RR ; CELL ; 2      ; IOIBUF_X56_Y0_N1           ; FPGA_CLK2_50~input|o                                                                                  ;
;   2.096  ;   1.335 ; RR ; IC   ; 1      ; PLLREFCLKSELECT_X89_Y7_N0  ; emu|pll|pll_inst|altera_pll_i|general[0].gpll~PLL_REFCLK_SELECT|clkin[0]                              ;
;   2.429  ;   0.333 ; RR ; CELL ; 1      ; PLLREFCLKSELECT_X89_Y7_N0  ; emu|pll|pll_inst|altera_pll_i|general[0].gpll~PLL_REFCLK_SELECT|clkout                                ;
;   2.429  ;   0.000 ; RR ; IC   ; 10     ; FRACTIONALPLL_X89_Y1_N0    ; emu|pll|pll_inst|altera_pll_i|general[0].gpll~FRACTIONAL_PLL|refclkin                                 ;
;   2.545  ;   0.116 ; RR ; CELL ; 2      ; FRACTIONALPLL_X89_Y1_N0    ; emu|pll|pll_inst|altera_pll_i|general[0].gpll~FRACTIONAL_PLL|vcoph[0]                                 ;
;   2.545  ;   0.000 ; RR ; IC   ; 1      ; PLLOUTPUTCOUNTER_X89_Y5_N1 ; emu|pll|pll_inst|altera_pll_i|general[0].gpll~PLL_OUTPUT_COUNTER|vco0ph[0]                            ;
;   4.290  ;   1.745 ; RR ; CELL ; 3      ; PLLOUTPUTCOUNTER_X89_Y5_N1 ; emu|pll|pll_inst|altera_pll_i|general[0].gpll~PLL_OUTPUT_COUNTER|divclk                               ;
;   5.328  ;   1.038 ; RR ; IC   ; 1      ; CLKCTRL_G4                 ; emu|pll|pll_inst|altera_pll_i|outclk_wire[0]~CLKENA0|inclk                                            ;
;   5.632  ;   0.304 ; RR ; CELL ; 7784   ; CLKCTRL_G4                 ; emu|pll|pll_inst|altera_pll_i|outclk_wire[0]~CLKENA0|outclk                                           ;
;   7.894  ;   2.262 ; RR ; IC   ; 1      ; FF_X25_Y21_N50             ; emu|spath|stub|lat_qp[4]|clk                                                                          ;
;   8.455  ;   0.561 ; RR ; CELL ; 1      ; FF_X25_Y21_N50             ; emu:emu|stream_path:spath|decode_stub:stub|lat_qp[4]                                                  ;
; 47.682   ; 39.227  ;    ;      ;        ;                            ; data path                                                                                             ;
;   8.455  ;   0.000 ;    ; uTco ; 1      ; FF_X25_Y21_N50             ; emu:emu|stream_path:spath|decode_stub:stub|lat_qp[4]                                                  ;
;   8.455  ;   0.000 ; RR ; CELL ; 4      ; FF_X25_Y21_N50             ; emu|spath|stub|lat_qp[4]|q                                                                            ;
;   8.753  ;   0.298 ; RR ; IC   ; 2      ; MLABCELL_X25_Y21_N3        ; emu|spath|stub|u_h264_dequant4x4|Mod0|auto_generated|divider|divider|add_sub_2_result_int[1]~9|dataa  ;
;   10.004 ;   1.251 ; RR ; CELL ; 1      ; MLABCELL_X25_Y21_N3        ; emu|spath|stub|u_h264_dequant4x4|Mod0|auto_generated|divider|divider|add_sub_2_result_int[1]~9|sumout ;
;   10.221 ;   0.217 ; RR ; IC   ; 1      ; MLABCELL_X25_Y21_N57       ; emu|spath|stub|u_h264_dequant4x4|Mod0|auto_generated|divider|divider|StageOut[9]~9|dataa              ;
;   10.807 ;   0.586 ; RR ; CELL ; 2      ; MLABCELL_X25_Y21_N57       ; emu|spath|stub|u_h264_dequant4x4|Mod0|auto_generated|divider|divider|StageOut[9]~9|combout            ;
;   11.344 ;   0.537 ; RR ; IC   ; 2      ; LABCELL_X24_Y21_N51        ; emu|spath|stub|u_h264_dequant4x4|Mod0|auto_generated|divider|divider|op_4~21|datac                    ;
;   12.193 ;   0.849 ; RR ; CELL ; 1      ; LABCELL_X24_Y21_N51        ; emu|spath|stub|u_h264_dequant4x4|Mod0|auto_generated|divider|divider|op_4~21|cout                     ;
;   12.193 ;   0.000 ; RR ; IC   ; 1      ; LABCELL_X24_Y21_N54        ; emu|spath|stub|u_h264_dequant4x4|Mod0|auto_generated|divider|divider|op_4~10|cin                      ;
;   12.239 ;   0.046 ; RR ; CELL ; 1      ; LABCELL_X24_Y21_N54        ; emu|spath|stub|u_h264_dequant4x4|Mod0|auto_generated|divider|divider|op_4~10|cout                     ;
;   12.239 ;   0.000 ; RR ; IC   ; 1      ; LABCELL_X24_Y21_N57        ; emu|spath|stub|u_h264_dequant4x4|Mod0|auto_generated|divider|divider|op_4~1|cin                       ;
;   12.393 ;   0.154 ; RR ; CELL ; 6      ; LABCELL_X24_Y21_N57        ; emu|spath|stub|u_h264_dequant4x4|Mod0|auto_generated|divider|divider|op_4~1|sumout                    ;
;   12.613 ;   0.220 ; RR ; IC   ; 2      ; LABCELL_X24_Y21_N24        ; emu|spath|stub|u_h264_dequant4x4|Mod0|auto_generated|divider|divider|op_5~9|datab                     ;
;   13.690 ;   1.077 ; RR ; CELL ; 1      ; LABCELL_X24_Y21_N24        ; emu|spath|stub|u_h264_dequant4x4|Mod0|auto_generated|divider|divider|op_5~9|cout                      ;
;   13.690 ;   0.000 ; RR ; IC   ; 2      ; LABCELL_X24_Y21_N27        ; emu|spath|stub|u_h264_dequant4x4|Mod0|auto_generated|divider|divider|op_5~21|cin                      ;
;   13.690 ;   0.000 ; RR ; CELL ; 1      ; LABCELL_X24_Y21_N27        ; emu|spath|stub|u_h264_dequant4x4|Mod0|auto_generated|divider|divider|op_5~21|cout                     ;
;   13.690 ;   0.000 ; RR ; IC   ; 1      ; LABCELL_X24_Y21_N30        ; emu|spath|stub|u_h264_dequant4x4|Mod0|auto_generated|divider|divider|op_5~14|cin                      ;
;   13.790 ;   0.100 ; RR ; CELL ; 1      ; LABCELL_X24_Y21_N30        ; emu|spath|stub|u_h264_dequant4x4|Mod0|auto_generated|divider|divider|op_5~14|cout                     ;
;   13.790 ;   0.000 ; RR ; IC   ; 1      ; LABCELL_X24_Y21_N33        ; emu|spath|stub|u_h264_dequant4x4|Mod0|auto_generated|divider|divider|op_5~1|cin                       ;
;   13.944 ;   0.154 ; RR ; CELL ; 7      ; LABCELL_X24_Y21_N33        ; emu|spath|stub|u_h264_dequant4x4|Mod0|auto_generated|divider|divider|op_5~1|sumout                    ;
;   14.193 ;   0.249 ; RR ; IC   ; 2      ; LABCELL_X24_Y21_N6         ; emu|spath|stub|u_h264_dequant4x4|Mod0|auto_generated|divider|divider|op_6~9|dataa                     ;
;   15.275 ;   1.082 ; RR ; CELL ; 1      ; LABCELL_X24_Y21_N6         ; emu|spath|stub|u_h264_dequant4x4|Mod0|auto_generated|divider|divider|op_6~9|cout                      ;
;   15.275 ;   0.000 ; RR ; IC   ; 2      ; LABCELL_X24_Y21_N9         ; emu|spath|stub|u_h264_dequant4x4|Mod0|auto_generated|divider|divider|op_6~13|cin                      ;
;   15.275 ;   0.000 ; RR ; CELL ; 1      ; LABCELL_X24_Y21_N9         ; emu|spath|stub|u_h264_dequant4x4|Mod0|auto_generated|divider|divider|op_6~13|cout                     ;
;   15.275 ;   0.000 ; RR ; IC   ; 1      ; LABCELL_X24_Y21_N12        ; emu|spath|stub|u_h264_dequant4x4|Mod0|auto_generated|divider|divider|op_6~18|cin                      ;
;   15.325 ;   0.050 ; RR ; CELL ; 1      ; LABCELL_X24_Y21_N12        ; emu|spath|stub|u_h264_dequant4x4|Mod0|auto_generated|divider|divider|op_6~18|cout                     ;
;   15.325 ;   0.000 ; RR ; IC   ; 1      ; LABCELL_X24_Y21_N15        ; emu|spath|stub|u_h264_dequant4x4|Mod0|auto_generated|divider|divider|op_6~1|cin                       ;
;   15.479 ;   0.154 ; RF ; CELL ; 7      ; LABCELL_X24_Y21_N15        ; emu|spath|stub|u_h264_dequant4x4|Mod0|auto_generated|divider|divider|op_6~1|sumout                    ;
;   16.336 ;   0.857 ; FF ; IC   ; 1      ; LABCELL_X23_Y20_N3         ; emu|spath|stub|u_h264_dequant4x4|Mod0|auto_generated|divider|divider|StageOut[22]~4|datac             ;
;   16.822 ;   0.486 ; FF ; CELL ; 42     ; LABCELL_X23_Y20_N3         ; emu|spath|stub|u_h264_dequant4x4|Mod0|auto_generated|divider|divider|StageOut[22]~4|combout           ;
;   17.877 ;   1.055 ; FF ; IC   ; 1      ; LABCELL_X23_Y18_N45        ; emu|spath|stub|u_h264_dequant4x4|ShiftLeft2~17|datad                                                  ;
;   18.385 ;   0.508 ; FF ; CELL ; 1      ; LABCELL_X23_Y18_N45        ; emu|spath|stub|u_h264_dequant4x4|ShiftLeft2~17|combout                                                ;
;   18.606 ;   0.221 ; FF ; IC   ; 1      ; LABCELL_X23_Y18_N57        ; emu|spath|stub|u_h264_dequant4x4|ShiftLeft2~18|datad                                                  ;
;   18.989 ;   0.383 ; FF ; CELL ; 4      ; LABCELL_X23_Y18_N57        ; emu|spath|stub|u_h264_dequant4x4|ShiftLeft2~18|combout                                                ;
;   20.865 ;   1.876 ; FF ; IC   ; 22     ; DSP_X32_Y4_N0              ; emu|spath|stub|u_h264_dequant4x4|Mult7~8|ay[14]                                                       ;
;   24.803 ;   3.938 ; FF ; CELL ; 1      ; DSP_X32_Y4_N0              ; emu|spath|stub|u_h264_dequant4x4|Mult7~8|resulta[25]                                                  ;
;   26.062 ;   1.259 ; FF ; IC   ; 6      ; DSP_X32_Y2_N0              ; emu|spath|stub|u_h264_dequant4x4|Mult7~mult_hlmac|by[7]                                               ;
;   28.601 ;   2.539 ; FF ; CELL ; 1      ; DSP_X32_Y2_N0              ; emu|spath|stub|u_h264_dequant4x4|Mult7~mult_hlmac|resulta[0]                                          ;
;   29.598 ;   0.997 ; FF ; IC   ; 2      ; LABCELL_X31_Y6_N39         ; emu|spath|stub|u_h264_dequant4x4|Add8~57|datad                                                        ;
;   30.506 ;   0.908 ; FF ; CELL ; 3      ; LABCELL_X31_Y6_N39         ; emu|spath|stub|u_h264_dequant4x4|Add8~57|sumout                                                       ;
;   32.331 ;   1.825 ; FF ; IC   ; 2      ; LABCELL_X18_Y9_N39         ; emu|spath|stub|u_h264_idct4x4|Add7~25|datad                                                           ;
;   33.076 ;   0.745 ; FR ; CELL ; 1      ; LABCELL_X18_Y9_N39         ; emu|spath|stub|u_h264_idct4x4|Add7~25|cout                                                            ;
;   33.076 ;   0.000 ; RR ; IC   ; 2      ; LABCELL_X18_Y9_N42         ; emu|spath|stub|u_h264_idct4x4|Add7~29|cin                                                             ;
;   33.431 ;   0.355 ; RF ; CELL ; 2      ; LABCELL_X18_Y9_N42         ; emu|spath|stub|u_h264_idct4x4|Add7~29|sumout                                                          ;
;   34.443 ;   1.012 ; FF ; IC   ; 2      ; LABCELL_X19_Y10_N9         ; emu|spath|stub|u_h264_idct4x4|Add22~29|datac                                                          ;
;   35.251 ;   0.808 ; FF ; CELL ; 1      ; LABCELL_X19_Y10_N9         ; emu|spath|stub|u_h264_idct4x4|Add22~29|cout                                                           ;
;   35.251 ;   0.000 ; FF ; IC   ; 2      ; LABCELL_X19_Y10_N12        ; emu|spath|stub|u_h264_idct4x4|Add22~37|cin                                                            ;
;   35.617 ;   0.366 ; FF ; CELL ; 2      ; LABCELL_X19_Y10_N12        ; emu|spath|stub|u_h264_idct4x4|Add22~37|sumout                                                         ;
;   36.468 ;   0.851 ; FF ; IC   ; 2      ; LABCELL_X19_Y13_N12        ; emu|spath|stub|u_h264_idct4x4|Add40~29|datac                                                          ;
;   37.305 ;   0.837 ; FF ; CELL ; 1      ; LABCELL_X19_Y13_N12        ; emu|spath|stub|u_h264_idct4x4|Add40~29|cout                                                           ;
;   37.305 ;   0.000 ; FF ; IC   ; 2      ; LABCELL_X19_Y13_N15        ; emu|spath|stub|u_h264_idct4x4|Add40~37|cin                                                            ;
;   37.305 ;   0.000 ; FF ; CELL ; 1      ; LABCELL_X19_Y13_N15        ; emu|spath|stub|u_h264_idct4x4|Add40~37|cout                                                           ;
;   37.305 ;   0.000 ; FF ; IC   ; 2      ; LABCELL_X19_Y13_N18        ; emu|spath|stub|u_h264_idct4x4|Add40~53|cin                                                            ;
;   37.660 ;   0.355 ; FF ; CELL ; 2      ; LABCELL_X19_Y13_N18        ; emu|spath|stub|u_h264_idct4x4|Add40~53|sumout                                                         ;
;   39.029 ;   1.369 ; FF ; IC   ; 2      ; LABCELL_X18_Y17_N18        ; emu|spath|stub|u_h264_idct4x4|Add53~57|datab                                                          ;
;   40.167 ;   1.138 ; FF ; CELL ; 2      ; LABCELL_X18_Y17_N18        ; emu|spath|stub|u_h264_idct4x4|Add53~57|sumout                                                         ;
;   41.359 ;   1.192 ; FF ; IC   ; 2      ; LABCELL_X19_Y16_N9         ; emu|spath|stub|u_h264_recon4x4|Add1~29|datad                                                          ;
;   42.028 ;   0.669 ; FF ; CELL ; 1      ; LABCELL_X19_Y16_N9         ; emu|spath|stub|u_h264_recon4x4|Add1~29|cout                                                           ;
;   42.028 ;   0.000 ; FF ; IC   ; 2      ; LABCELL_X19_Y16_N12        ; emu|spath|stub|u_h264_recon4x4|Add1~33|cin                                                            ;
;   42.400 ;   0.372 ; FR ; CELL ; 2      ; LABCELL_X19_Y16_N12        ; emu|spath|stub|u_h264_recon4x4|Add1~33|sumout                                                         ;
;   42.631 ;   0.231 ; RR ; IC   ; 1      ; LABCELL_X19_Y16_N39        ; emu|spath|stub|u_h264_recon4x4|recon[1][7]~92|datab                                                   ;
;   43.184 ;   0.553 ; RF ; CELL ; 1      ; LABCELL_X19_Y16_N39        ; emu|spath|stub|u_h264_recon4x4|recon[1][7]~92|combout                                                 ;
;   43.414 ;   0.230 ; FF ; IC   ; 1      ; LABCELL_X19_Y16_N48        ; emu|spath|stub|u_h264_recon4x4|recon[1][7]~0|datad                                                    ;
;   43.926 ;   0.512 ; FF ; CELL ; 10     ; LABCELL_X19_Y16_N48        ; emu|spath|stub|u_h264_recon4x4|recon[1][7]~0|combout                                                  ;
;   44.847 ;   0.921 ; FF ; IC   ; 1      ; LABCELL_X22_Y14_N42        ; emu|spath|stub|recon_dbg_comb[5]~181|datac                                                            ;
;   45.357 ;   0.510 ; FF ; CELL ; 1      ; LABCELL_X22_Y14_N42        ; emu|spath|stub|recon_dbg_comb[5]~181|combout                                                          ;
;   45.580 ;   0.223 ; FF ; IC   ; 1      ; LABCELL_X22_Y14_N0         ; emu|spath|stub|recon_dbg_comb[5]~246|datad                                                            ;
;   46.090 ;   0.510 ; FF ; CELL ; 1      ; LABCELL_X22_Y14_N0         ; emu|spath|stub|recon_dbg_comb[5]~246|combout                                                          ;
;   46.344 ;   0.254 ; FF ; IC   ; 1      ; LABCELL_X22_Y14_N54        ; emu|spath|stub|recon_dbg_comb[5]~254|datae                                                            ;
;   46.565 ;   0.221 ; FF ; CELL ; 1      ; LABCELL_X22_Y14_N54        ; emu|spath|stub|recon_dbg_comb[5]~254|combout                                                          ;
;   46.857 ;   0.292 ; FF ; IC   ; 1      ; LABCELL_X23_Y14_N12        ; emu|spath|stub|recon_dbg_comb[5]~208|dataa                                                            ;
;   47.422 ;   0.565 ; FR ; CELL ; 1      ; LABCELL_X23_Y14_N12        ; emu|spath|stub|recon_dbg_comb[5]~208|combout                                                          ;
;   47.422 ;   0.000 ; RR ; IC   ; 1      ; FF_X23_Y14_N13             ; emu|spath|stub|recon_dbg[5]|d                                                                         ;
;   47.682 ;   0.260 ; RR ; CELL ; 1      ; FF_X23_Y14_N13             ; emu:emu|stream_path:spath|decode_stub:stub|recon_dbg[5]                                               ;
+----------+---------+----+------+--------+----------------------------+-------------------------------------------------------------------------------------------------------+

+----------------------------------------------------------------------------------------------------------------------------------------------------+
; Data Required Path                                                                                                                                 ;
+----------+----------+----+------+--------+----------------------------+----------------------------------------------------------------------------+
; Total    ; Incr     ; RF ; Type ; Fanout ; Location                   ; Element                                                                    ;
+----------+----------+----+------+--------+----------------------------+----------------------------------------------------------------------------+
; 50.000   ; 50.000   ;    ;      ;        ;                            ; latch edge time                                                            ;
; 57.963   ; 7.963    ;    ;      ;        ;                            ; clock path                                                                 ;
;   50.000 ;   0.000  ;    ;      ;        ;                            ; source latency                                                             ;
;   50.000 ;   0.000  ;    ;      ; 1      ; PIN_Y13                    ; FPGA_CLK2_50                                                               ;
;   50.000 ;   0.000  ; RR ; IC   ; 1      ; IOIBUF_X56_Y0_N1           ; FPGA_CLK2_50~input|i                                                       ;
;   50.761 ;   0.761  ; RR ; CELL ; 2      ; IOIBUF_X56_Y0_N1           ; FPGA_CLK2_50~input|o                                                       ;
;   51.932 ;   1.171  ; RR ; IC   ; 1      ; PLLREFCLKSELECT_X89_Y7_N0  ; emu|pll|pll_inst|altera_pll_i|general[0].gpll~PLL_REFCLK_SELECT|clkin[0]   ;
;   52.240 ;   0.308  ; RR ; CELL ; 1      ; PLLREFCLKSELECT_X89_Y7_N0  ; emu|pll|pll_inst|altera_pll_i|general[0].gpll~PLL_REFCLK_SELECT|clkout     ;
;   52.240 ;   0.000  ; RR ; IC   ; 10     ; FRACTIONALPLL_X89_Y1_N0    ; emu|pll|pll_inst|altera_pll_i|general[0].gpll~FRACTIONAL_PLL|refclkin      ;
;   52.020 ;   -0.220 ; RR ; COMP ; 2      ; FRACTIONALPLL_X89_Y1_N0    ; emu|pll|pll_inst|altera_pll_i|general[0].gpll~FRACTIONAL_PLL|vcoph[0]      ;
;   52.020 ;   0.000  ; RR ; IC   ; 1      ; PLLOUTPUTCOUNTER_X89_Y5_N1 ; emu|pll|pll_inst|altera_pll_i|general[0].gpll~PLL_OUTPUT_COUNTER|vco0ph[0] ;
;   53.486 ;   1.466  ; RR ; CELL ; 3      ; PLLOUTPUTCOUNTER_X89_Y5_N1 ; emu|pll|pll_inst|altera_pll_i|general[0].gpll~PLL_OUTPUT_COUNTER|divclk    ;
;   54.393 ;   0.907  ; RR ; IC   ; 1      ; CLKCTRL_G4                 ; emu|pll|pll_inst|altera_pll_i|outclk_wire[0]~CLKENA0|inclk                 ;
;   54.672 ;   0.279  ; RR ; CELL ; 7784   ; CLKCTRL_G4                 ; emu|pll|pll_inst|altera_pll_i|outclk_wire[0]~CLKENA0|outclk                ;
;   56.515 ;   1.843  ; RR ; IC   ; 1      ; FF_X23_Y14_N13             ; emu|spath|stub|recon_dbg[5]|clk                                            ;
;   57.003 ;   0.488  ; RR ; CELL ; 1      ; FF_X23_Y14_N13             ; emu:emu|stream_path:spath|decode_stub:stub|recon_dbg[5]                    ;
;   57.963 ;   0.960  ;    ;      ;        ;                            ; clock pessimism removed                                                    ;
; 57.833   ; -0.130   ;    ;      ;        ;                            ; clock uncertainty                                                          ;
; 57.833   ; 0.000    ;    ; uTsu ; 1      ; FF_X23_Y14_N13             ; emu:emu|stream_path:spath|decode_stub:stub|recon_dbg[5]                    ;
+----------+----------+----+------+--------+----------------------------+----------------------------------------------------------------------------+

----------------------------
; Extra Fitter Information ;
----------------------------
HTML report is unavailable in plain text report export.


Path #2: Setup slack is 10.151 
===============================================================================
+----------------------------------------------------------------------------------------------+
; Path Summary                                                                                 ;
+--------------------+-------------------------------------------------------------------------+
; Property           ; Value                                                                   ;
+--------------------+-------------------------------------------------------------------------+
; From Node          ; emu:emu|stream_path:spath|decode_stub:stub|lat_qp[4]                    ;
; To Node            ; emu:emu|stream_path:spath|decode_stub:stub|recon_dbg[5]                 ;
; Launch Clock       ; emu|pll|pll_inst|altera_pll_i|general[0].gpll~PLL_OUTPUT_COUNTER|divclk ;
; Latch Clock        ; emu|pll|pll_inst|altera_pll_i|general[0].gpll~PLL_OUTPUT_COUNTER|divclk ;
; Data Arrival Time  ; 47.682                                                                  ;
; Data Required Time ; 57.833                                                                  ;
; Slack              ; 10.151                                                                  ;
+--------------------+-------------------------------------------------------------------------+

+--------------------------------------------------------------------------------------+
; Statistics                                                                           ;
+------------------------+--------+-------+-------------+------------+--------+--------+
; Property               ; Value  ; Count ; Total Delay ; % of Total ; Min    ; Max    ;
+------------------------+--------+-------+-------------+------------+--------+--------+
; Setup Relationship     ; 50.000 ;       ;             ;            ;        ;        ;
; Clock Skew             ; -0.492 ;       ;             ;            ;        ;        ;
; Data Delay             ; 39.227 ;       ;             ;            ;        ;        ;
; Number of Logic Levels ;        ; 22    ;             ;            ;        ;        ;
; Physical Delays        ;        ;       ;             ;            ;        ;        ;
;  Arrival Path          ;        ;       ;             ;            ;        ;        ;
;   Clock                ;        ;       ;             ;            ;        ;        ;
;    IC                  ;        ; 6     ; 4.635       ; 55         ; 0.000  ; 2.262  ;
;    Cell                ;        ; 6     ; 3.820       ; 45         ; 0.116  ; 1.745  ;
;   Data                 ;        ;       ;             ;            ;        ;        ;
;    IC                  ;        ; 35    ; 16.186      ; 41         ; 0.000  ; 1.876  ;
;    Cell                ;        ; 36    ; 23.041      ; 59         ; 0.000  ; 3.938  ;
;    uTco                ;        ; 1     ; 0.000       ; 0          ; 0.000  ; 0.000  ;
;  Required Path         ;        ;       ;             ;            ;        ;        ;
;   Clock                ;        ;       ;             ;            ;        ;        ;
;    IC                  ;        ; 6     ; 3.921       ; 54         ; 0.000  ; 1.843  ;
;    Cell                ;        ; 5     ; 3.302       ; 46         ; 0.279  ; 1.466  ;
;    PLL Compensation    ;        ; 1     ; -0.220      ; 0          ; -0.220 ; -0.220 ;
+------------------------+--------+-------+-------------+------------+--------+--------+
Note: Negative delays are omitted from totals when calculating percentages

+------------------------------------------------------------------------------------------------------------------------------------------------------------------------------+
; Data Arrival Path                                                                                                                                                            ;
+----------+---------+----+------+--------+----------------------------+-------------------------------------------------------------------------------------------------------+
; Total    ; Incr    ; RF ; Type ; Fanout ; Location                   ; Element                                                                                               ;
+----------+---------+----+------+--------+----------------------------+-------------------------------------------------------------------------------------------------------+
; 0.000    ; 0.000   ;    ;      ;        ;                            ; launch edge time                                                                                      ;
; 8.455    ; 8.455   ;    ;      ;        ;                            ; clock path                                                                                            ;
;   0.000  ;   0.000 ;    ;      ;        ;                            ; source latency                                                                                        ;
;   0.000  ;   0.000 ;    ;      ; 1      ; PIN_Y13                    ; FPGA_CLK2_50                                                                                          ;
;   0.000  ;   0.000 ; RR ; IC   ; 1      ; IOIBUF_X56_Y0_N1           ; FPGA_CLK2_50~input|i                                                                                  ;
;   0.761  ;   0.761 ; RR ; CELL ; 2      ; IOIBUF_X56_Y0_N1           ; FPGA_CLK2_50~input|o                                                                                  ;
;   2.096  ;   1.335 ; RR ; IC   ; 1      ; PLLREFCLKSELECT_X89_Y7_N0  ; emu|pll|pll_inst|altera_pll_i|general[0].gpll~PLL_REFCLK_SELECT|clkin[0]                              ;
;   2.429  ;   0.333 ; RR ; CELL ; 1      ; PLLREFCLKSELECT_X89_Y7_N0  ; emu|pll|pll_inst|altera_pll_i|general[0].gpll~PLL_REFCLK_SELECT|clkout                                ;
;   2.429  ;   0.000 ; RR ; IC   ; 10     ; FRACTIONALPLL_X89_Y1_N0    ; emu|pll|pll_inst|altera_pll_i|general[0].gpll~FRACTIONAL_PLL|refclkin                                 ;
;   2.545  ;   0.116 ; RR ; CELL ; 2      ; FRACTIONALPLL_X89_Y1_N0    ; emu|pll|pll_inst|altera_pll_i|general[0].gpll~FRACTIONAL_PLL|vcoph[0]                                 ;
;   2.545  ;   0.000 ; RR ; IC   ; 1      ; PLLOUTPUTCOUNTER_X89_Y5_N1 ; emu|pll|pll_inst|altera_pll_i|general[0].gpll~PLL_OUTPUT_COUNTER|vco0ph[0]                            ;
;   4.290  ;   1.745 ; RR ; CELL ; 3      ; PLLOUTPUTCOUNTER_X89_Y5_N1 ; emu|pll|pll_inst|altera_pll_i|general[0].gpll~PLL_OUTPUT_COUNTER|divclk                               ;
;   5.328  ;   1.038 ; RR ; IC   ; 1      ; CLKCTRL_G4                 ; emu|pll|pll_inst|altera_pll_i|outclk_wire[0]~CLKENA0|inclk                                            ;
;   5.632  ;   0.304 ; RR ; CELL ; 7784   ; CLKCTRL_G4                 ; emu|pll|pll_inst|altera_pll_i|outclk_wire[0]~CLKENA0|outclk                                           ;
;   7.894  ;   2.262 ; RR ; IC   ; 1      ; FF_X25_Y21_N50             ; emu|spath|stub|lat_qp[4]|clk                                                                          ;
;   8.455  ;   0.561 ; RR ; CELL ; 1      ; FF_X25_Y21_N50             ; emu:emu|stream_path:spath|decode_stub:stub|lat_qp[4]                                                  ;
; 47.682   ; 39.227  ;    ;      ;        ;                            ; data path                                                                                             ;
;   8.455  ;   0.000 ;    ; uTco ; 1      ; FF_X25_Y21_N50             ; emu:emu|stream_path:spath|decode_stub:stub|lat_qp[4]                                                  ;
;   8.455  ;   0.000 ; RR ; CELL ; 4      ; FF_X25_Y21_N50             ; emu|spath|stub|lat_qp[4]|q                                                                            ;
;   8.753  ;   0.298 ; RR ; IC   ; 2      ; MLABCELL_X25_Y21_N3        ; emu|spath|stub|u_h264_dequant4x4|Mod0|auto_generated|divider|divider|add_sub_2_result_int[1]~9|dataa  ;
;   10.004 ;   1.251 ; RR ; CELL ; 1      ; MLABCELL_X25_Y21_N3        ; emu|spath|stub|u_h264_dequant4x4|Mod0|auto_generated|divider|divider|add_sub_2_result_int[1]~9|sumout ;
;   10.221 ;   0.217 ; RR ; IC   ; 1      ; MLABCELL_X25_Y21_N57       ; emu|spath|stub|u_h264_dequant4x4|Mod0|auto_generated|divider|divider|StageOut[9]~9|dataa              ;
;   10.807 ;   0.586 ; RR ; CELL ; 2      ; MLABCELL_X25_Y21_N57       ; emu|spath|stub|u_h264_dequant4x4|Mod0|auto_generated|divider|divider|StageOut[9]~9|combout            ;
;   11.344 ;   0.537 ; RR ; IC   ; 2      ; LABCELL_X24_Y21_N51        ; emu|spath|stub|u_h264_dequant4x4|Mod0|auto_generated|divider|divider|op_4~21|datac                    ;
;   12.193 ;   0.849 ; RR ; CELL ; 1      ; LABCELL_X24_Y21_N51        ; emu|spath|stub|u_h264_dequant4x4|Mod0|auto_generated|divider|divider|op_4~21|cout                     ;
;   12.193 ;   0.000 ; RR ; IC   ; 1      ; LABCELL_X24_Y21_N54        ; emu|spath|stub|u_h264_dequant4x4|Mod0|auto_generated|divider|divider|op_4~10|cin                      ;
;   12.239 ;   0.046 ; RR ; CELL ; 1      ; LABCELL_X24_Y21_N54        ; emu|spath|stub|u_h264_dequant4x4|Mod0|auto_generated|divider|divider|op_4~10|cout                     ;
;   12.239 ;   0.000 ; RR ; IC   ; 1      ; LABCELL_X24_Y21_N57        ; emu|spath|stub|u_h264_dequant4x4|Mod0|auto_generated|divider|divider|op_4~1|cin                       ;
;   12.393 ;   0.154 ; RR ; CELL ; 6      ; LABCELL_X24_Y21_N57        ; emu|spath|stub|u_h264_dequant4x4|Mod0|auto_generated|divider|divider|op_4~1|sumout                    ;
;   12.613 ;   0.220 ; RR ; IC   ; 2      ; LABCELL_X24_Y21_N24        ; emu|spath|stub|u_h264_dequant4x4|Mod0|auto_generated|divider|divider|op_5~9|datab                     ;
;   13.690 ;   1.077 ; RR ; CELL ; 1      ; LABCELL_X24_Y21_N24        ; emu|spath|stub|u_h264_dequant4x4|Mod0|auto_generated|divider|divider|op_5~9|cout                      ;
;   13.690 ;   0.000 ; RR ; IC   ; 2      ; LABCELL_X24_Y21_N27        ; emu|spath|stub|u_h264_dequant4x4|Mod0|auto_generated|divider|divider|op_5~21|cin                      ;
;   13.690 ;   0.000 ; RR ; CELL ; 1      ; LABCELL_X24_Y21_N27        ; emu|spath|stub|u_h264_dequant4x4|Mod0|auto_generated|divider|divider|op_5~21|cout                     ;
;   13.690 ;   0.000 ; RR ; IC   ; 1      ; LABCELL_X24_Y21_N30        ; emu|spath|stub|u_h264_dequant4x4|Mod0|auto_generated|divider|divider|op_5~14|cin                      ;
;   13.790 ;   0.100 ; RR ; CELL ; 1      ; LABCELL_X24_Y21_N30        ; emu|spath|stub|u_h264_dequant4x4|Mod0|auto_generated|divider|divider|op_5~14|cout                     ;
;   13.790 ;   0.000 ; RR ; IC   ; 1      ; LABCELL_X24_Y21_N33        ; emu|spath|stub|u_h264_dequant4x4|Mod0|auto_generated|divider|divider|op_5~1|cin                       ;
;   13.944 ;   0.154 ; RR ; CELL ; 7      ; LABCELL_X24_Y21_N33        ; emu|spath|stub|u_h264_dequant4x4|Mod0|auto_generated|divider|divider|op_5~1|sumout                    ;
;   14.193 ;   0.249 ; RR ; IC   ; 2      ; LABCELL_X24_Y21_N9         ; emu|spath|stub|u_h264_dequant4x4|Mod0|auto_generated|divider|divider|op_6~13|dataa                    ;
;   15.275 ;   1.082 ; RR ; CELL ; 1      ; LABCELL_X24_Y21_N9         ; emu|spath|stub|u_h264_dequant4x4|Mod0|auto_generated|divider|divider|op_6~13|cout                     ;
;   15.275 ;   0.000 ; RR ; IC   ; 1      ; LABCELL_X24_Y21_N12        ; emu|spath|stub|u_h264_dequant4x4|Mod0|auto_generated|divider|divider|op_6~18|cin                      ;
;   15.325 ;   0.050 ; RR ; CELL ; 1      ; LABCELL_X24_Y21_N12        ; emu|spath|stub|u_h264_dequant4x4|Mod0|auto_generated|divider|divider|op_6~18|cout                     ;
;   15.325 ;   0.000 ; RR ; IC   ; 1      ; LABCELL_X24_Y21_N15        ; emu|spath|stub|u_h264_dequant4x4|Mod0|auto_generated|divider|divider|op_6~1|cin                       ;
;   15.479 ;   0.154 ; RF ; CELL ; 7      ; LABCELL_X24_Y21_N15        ; emu|spath|stub|u_h264_dequant4x4|Mod0|auto_generated|divider|divider|op_6~1|sumout                    ;
;   16.336 ;   0.857 ; FF ; IC   ; 1      ; LABCELL_X23_Y20_N3         ; emu|spath|stub|u_h264_dequant4x4|Mod0|auto_generated|divider|divider|StageOut[22]~4|datac             ;
;   16.822 ;   0.486 ; FF ; CELL ; 42     ; LABCELL_X23_Y20_N3         ; emu|spath|stub|u_h264_dequant4x4|Mod0|auto_generated|divider|divider|StageOut[22]~4|combout           ;
;   17.877 ;   1.055 ; FF ; IC   ; 1      ; LABCELL_X23_Y18_N45        ; emu|spath|stub|u_h264_dequant4x4|ShiftLeft2~17|datad                                                  ;
;   18.385 ;   0.508 ; FF ; CELL ; 1      ; LABCELL_X23_Y18_N45        ; emu|spath|stub|u_h264_dequant4x4|ShiftLeft2~17|combout                                                ;
;   18.606 ;   0.221 ; FF ; IC   ; 1      ; LABCELL_X23_Y18_N57        ; emu|spath|stub|u_h264_dequant4x4|ShiftLeft2~18|datad                                                  ;
;   18.989 ;   0.383 ; FF ; CELL ; 4      ; LABCELL_X23_Y18_N57        ; emu|spath|stub|u_h264_dequant4x4|ShiftLeft2~18|combout                                                ;
;   20.865 ;   1.876 ; FF ; IC   ; 22     ; DSP_X32_Y4_N0              ; emu|spath|stub|u_h264_dequant4x4|Mult7~8|ay[14]                                                       ;
;   24.803 ;   3.938 ; FF ; CELL ; 1      ; DSP_X32_Y4_N0              ; emu|spath|stub|u_h264_dequant4x4|Mult7~8|resulta[25]                                                  ;
;   26.062 ;   1.259 ; FF ; IC   ; 6      ; DSP_X32_Y2_N0              ; emu|spath|stub|u_h264_dequant4x4|Mult7~mult_hlmac|by[7]                                               ;
;   28.601 ;   2.539 ; FF ; CELL ; 1      ; DSP_X32_Y2_N0              ; emu|spath|stub|u_h264_dequant4x4|Mult7~mult_hlmac|resulta[0]                                          ;
;   29.598 ;   0.997 ; FF ; IC   ; 2      ; LABCELL_X31_Y6_N39         ; emu|spath|stub|u_h264_dequant4x4|Add8~57|datad                                                        ;
;   30.506 ;   0.908 ; FF ; CELL ; 3      ; LABCELL_X31_Y6_N39         ; emu|spath|stub|u_h264_dequant4x4|Add8~57|sumout                                                       ;
;   32.331 ;   1.825 ; FF ; IC   ; 2      ; LABCELL_X18_Y9_N39         ; emu|spath|stub|u_h264_idct4x4|Add7~25|datad                                                           ;
;   33.076 ;   0.745 ; FR ; CELL ; 1      ; LABCELL_X18_Y9_N39         ; emu|spath|stub|u_h264_idct4x4|Add7~25|cout                                                            ;
;   33.076 ;   0.000 ; RR ; IC   ; 2      ; LABCELL_X18_Y9_N42         ; emu|spath|stub|u_h264_idct4x4|Add7~29|cin                                                             ;
;   33.431 ;   0.355 ; RF ; CELL ; 2      ; LABCELL_X18_Y9_N42         ; emu|spath|stub|u_h264_idct4x4|Add7~29|sumout                                                          ;
;   34.443 ;   1.012 ; FF ; IC   ; 2      ; LABCELL_X19_Y10_N9         ; emu|spath|stub|u_h264_idct4x4|Add22~29|datac                                                          ;
;   35.251 ;   0.808 ; FF ; CELL ; 1      ; LABCELL_X19_Y10_N9         ; emu|spath|stub|u_h264_idct4x4|Add22~29|cout                                                           ;
;   35.251 ;   0.000 ; FF ; IC   ; 2      ; LABCELL_X19_Y10_N12        ; emu|spath|stub|u_h264_idct4x4|Add22~37|cin                                                            ;
;   35.617 ;   0.366 ; FF ; CELL ; 2      ; LABCELL_X19_Y10_N12        ; emu|spath|stub|u_h264_idct4x4|Add22~37|sumout                                                         ;
;   36.468 ;   0.851 ; FF ; IC   ; 2      ; LABCELL_X19_Y13_N12        ; emu|spath|stub|u_h264_idct4x4|Add40~29|datac                                                          ;
;   37.305 ;   0.837 ; FF ; CELL ; 1      ; LABCELL_X19_Y13_N12        ; emu|spath|stub|u_h264_idct4x4|Add40~29|cout                                                           ;
;   37.305 ;   0.000 ; FF ; IC   ; 2      ; LABCELL_X19_Y13_N15        ; emu|spath|stub|u_h264_idct4x4|Add40~37|cin                                                            ;
;   37.305 ;   0.000 ; FF ; CELL ; 1      ; LABCELL_X19_Y13_N15        ; emu|spath|stub|u_h264_idct4x4|Add40~37|cout                                                           ;
;   37.305 ;   0.000 ; FF ; IC   ; 2      ; LABCELL_X19_Y13_N18        ; emu|spath|stub|u_h264_idct4x4|Add40~53|cin                                                            ;
;   37.660 ;   0.355 ; FF ; CELL ; 2      ; LABCELL_X19_Y13_N18        ; emu|spath|stub|u_h264_idct4x4|Add40~53|sumout                                                         ;
;   39.029 ;   1.369 ; FF ; IC   ; 2      ; LABCELL_X18_Y17_N18        ; emu|spath|stub|u_h264_idct4x4|Add53~57|datab                                                          ;
;   40.167 ;   1.138 ; FF ; CELL ; 2      ; LABCELL_X18_Y17_N18        ; emu|spath|stub|u_h264_idct4x4|Add53~57|sumout                                                         ;
;   41.359 ;   1.192 ; FF ; IC   ; 2      ; LABCELL_X19_Y16_N9         ; emu|spath|stub|u_h264_recon4x4|Add1~29|datad                                                          ;
;   42.028 ;   0.669 ; FF ; CELL ; 1      ; LABCELL_X19_Y16_N9         ; emu|spath|stub|u_h264_recon4x4|Add1~29|cout                                                           ;
;   42.028 ;   0.000 ; FF ; IC   ; 2      ; LABCELL_X19_Y16_N12        ; emu|spath|stub|u_h264_recon4x4|Add1~33|cin                                                            ;
;   42.400 ;   0.372 ; FR ; CELL ; 2      ; LABCELL_X19_Y16_N12        ; emu|spath|stub|u_h264_recon4x4|Add1~33|sumout                                                         ;
;   42.631 ;   0.231 ; RR ; IC   ; 1      ; LABCELL_X19_Y16_N39        ; emu|spath|stub|u_h264_recon4x4|recon[1][7]~92|datab                                                   ;
;   43.184 ;   0.553 ; RF ; CELL ; 1      ; LABCELL_X19_Y16_N39        ; emu|spath|stub|u_h264_recon4x4|recon[1][7]~92|combout                                                 ;
;   43.414 ;   0.230 ; FF ; IC   ; 1      ; LABCELL_X19_Y16_N48        ; emu|spath|stub|u_h264_recon4x4|recon[1][7]~0|datad                                                    ;
;   43.926 ;   0.512 ; FF ; CELL ; 10     ; LABCELL_X19_Y16_N48        ; emu|spath|stub|u_h264_recon4x4|recon[1][7]~0|combout                                                  ;
;   44.847 ;   0.921 ; FF ; IC   ; 1      ; LABCELL_X22_Y14_N42        ; emu|spath|stub|recon_dbg_comb[5]~181|datac                                                            ;
;   45.357 ;   0.510 ; FF ; CELL ; 1      ; LABCELL_X22_Y14_N42        ; emu|spath|stub|recon_dbg_comb[5]~181|combout                                                          ;
;   45.580 ;   0.223 ; FF ; IC   ; 1      ; LABCELL_X22_Y14_N0         ; emu|spath|stub|recon_dbg_comb[5]~246|datad                                                            ;
;   46.090 ;   0.510 ; FF ; CELL ; 1      ; LABCELL_X22_Y14_N0         ; emu|spath|stub|recon_dbg_comb[5]~246|combout                                                          ;
;   46.344 ;   0.254 ; FF ; IC   ; 1      ; LABCELL_X22_Y14_N54        ; emu|spath|stub|recon_dbg_comb[5]~254|datae                                                            ;
;   46.565 ;   0.221 ; FF ; CELL ; 1      ; LABCELL_X22_Y14_N54        ; emu|spath|stub|recon_dbg_comb[5]~254|combout                                                          ;
;   46.857 ;   0.292 ; FF ; IC   ; 1      ; LABCELL_X23_Y14_N12        ; emu|spath|stub|recon_dbg_comb[5]~208|dataa                                                            ;
;   47.422 ;   0.565 ; FR ; CELL ; 1      ; LABCELL_X23_Y14_N12        ; emu|spath|stub|recon_dbg_comb[5]~208|combout                                                          ;
;   47.422 ;   0.000 ; RR ; IC   ; 1      ; FF_X23_Y14_N13             ; emu|spath|stub|recon_dbg[5]|d                                                                         ;
;   47.682 ;   0.260 ; RR ; CELL ; 1      ; FF_X23_Y14_N13             ; emu:emu|stream_path:spath|decode_stub:stub|recon_dbg[5]                                               ;
+----------+---------+----+------+--------+----------------------------+-------------------------------------------------------------------------------------------------------+

+----------------------------------------------------------------------------------------------------------------------------------------------------+
; Data Required Path                                                                                                                                 ;
+----------+----------+----+------+--------+----------------------------+----------------------------------------------------------------------------+
; Total    ; Incr     ; RF ; Type ; Fanout ; Location                   ; Element                                                                    ;
+----------+----------+----+------+--------+----------------------------+----------------------------------------------------------------------------+
; 50.000   ; 50.000   ;    ;      ;        ;                            ; latch edge time                                                            ;
; 57.963   ; 7.963    ;    ;      ;        ;                            ; clock path                                                                 ;
;   50.000 ;   0.000  ;    ;      ;        ;                            ; source latency                                                             ;
;   50.000 ;   0.000  ;    ;      ; 1      ; PIN_Y13                    ; FPGA_CLK2_50                                                               ;
;   50.000 ;   0.000  ; RR ; IC   ; 1      ; IOIBUF_X56_Y0_N1           ; FPGA_CLK2_50~input|i                                                       ;
;   50.761 ;   0.761  ; RR ; CELL ; 2      ; IOIBUF_X56_Y0_N1           ; FPGA_CLK2_50~input|o                                                       ;
;   51.932 ;   1.171  ; RR ; IC   ; 1      ; PLLREFCLKSELECT_X89_Y7_N0  ; emu|pll|pll_inst|altera_pll_i|general[0].gpll~PLL_REFCLK_SELECT|clkin[0]   ;
;   52.240 ;   0.308  ; RR ; CELL ; 1      ; PLLREFCLKSELECT_X89_Y7_N0  ; emu|pll|pll_inst|altera_pll_i|general[0].gpll~PLL_REFCLK_SELECT|clkout     ;
;   52.240 ;   0.000  ; RR ; IC   ; 10     ; FRACTIONALPLL_X89_Y1_N0    ; emu|pll|pll_inst|altera_pll_i|general[0].gpll~FRACTIONAL_PLL|refclkin      ;
;   52.020 ;   -0.220 ; RR ; COMP ; 2      ; FRACTIONALPLL_X89_Y1_N0    ; emu|pll|pll_inst|altera_pll_i|general[0].gpll~FRACTIONAL_PLL|vcoph[0]      ;
;   52.020 ;   0.000  ; RR ; IC   ; 1      ; PLLOUTPUTCOUNTER_X89_Y5_N1 ; emu|pll|pll_inst|altera_pll_i|general[0].gpll~PLL_OUTPUT_COUNTER|vco0ph[0] ;
;   53.486 ;   1.466  ; RR ; CELL ; 3      ; PLLOUTPUTCOUNTER_X89_Y5_N1 ; emu|pll|pll_inst|altera_pll_i|general[0].gpll~PLL_OUTPUT_COUNTER|divclk    ;
;   54.393 ;   0.907  ; RR ; IC   ; 1      ; CLKCTRL_G4                 ; emu|pll|pll_inst|altera_pll_i|outclk_wire[0]~CLKENA0|inclk                 ;
;   54.672 ;   0.279  ; RR ; CELL ; 7784   ; CLKCTRL_G4                 ; emu|pll|pll_inst|altera_pll_i|outclk_wire[0]~CLKENA0|outclk                ;
;   56.515 ;   1.843  ; RR ; IC   ; 1      ; FF_X23_Y14_N13             ; emu|spath|stub|recon_dbg[5]|clk                                            ;
;   57.003 ;   0.488  ; RR ; CELL ; 1      ; FF_X23_Y14_N13             ; emu:emu|stream_path:spath|decode_stub:stub|recon_dbg[5]                    ;
;   57.963 ;   0.960  ;    ;      ;        ;                            ; clock pessimism removed                                                    ;
; 57.833   ; -0.130   ;    ;      ;        ;                            ; clock uncertainty                                                          ;
; 57.833   ; 0.000    ;    ; uTsu ; 1      ; FF_X23_Y14_N13             ; emu:emu|stream_path:spath|decode_stub:stub|recon_dbg[5]                    ;
+----------+----------+----+------+--------+----------------------------+----------------------------------------------------------------------------+

----------------------------
; Extra Fitter Information ;
----------------------------
HTML report is unavailable in plain text report export.


Path #3: Setup slack is 10.151 
===============================================================================
+----------------------------------------------------------------------------------------------+
; Path Summary                                                                                 ;
+--------------------+-------------------------------------------------------------------------+
; Property           ; Value                                                                   ;
+--------------------+-------------------------------------------------------------------------+
; From Node          ; emu:emu|stream_path:spath|decode_stub:stub|lat_qp[4]                    ;
; To Node            ; emu:emu|stream_path:spath|decode_stub:stub|recon_dbg[5]                 ;
; Launch Clock       ; emu|pll|pll_inst|altera_pll_i|general[0].gpll~PLL_OUTPUT_COUNTER|divclk ;
; Latch Clock        ; emu|pll|pll_inst|altera_pll_i|general[0].gpll~PLL_OUTPUT_COUNTER|divclk ;
; Data Arrival Time  ; 47.682                                                                  ;
; Data Required Time ; 57.833                                                                  ;
; Slack              ; 10.151                                                                  ;
+--------------------+-------------------------------------------------------------------------+

+--------------------------------------------------------------------------------------+
; Statistics                                                                           ;
+------------------------+--------+-------+-------------+------------+--------+--------+
; Property               ; Value  ; Count ; Total Delay ; % of Total ; Min    ; Max    ;
+------------------------+--------+-------+-------------+------------+--------+--------+
; Setup Relationship     ; 50.000 ;       ;             ;            ;        ;        ;
; Clock Skew             ; -0.492 ;       ;             ;            ;        ;        ;
; Data Delay             ; 39.227 ;       ;             ;            ;        ;        ;
; Number of Logic Levels ;        ; 22    ;             ;            ;        ;        ;
; Physical Delays        ;        ;       ;             ;            ;        ;        ;
;  Arrival Path          ;        ;       ;             ;            ;        ;        ;
;   Clock                ;        ;       ;             ;            ;        ;        ;
;    IC                  ;        ; 6     ; 4.635       ; 55         ; 0.000  ; 2.262  ;
;    Cell                ;        ; 6     ; 3.820       ; 45         ; 0.116  ; 1.745  ;
;   Data                 ;        ;       ;             ;            ;        ;        ;
;    IC                  ;        ; 35    ; 16.186      ; 41         ; 0.000  ; 1.876  ;
;    Cell                ;        ; 36    ; 23.041      ; 59         ; 0.000  ; 3.938  ;
;    uTco                ;        ; 1     ; 0.000       ; 0          ; 0.000  ; 0.000  ;
;  Required Path         ;        ;       ;             ;            ;        ;        ;
;   Clock                ;        ;       ;             ;            ;        ;        ;
;    IC                  ;        ; 6     ; 3.921       ; 54         ; 0.000  ; 1.843  ;
;    Cell                ;        ; 5     ; 3.302       ; 46         ; 0.279  ; 1.466  ;
;    PLL Compensation    ;        ; 1     ; -0.220      ; 0          ; -0.220 ; -0.220 ;
+------------------------+--------+-------+-------------+------------+--------+--------+
Note: Negative delays are omitted from totals when calculating percentages

+------------------------------------------------------------------------------------------------------------------------------------------------------------------------------+
; Data Arrival Path                                                                                                                                                            ;
+----------+---------+----+------+--------+----------------------------+-------------------------------------------------------------------------------------------------------+
; Total    ; Incr    ; RF ; Type ; Fanout ; Location                   ; Element                                                                                               ;
+----------+---------+----+------+--------+----------------------------+-------------------------------------------------------------------------------------------------------+
; 0.000    ; 0.000   ;    ;      ;        ;                            ; launch edge time                                                                                      ;
; 8.455    ; 8.455   ;    ;      ;        ;                            ; clock path                                                                                            ;
;   0.000  ;   0.000 ;    ;      ;        ;                            ; source latency                                                                                        ;
;   0.000  ;   0.000 ;    ;      ; 1      ; PIN_Y13                    ; FPGA_CLK2_50                                                                                          ;
;   0.000  ;   0.000 ; RR ; IC   ; 1      ; IOIBUF_X56_Y0_N1           ; FPGA_CLK2_50~input|i                                                                                  ;
;   0.761  ;   0.761 ; RR ; CELL ; 2      ; IOIBUF_X56_Y0_N1           ; FPGA_CLK2_50~input|o                                                                                  ;
;   2.096  ;   1.335 ; RR ; IC   ; 1      ; PLLREFCLKSELECT_X89_Y7_N0  ; emu|pll|pll_inst|altera_pll_i|general[0].gpll~PLL_REFCLK_SELECT|clkin[0]                              ;
;   2.429  ;   0.333 ; RR ; CELL ; 1      ; PLLREFCLKSELECT_X89_Y7_N0  ; emu|pll|pll_inst|altera_pll_i|general[0].gpll~PLL_REFCLK_SELECT|clkout                                ;
;   2.429  ;   0.000 ; RR ; IC   ; 10     ; FRACTIONALPLL_X89_Y1_N0    ; emu|pll|pll_inst|altera_pll_i|general[0].gpll~FRACTIONAL_PLL|refclkin                                 ;
;   2.545  ;   0.116 ; RR ; CELL ; 2      ; FRACTIONALPLL_X89_Y1_N0    ; emu|pll|pll_inst|altera_pll_i|general[0].gpll~FRACTIONAL_PLL|vcoph[0]                                 ;
;   2.545  ;   0.000 ; RR ; IC   ; 1      ; PLLOUTPUTCOUNTER_X89_Y5_N1 ; emu|pll|pll_inst|altera_pll_i|general[0].gpll~PLL_OUTPUT_COUNTER|vco0ph[0]                            ;
;   4.290  ;   1.745 ; RR ; CELL ; 3      ; PLLOUTPUTCOUNTER_X89_Y5_N1 ; emu|pll|pll_inst|altera_pll_i|general[0].gpll~PLL_OUTPUT_COUNTER|divclk                               ;
;   5.328  ;   1.038 ; RR ; IC   ; 1      ; CLKCTRL_G4                 ; emu|pll|pll_inst|altera_pll_i|outclk_wire[0]~CLKENA0|inclk                                            ;
;   5.632  ;   0.304 ; RR ; CELL ; 7784   ; CLKCTRL_G4                 ; emu|pll|pll_inst|altera_pll_i|outclk_wire[0]~CLKENA0|outclk                                           ;
;   7.894  ;   2.262 ; RR ; IC   ; 1      ; FF_X25_Y21_N50             ; emu|spath|stub|lat_qp[4]|clk                                                                          ;
;   8.455  ;   0.561 ; RR ; CELL ; 1      ; FF_X25_Y21_N50             ; emu:emu|stream_path:spath|decode_stub:stub|lat_qp[4]                                                  ;
; 47.682   ; 39.227  ;    ;      ;        ;                            ; data path                                                                                             ;
;   8.455  ;   0.000 ;    ; uTco ; 1      ; FF_X25_Y21_N50             ; emu:emu|stream_path:spath|decode_stub:stub|lat_qp[4]                                                  ;
;   8.455  ;   0.000 ; RR ; CELL ; 4      ; FF_X25_Y21_N50             ; emu|spath|stub|lat_qp[4]|q                                                                            ;
;   8.753  ;   0.298 ; RR ; IC   ; 2      ; MLABCELL_X25_Y21_N3        ; emu|spath|stub|u_h264_dequant4x4|Mod0|auto_generated|divider|divider|add_sub_2_result_int[1]~9|dataa  ;
;   10.004 ;   1.251 ; RR ; CELL ; 1      ; MLABCELL_X25_Y21_N3        ; emu|spath|stub|u_h264_dequant4x4|Mod0|auto_generated|divider|divider|add_sub_2_result_int[1]~9|sumout ;
;   10.221 ;   0.217 ; RR ; IC   ; 1      ; MLABCELL_X25_Y21_N57       ; emu|spath|stub|u_h264_dequant4x4|Mod0|auto_generated|divider|divider|StageOut[9]~9|dataa              ;
;   10.807 ;   0.586 ; RR ; CELL ; 2      ; MLABCELL_X25_Y21_N57       ; emu|spath|stub|u_h264_dequant4x4|Mod0|auto_generated|divider|divider|StageOut[9]~9|combout            ;
;   11.344 ;   0.537 ; RR ; IC   ; 2      ; LABCELL_X24_Y21_N51        ; emu|spath|stub|u_h264_dequant4x4|Mod0|auto_generated|divider|divider|op_4~21|datac                    ;
;   12.193 ;   0.849 ; RR ; CELL ; 1      ; LABCELL_X24_Y21_N51        ; emu|spath|stub|u_h264_dequant4x4|Mod0|auto_generated|divider|divider|op_4~21|cout                     ;
;   12.193 ;   0.000 ; RR ; IC   ; 1      ; LABCELL_X24_Y21_N54        ; emu|spath|stub|u_h264_dequant4x4|Mod0|auto_generated|divider|divider|op_4~10|cin                      ;
;   12.239 ;   0.046 ; RR ; CELL ; 1      ; LABCELL_X24_Y21_N54        ; emu|spath|stub|u_h264_dequant4x4|Mod0|auto_generated|divider|divider|op_4~10|cout                     ;
;   12.239 ;   0.000 ; RR ; IC   ; 1      ; LABCELL_X24_Y21_N57        ; emu|spath|stub|u_h264_dequant4x4|Mod0|auto_generated|divider|divider|op_4~1|cin                       ;
;   12.393 ;   0.154 ; RR ; CELL ; 6      ; LABCELL_X24_Y21_N57        ; emu|spath|stub|u_h264_dequant4x4|Mod0|auto_generated|divider|divider|op_4~1|sumout                    ;
;   12.613 ;   0.220 ; RR ; IC   ; 2      ; LABCELL_X24_Y21_N27        ; emu|spath|stub|u_h264_dequant4x4|Mod0|auto_generated|divider|divider|op_5~21|datab                    ;
;   13.690 ;   1.077 ; RR ; CELL ; 1      ; LABCELL_X24_Y21_N27        ; emu|spath|stub|u_h264_dequant4x4|Mod0|auto_generated|divider|divider|op_5~21|cout                     ;
;   13.690 ;   0.000 ; RR ; IC   ; 1      ; LABCELL_X24_Y21_N30        ; emu|spath|stub|u_h264_dequant4x4|Mod0|auto_generated|divider|divider|op_5~14|cin                      ;
;   13.790 ;   0.100 ; RR ; CELL ; 1      ; LABCELL_X24_Y21_N30        ; emu|spath|stub|u_h264_dequant4x4|Mod0|auto_generated|divider|divider|op_5~14|cout                     ;
;   13.790 ;   0.000 ; RR ; IC   ; 1      ; LABCELL_X24_Y21_N33        ; emu|spath|stub|u_h264_dequant4x4|Mod0|auto_generated|divider|divider|op_5~1|cin                       ;
;   13.944 ;   0.154 ; RR ; CELL ; 7      ; LABCELL_X24_Y21_N33        ; emu|spath|stub|u_h264_dequant4x4|Mod0|auto_generated|divider|divider|op_5~1|sumout                    ;
;   14.193 ;   0.249 ; RR ; IC   ; 2      ; LABCELL_X24_Y21_N6         ; emu|spath|stub|u_h264_dequant4x4|Mod0|auto_generated|divider|divider|op_6~9|dataa                     ;
;   15.275 ;   1.082 ; RR ; CELL ; 1      ; LABCELL_X24_Y21_N6         ; emu|spath|stub|u_h264_dequant4x4|Mod0|auto_generated|divider|divider|op_6~9|cout                      ;
;   15.275 ;   0.000 ; RR ; IC   ; 2      ; LABCELL_X24_Y21_N9         ; emu|spath|stub|u_h264_dequant4x4|Mod0|auto_generated|divider|divider|op_6~13|cin                      ;
;   15.275 ;   0.000 ; RR ; CELL ; 1      ; LABCELL_X24_Y21_N9         ; emu|spath|stub|u_h264_dequant4x4|Mod0|auto_generated|divider|divider|op_6~13|cout                     ;
;   15.275 ;   0.000 ; RR ; IC   ; 1      ; LABCELL_X24_Y21_N12        ; emu|spath|stub|u_h264_dequant4x4|Mod0|auto_generated|divider|divider|op_6~18|cin                      ;
;   15.325 ;   0.050 ; RR ; CELL ; 1      ; LABCELL_X24_Y21_N12        ; emu|spath|stub|u_h264_dequant4x4|Mod0|auto_generated|divider|divider|op_6~18|cout                     ;
;   15.325 ;   0.000 ; RR ; IC   ; 1      ; LABCELL_X24_Y21_N15        ; emu|spath|stub|u_h264_dequant4x4|Mod0|auto_generated|divider|divider|op_6~1|cin                       ;
;   15.479 ;   0.154 ; RF ; CELL ; 7      ; LABCELL_X24_Y21_N15        ; emu|spath|stub|u_h264_dequant4x4|Mod0|auto_generated|divider|divider|op_6~1|sumout                    ;
;   16.336 ;   0.857 ; FF ; IC   ; 1      ; LABCELL_X23_Y20_N3         ; emu|spath|stub|u_h264_dequant4x4|Mod0|auto_generated|divider|divider|StageOut[22]~4|datac             ;
;   16.822 ;   0.486 ; FF ; CELL ; 42     ; LABCELL_X23_Y20_N3         ; emu|spath|stub|u_h264_dequant4x4|Mod0|auto_generated|divider|divider|StageOut[22]~4|combout           ;
;   17.877 ;   1.055 ; FF ; IC   ; 1      ; LABCELL_X23_Y18_N45        ; emu|spath|stub|u_h264_dequant4x4|ShiftLeft2~17|datad                                                  ;
;   18.385 ;   0.508 ; FF ; CELL ; 1      ; LABCELL_X23_Y18_N45        ; emu|spath|stub|u_h264_dequant4x4|ShiftLeft2~17|combout                                                ;
;   18.606 ;   0.221 ; FF ; IC   ; 1      ; LABCELL_X23_Y18_N57        ; emu|spath|stub|u_h264_dequant4x4|ShiftLeft2~18|datad                                                  ;
;   18.989 ;   0.383 ; FF ; CELL ; 4      ; LABCELL_X23_Y18_N57        ; emu|spath|stub|u_h264_dequant4x4|ShiftLeft2~18|combout                                                ;
;   20.865 ;   1.876 ; FF ; IC   ; 22     ; DSP_X32_Y4_N0              ; emu|spath|stub|u_h264_dequant4x4|Mult7~8|ay[14]                                                       ;
;   24.803 ;   3.938 ; FF ; CELL ; 1      ; DSP_X32_Y4_N0              ; emu|spath|stub|u_h264_dequant4x4|Mult7~8|resulta[25]                                                  ;
;   26.062 ;   1.259 ; FF ; IC   ; 6      ; DSP_X32_Y2_N0              ; emu|spath|stub|u_h264_dequant4x4|Mult7~mult_hlmac|by[7]                                               ;
;   28.601 ;   2.539 ; FF ; CELL ; 1      ; DSP_X32_Y2_N0              ; emu|spath|stub|u_h264_dequant4x4|Mult7~mult_hlmac|resulta[0]                                          ;
;   29.598 ;   0.997 ; FF ; IC   ; 2      ; LABCELL_X31_Y6_N39         ; emu|spath|stub|u_h264_dequant4x4|Add8~57|datad                                                        ;
;   30.506 ;   0.908 ; FF ; CELL ; 3      ; LABCELL_X31_Y6_N39         ; emu|spath|stub|u_h264_dequant4x4|Add8~57|sumout                                                       ;
;   32.331 ;   1.825 ; FF ; IC   ; 2      ; LABCELL_X18_Y9_N39         ; emu|spath|stub|u_h264_idct4x4|Add7~25|datad                                                           ;
;   33.076 ;   0.745 ; FR ; CELL ; 1      ; LABCELL_X18_Y9_N39         ; emu|spath|stub|u_h264_idct4x4|Add7~25|cout                                                            ;
;   33.076 ;   0.000 ; RR ; IC   ; 2      ; LABCELL_X18_Y9_N42         ; emu|spath|stub|u_h264_idct4x4|Add7~29|cin                                                             ;
;   33.431 ;   0.355 ; RF ; CELL ; 2      ; LABCELL_X18_Y9_N42         ; emu|spath|stub|u_h264_idct4x4|Add7~29|sumout                                                          ;
;   34.443 ;   1.012 ; FF ; IC   ; 2      ; LABCELL_X19_Y10_N9         ; emu|spath|stub|u_h264_idct4x4|Add22~29|datac                                                          ;
;   35.251 ;   0.808 ; FF ; CELL ; 1      ; LABCELL_X19_Y10_N9         ; emu|spath|stub|u_h264_idct4x4|Add22~29|cout                                                           ;
;   35.251 ;   0.000 ; FF ; IC   ; 2      ; LABCELL_X19_Y10_N12        ; emu|spath|stub|u_h264_idct4x4|Add22~37|cin                                                            ;
;   35.617 ;   0.366 ; FF ; CELL ; 2      ; LABCELL_X19_Y10_N12        ; emu|spath|stub|u_h264_idct4x4|Add22~37|sumout                                                         ;
;   36.468 ;   0.851 ; FF ; IC   ; 2      ; LABCELL_X19_Y13_N12        ; emu|spath|stub|u_h264_idct4x4|Add40~29|datac                                                          ;
;   37.305 ;   0.837 ; FF ; CELL ; 1      ; LABCELL_X19_Y13_N12        ; emu|spath|stub|u_h264_idct4x4|Add40~29|cout                                                           ;
;   37.305 ;   0.000 ; FF ; IC   ; 2      ; LABCELL_X19_Y13_N15        ; emu|spath|stub|u_h264_idct4x4|Add40~37|cin                                                            ;
;   37.305 ;   0.000 ; FF ; CELL ; 1      ; LABCELL_X19_Y13_N15        ; emu|spath|stub|u_h264_idct4x4|Add40~37|cout                                                           ;
;   37.305 ;   0.000 ; FF ; IC   ; 2      ; LABCELL_X19_Y13_N18        ; emu|spath|stub|u_h264_idct4x4|Add40~53|cin                                                            ;
;   37.660 ;   0.355 ; FF ; CELL ; 2      ; LABCELL_X19_Y13_N18        ; emu|spath|stub|u_h264_idct4x4|Add40~53|sumout                                                         ;
;   39.029 ;   1.369 ; FF ; IC   ; 2      ; LABCELL_X18_Y17_N18        ; emu|spath|stub|u_h264_idct4x4|Add53~57|datab                                                          ;
;   40.167 ;   1.138 ; FF ; CELL ; 2      ; LABCELL_X18_Y17_N18        ; emu|spath|stub|u_h264_idct4x4|Add53~57|sumout                                                         ;
;   41.359 ;   1.192 ; FF ; IC   ; 2      ; LABCELL_X19_Y16_N9         ; emu|spath|stub|u_h264_recon4x4|Add1~29|datad                                                          ;
;   42.028 ;   0.669 ; FF ; CELL ; 1      ; LABCELL_X19_Y16_N9         ; emu|spath|stub|u_h264_recon4x4|Add1~29|cout                                                           ;
;   42.028 ;   0.000 ; FF ; IC   ; 2      ; LABCELL_X19_Y16_N12        ; emu|spath|stub|u_h264_recon4x4|Add1~33|cin                                                            ;
;   42.400 ;   0.372 ; FR ; CELL ; 2      ; LABCELL_X19_Y16_N12        ; emu|spath|stub|u_h264_recon4x4|Add1~33|sumout                                                         ;
;   42.631 ;   0.231 ; RR ; IC   ; 1      ; LABCELL_X19_Y16_N39        ; emu|spath|stub|u_h264_recon4x4|recon[1][7]~92|datab                                                   ;
;   43.184 ;   0.553 ; RF ; CELL ; 1      ; LABCELL_X19_Y16_N39        ; emu|spath|stub|u_h264_recon4x4|recon[1][7]~92|combout                                                 ;
;   43.414 ;   0.230 ; FF ; IC   ; 1      ; LABCELL_X19_Y16_N48        ; emu|spath|stub|u_h264_recon4x4|recon[1][7]~0|datad                                                    ;
;   43.926 ;   0.512 ; FF ; CELL ; 10     ; LABCELL_X19_Y16_N48        ; emu|spath|stub|u_h264_recon4x4|recon[1][7]~0|combout                                                  ;
;   44.847 ;   0.921 ; FF ; IC   ; 1      ; LABCELL_X22_Y14_N42        ; emu|spath|stub|recon_dbg_comb[5]~181|datac                                                            ;
;   45.357 ;   0.510 ; FF ; CELL ; 1      ; LABCELL_X22_Y14_N42        ; emu|spath|stub|recon_dbg_comb[5]~181|combout                                                          ;
;   45.580 ;   0.223 ; FF ; IC   ; 1      ; LABCELL_X22_Y14_N0         ; emu|spath|stub|recon_dbg_comb[5]~246|datad                                                            ;
;   46.090 ;   0.510 ; FF ; CELL ; 1      ; LABCELL_X22_Y14_N0         ; emu|spath|stub|recon_dbg_comb[5]~246|combout                                                          ;
;   46.344 ;   0.254 ; FF ; IC   ; 1      ; LABCELL_X22_Y14_N54        ; emu|spath|stub|recon_dbg_comb[5]~254|datae                                                            ;
;   46.565 ;   0.221 ; FF ; CELL ; 1      ; LABCELL_X22_Y14_N54        ; emu|spath|stub|recon_dbg_comb[5]~254|combout                                                          ;
;   46.857 ;   0.292 ; FF ; IC   ; 1      ; LABCELL_X23_Y14_N12        ; emu|spath|stub|recon_dbg_comb[5]~208|dataa                                                            ;
;   47.422 ;   0.565 ; FR ; CELL ; 1      ; LABCELL_X23_Y14_N12        ; emu|spath|stub|recon_dbg_comb[5]~208|combout                                                          ;
;   47.422 ;   0.000 ; RR ; IC   ; 1      ; FF_X23_Y14_N13             ; emu|spath|stub|recon_dbg[5]|d                                                                         ;
;   47.682 ;   0.260 ; RR ; CELL ; 1      ; FF_X23_Y14_N13             ; emu:emu|stream_path:spath|decode_stub:stub|recon_dbg[5]                                               ;
+----------+---------+----+------+--------+----------------------------+-------------------------------------------------------------------------------------------------------+

+----------------------------------------------------------------------------------------------------------------------------------------------------+
; Data Required Path                                                                                                                                 ;
+----------+----------+----+------+--------+----------------------------+----------------------------------------------------------------------------+
; Total    ; Incr     ; RF ; Type ; Fanout ; Location                   ; Element                                                                    ;
+----------+----------+----+------+--------+----------------------------+----------------------------------------------------------------------------+
; 50.000   ; 50.000   ;    ;      ;        ;                            ; latch edge time                                                            ;
; 57.963   ; 7.963    ;    ;      ;        ;                            ; clock path                                                                 ;
;   50.000 ;   0.000  ;    ;      ;        ;                            ; source latency                                                             ;
;   50.000 ;   0.000  ;    ;      ; 1      ; PIN_Y13                    ; FPGA_CLK2_50                                                               ;
;   50.000 ;   0.000  ; RR ; IC   ; 1      ; IOIBUF_X56_Y0_N1           ; FPGA_CLK2_50~input|i                                                       ;
;   50.761 ;   0.761  ; RR ; CELL ; 2      ; IOIBUF_X56_Y0_N1           ; FPGA_CLK2_50~input|o                                                       ;
;   51.932 ;   1.171  ; RR ; IC   ; 1      ; PLLREFCLKSELECT_X89_Y7_N0  ; emu|pll|pll_inst|altera_pll_i|general[0].gpll~PLL_REFCLK_SELECT|clkin[0]   ;
;   52.240 ;   0.308  ; RR ; CELL ; 1      ; PLLREFCLKSELECT_X89_Y7_N0  ; emu|pll|pll_inst|altera_pll_i|general[0].gpll~PLL_REFCLK_SELECT|clkout     ;
;   52.240 ;   0.000  ; RR ; IC   ; 10     ; FRACTIONALPLL_X89_Y1_N0    ; emu|pll|pll_inst|altera_pll_i|general[0].gpll~FRACTIONAL_PLL|refclkin      ;
;   52.020 ;   -0.220 ; RR ; COMP ; 2      ; FRACTIONALPLL_X89_Y1_N0    ; emu|pll|pll_inst|altera_pll_i|general[0].gpll~FRACTIONAL_PLL|vcoph[0]      ;
;   52.020 ;   0.000  ; RR ; IC   ; 1      ; PLLOUTPUTCOUNTER_X89_Y5_N1 ; emu|pll|pll_inst|altera_pll_i|general[0].gpll~PLL_OUTPUT_COUNTER|vco0ph[0] ;
;   53.486 ;   1.466  ; RR ; CELL ; 3      ; PLLOUTPUTCOUNTER_X89_Y5_N1 ; emu|pll|pll_inst|altera_pll_i|general[0].gpll~PLL_OUTPUT_COUNTER|divclk    ;
;   54.393 ;   0.907  ; RR ; IC   ; 1      ; CLKCTRL_G4                 ; emu|pll|pll_inst|altera_pll_i|outclk_wire[0]~CLKENA0|inclk                 ;
;   54.672 ;   0.279  ; RR ; CELL ; 7784   ; CLKCTRL_G4                 ; emu|pll|pll_inst|altera_pll_i|outclk_wire[0]~CLKENA0|outclk                ;
;   56.515 ;   1.843  ; RR ; IC   ; 1      ; FF_X23_Y14_N13             ; emu|spath|stub|recon_dbg[5]|clk                                            ;
;   57.003 ;   0.488  ; RR ; CELL ; 1      ; FF_X23_Y14_N13             ; emu:emu|stream_path:spath|decode_stub:stub|recon_dbg[5]                    ;
;   57.963 ;   0.960  ;    ;      ;        ;                            ; clock pessimism removed                                                    ;
; 57.833   ; -0.130   ;    ;      ;        ;                            ; clock uncertainty                                                          ;
; 57.833   ; 0.000    ;    ; uTsu ; 1      ; FF_X23_Y14_N13             ; emu:emu|stream_path:spath|decode_stub:stub|recon_dbg[5]                    ;
+----------+----------+----+------+--------+----------------------------+----------------------------------------------------------------------------+

----------------------------
; Extra Fitter Information ;
----------------------------
HTML report is unavailable in plain text report export.


Path #4: Setup slack is 10.151 
===============================================================================
+----------------------------------------------------------------------------------------------+
; Path Summary                                                                                 ;
+--------------------+-------------------------------------------------------------------------+
; Property           ; Value                                                                   ;
+--------------------+-------------------------------------------------------------------------+
; From Node          ; emu:emu|stream_path:spath|decode_stub:stub|lat_qp[4]                    ;
; To Node            ; emu:emu|stream_path:spath|decode_stub:stub|recon_dbg[5]                 ;
; Launch Clock       ; emu|pll|pll_inst|altera_pll_i|general[0].gpll~PLL_OUTPUT_COUNTER|divclk ;
; Latch Clock        ; emu|pll|pll_inst|altera_pll_i|general[0].gpll~PLL_OUTPUT_COUNTER|divclk ;
; Data Arrival Time  ; 47.682                                                                  ;
; Data Required Time ; 57.833                                                                  ;
; Slack              ; 10.151                                                                  ;
+--------------------+-------------------------------------------------------------------------+

+--------------------------------------------------------------------------------------+
; Statistics                                                                           ;
+------------------------+--------+-------+-------------+------------+--------+--------+
; Property               ; Value  ; Count ; Total Delay ; % of Total ; Min    ; Max    ;
+------------------------+--------+-------+-------------+------------+--------+--------+
; Setup Relationship     ; 50.000 ;       ;             ;            ;        ;        ;
; Clock Skew             ; -0.492 ;       ;             ;            ;        ;        ;
; Data Delay             ; 39.227 ;       ;             ;            ;        ;        ;
; Number of Logic Levels ;        ; 22    ;             ;            ;        ;        ;
; Physical Delays        ;        ;       ;             ;            ;        ;        ;
;  Arrival Path          ;        ;       ;             ;            ;        ;        ;
;   Clock                ;        ;       ;             ;            ;        ;        ;
;    IC                  ;        ; 6     ; 4.635       ; 55         ; 0.000  ; 2.262  ;
;    Cell                ;        ; 6     ; 3.820       ; 45         ; 0.116  ; 1.745  ;
;   Data                 ;        ;       ;             ;            ;        ;        ;
;    IC                  ;        ; 34    ; 16.186      ; 41         ; 0.000  ; 1.876  ;
;    Cell                ;        ; 35    ; 23.041      ; 59         ; 0.000  ; 3.938  ;
;    uTco                ;        ; 1     ; 0.000       ; 0          ; 0.000  ; 0.000  ;
;  Required Path         ;        ;       ;             ;            ;        ;        ;
;   Clock                ;        ;       ;             ;            ;        ;        ;
;    IC                  ;        ; 6     ; 3.921       ; 54         ; 0.000  ; 1.843  ;
;    Cell                ;        ; 5     ; 3.302       ; 46         ; 0.279  ; 1.466  ;
;    PLL Compensation    ;        ; 1     ; -0.220      ; 0          ; -0.220 ; -0.220 ;
+------------------------+--------+-------+-------------+------------+--------+--------+
Note: Negative delays are omitted from totals when calculating percentages

+------------------------------------------------------------------------------------------------------------------------------------------------------------------------------+
; Data Arrival Path                                                                                                                                                            ;
+----------+---------+----+------+--------+----------------------------+-------------------------------------------------------------------------------------------------------+
; Total    ; Incr    ; RF ; Type ; Fanout ; Location                   ; Element                                                                                               ;
+----------+---------+----+------+--------+----------------------------+-------------------------------------------------------------------------------------------------------+
; 0.000    ; 0.000   ;    ;      ;        ;                            ; launch edge time                                                                                      ;
; 8.455    ; 8.455   ;    ;      ;        ;                            ; clock path                                                                                            ;
;   0.000  ;   0.000 ;    ;      ;        ;                            ; source latency                                                                                        ;
;   0.000  ;   0.000 ;    ;      ; 1      ; PIN_Y13                    ; FPGA_CLK2_50                                                                                          ;
;   0.000  ;   0.000 ; RR ; IC   ; 1      ; IOIBUF_X56_Y0_N1           ; FPGA_CLK2_50~input|i                                                                                  ;
;   0.761  ;   0.761 ; RR ; CELL ; 2      ; IOIBUF_X56_Y0_N1           ; FPGA_CLK2_50~input|o                                                                                  ;
;   2.096  ;   1.335 ; RR ; IC   ; 1      ; PLLREFCLKSELECT_X89_Y7_N0  ; emu|pll|pll_inst|altera_pll_i|general[0].gpll~PLL_REFCLK_SELECT|clkin[0]                              ;
;   2.429  ;   0.333 ; RR ; CELL ; 1      ; PLLREFCLKSELECT_X89_Y7_N0  ; emu|pll|pll_inst|altera_pll_i|general[0].gpll~PLL_REFCLK_SELECT|clkout                                ;
;   2.429  ;   0.000 ; RR ; IC   ; 10     ; FRACTIONALPLL_X89_Y1_N0    ; emu|pll|pll_inst|altera_pll_i|general[0].gpll~FRACTIONAL_PLL|refclkin                                 ;
;   2.545  ;   0.116 ; RR ; CELL ; 2      ; FRACTIONALPLL_X89_Y1_N0    ; emu|pll|pll_inst|altera_pll_i|general[0].gpll~FRACTIONAL_PLL|vcoph[0]                                 ;
;   2.545  ;   0.000 ; RR ; IC   ; 1      ; PLLOUTPUTCOUNTER_X89_Y5_N1 ; emu|pll|pll_inst|altera_pll_i|general[0].gpll~PLL_OUTPUT_COUNTER|vco0ph[0]                            ;
;   4.290  ;   1.745 ; RR ; CELL ; 3      ; PLLOUTPUTCOUNTER_X89_Y5_N1 ; emu|pll|pll_inst|altera_pll_i|general[0].gpll~PLL_OUTPUT_COUNTER|divclk                               ;
;   5.328  ;   1.038 ; RR ; IC   ; 1      ; CLKCTRL_G4                 ; emu|pll|pll_inst|altera_pll_i|outclk_wire[0]~CLKENA0|inclk                                            ;
;   5.632  ;   0.304 ; RR ; CELL ; 7784   ; CLKCTRL_G4                 ; emu|pll|pll_inst|altera_pll_i|outclk_wire[0]~CLKENA0|outclk                                           ;
;   7.894  ;   2.262 ; RR ; IC   ; 1      ; FF_X25_Y21_N50             ; emu|spath|stub|lat_qp[4]|clk                                                                          ;
;   8.455  ;   0.561 ; RR ; CELL ; 1      ; FF_X25_Y21_N50             ; emu:emu|stream_path:spath|decode_stub:stub|lat_qp[4]                                                  ;
; 47.682   ; 39.227  ;    ;      ;        ;                            ; data path                                                                                             ;
;   8.455  ;   0.000 ;    ; uTco ; 1      ; FF_X25_Y21_N50             ; emu:emu|stream_path:spath|decode_stub:stub|lat_qp[4]                                                  ;
;   8.455  ;   0.000 ; RR ; CELL ; 4      ; FF_X25_Y21_N50             ; emu|spath|stub|lat_qp[4]|q                                                                            ;
;   8.753  ;   0.298 ; RR ; IC   ; 2      ; MLABCELL_X25_Y21_N3        ; emu|spath|stub|u_h264_dequant4x4|Mod0|auto_generated|divider|divider|add_sub_2_result_int[1]~9|dataa  ;
;   10.004 ;   1.251 ; RR ; CELL ; 1      ; MLABCELL_X25_Y21_N3        ; emu|spath|stub|u_h264_dequant4x4|Mod0|auto_generated|divider|divider|add_sub_2_result_int[1]~9|sumout ;
;   10.221 ;   0.217 ; RR ; IC   ; 1      ; MLABCELL_X25_Y21_N57       ; emu|spath|stub|u_h264_dequant4x4|Mod0|auto_generated|divider|divider|StageOut[9]~9|dataa              ;
;   10.807 ;   0.586 ; RR ; CELL ; 2      ; MLABCELL_X25_Y21_N57       ; emu|spath|stub|u_h264_dequant4x4|Mod0|auto_generated|divider|divider|StageOut[9]~9|combout            ;
;   11.344 ;   0.537 ; RR ; IC   ; 2      ; LABCELL_X24_Y21_N51        ; emu|spath|stub|u_h264_dequant4x4|Mod0|auto_generated|divider|divider|op_4~21|datac                    ;
;   12.193 ;   0.849 ; RR ; CELL ; 1      ; LABCELL_X24_Y21_N51        ; emu|spath|stub|u_h264_dequant4x4|Mod0|auto_generated|divider|divider|op_4~21|cout                     ;
;   12.193 ;   0.000 ; RR ; IC   ; 1      ; LABCELL_X24_Y21_N54        ; emu|spath|stub|u_h264_dequant4x4|Mod0|auto_generated|divider|divider|op_4~10|cin                      ;
;   12.239 ;   0.046 ; RR ; CELL ; 1      ; LABCELL_X24_Y21_N54        ; emu|spath|stub|u_h264_dequant4x4|Mod0|auto_generated|divider|divider|op_4~10|cout                     ;
;   12.239 ;   0.000 ; RR ; IC   ; 1      ; LABCELL_X24_Y21_N57        ; emu|spath|stub|u_h264_dequant4x4|Mod0|auto_generated|divider|divider|op_4~1|cin                       ;
;   12.393 ;   0.154 ; RR ; CELL ; 6      ; LABCELL_X24_Y21_N57        ; emu|spath|stub|u_h264_dequant4x4|Mod0|auto_generated|divider|divider|op_4~1|sumout                    ;
;   12.613 ;   0.220 ; RR ; IC   ; 2      ; LABCELL_X24_Y21_N27        ; emu|spath|stub|u_h264_dequant4x4|Mod0|auto_generated|divider|divider|op_5~21|datab                    ;
;   13.690 ;   1.077 ; RR ; CELL ; 1      ; LABCELL_X24_Y21_N27        ; emu|spath|stub|u_h264_dequant4x4|Mod0|auto_generated|divider|divider|op_5~21|cout                     ;
;   13.690 ;   0.000 ; RR ; IC   ; 1      ; LABCELL_X24_Y21_N30        ; emu|spath|stub|u_h264_dequant4x4|Mod0|auto_generated|divider|divider|op_5~14|cin                      ;
;   13.790 ;   0.100 ; RR ; CELL ; 1      ; LABCELL_X24_Y21_N30        ; emu|spath|stub|u_h264_dequant4x4|Mod0|auto_generated|divider|divider|op_5~14|cout                     ;
;   13.790 ;   0.000 ; RR ; IC   ; 1      ; LABCELL_X24_Y21_N33        ; emu|spath|stub|u_h264_dequant4x4|Mod0|auto_generated|divider|divider|op_5~1|cin                       ;
;   13.944 ;   0.154 ; RR ; CELL ; 7      ; LABCELL_X24_Y21_N33        ; emu|spath|stub|u_h264_dequant4x4|Mod0|auto_generated|divider|divider|op_5~1|sumout                    ;
;   14.193 ;   0.249 ; RR ; IC   ; 2      ; LABCELL_X24_Y21_N9         ; emu|spath|stub|u_h264_dequant4x4|Mod0|auto_generated|divider|divider|op_6~13|dataa                    ;
;   15.275 ;   1.082 ; RR ; CELL ; 1      ; LABCELL_X24_Y21_N9         ; emu|spath|stub|u_h264_dequant4x4|Mod0|auto_generated|divider|divider|op_6~13|cout                     ;
;   15.275 ;   0.000 ; RR ; IC   ; 1      ; LABCELL_X24_Y21_N12        ; emu|spath|stub|u_h264_dequant4x4|Mod0|auto_generated|divider|divider|op_6~18|cin                      ;
;   15.325 ;   0.050 ; RR ; CELL ; 1      ; LABCELL_X24_Y21_N12        ; emu|spath|stub|u_h264_dequant4x4|Mod0|auto_generated|divider|divider|op_6~18|cout                     ;
;   15.325 ;   0.000 ; RR ; IC   ; 1      ; LABCELL_X24_Y21_N15        ; emu|spath|stub|u_h264_dequant4x4|Mod0|auto_generated|divider|divider|op_6~1|cin                       ;
;   15.479 ;   0.154 ; RF ; CELL ; 7      ; LABCELL_X24_Y21_N15        ; emu|spath|stub|u_h264_dequant4x4|Mod0|auto_generated|divider|divider|op_6~1|sumout                    ;
;   16.336 ;   0.857 ; FF ; IC   ; 1      ; LABCELL_X23_Y20_N3         ; emu|spath|stub|u_h264_dequant4x4|Mod0|auto_generated|divider|divider|StageOut[22]~4|datac             ;
;   16.822 ;   0.486 ; FF ; CELL ; 42     ; LABCELL_X23_Y20_N3         ; emu|spath|stub|u_h264_dequant4x4|Mod0|auto_generated|divider|divider|StageOut[22]~4|combout           ;
;   17.877 ;   1.055 ; FF ; IC   ; 1      ; LABCELL_X23_Y18_N45        ; emu|spath|stub|u_h264_dequant4x4|ShiftLeft2~17|datad                                                  ;
;   18.385 ;   0.508 ; FF ; CELL ; 1      ; LABCELL_X23_Y18_N45        ; emu|spath|stub|u_h264_dequant4x4|ShiftLeft2~17|combout                                                ;
;   18.606 ;   0.221 ; FF ; IC   ; 1      ; LABCELL_X23_Y18_N57        ; emu|spath|stub|u_h264_dequant4x4|ShiftLeft2~18|datad                                                  ;
;   18.989 ;   0.383 ; FF ; CELL ; 4      ; LABCELL_X23_Y18_N57        ; emu|spath|stub|u_h264_dequant4x4|ShiftLeft2~18|combout                                                ;
;   20.865 ;   1.876 ; FF ; IC   ; 22     ; DSP_X32_Y4_N0              ; emu|spath|stub|u_h264_dequant4x4|Mult7~8|ay[14]                                                       ;
;   24.803 ;   3.938 ; FF ; CELL ; 1      ; DSP_X32_Y4_N0              ; emu|spath|stub|u_h264_dequant4x4|Mult7~8|resulta[25]                                                  ;
;   26.062 ;   1.259 ; FF ; IC   ; 6      ; DSP_X32_Y2_N0              ; emu|spath|stub|u_h264_dequant4x4|Mult7~mult_hlmac|by[7]                                               ;
;   28.601 ;   2.539 ; FF ; CELL ; 1      ; DSP_X32_Y2_N0              ; emu|spath|stub|u_h264_dequant4x4|Mult7~mult_hlmac|resulta[0]                                          ;
;   29.598 ;   0.997 ; FF ; IC   ; 2      ; LABCELL_X31_Y6_N39         ; emu|spath|stub|u_h264_dequant4x4|Add8~57|datad                                                        ;
;   30.506 ;   0.908 ; FF ; CELL ; 3      ; LABCELL_X31_Y6_N39         ; emu|spath|stub|u_h264_dequant4x4|Add8~57|sumout                                                       ;
;   32.331 ;   1.825 ; FF ; IC   ; 2      ; LABCELL_X18_Y9_N39         ; emu|spath|stub|u_h264_idct4x4|Add7~25|datad                                                           ;
;   33.076 ;   0.745 ; FR ; CELL ; 1      ; LABCELL_X18_Y9_N39         ; emu|spath|stub|u_h264_idct4x4|Add7~25|cout                                                            ;
;   33.076 ;   0.000 ; RR ; IC   ; 2      ; LABCELL_X18_Y9_N42         ; emu|spath|stub|u_h264_idct4x4|Add7~29|cin                                                             ;
;   33.431 ;   0.355 ; RF ; CELL ; 2      ; LABCELL_X18_Y9_N42         ; emu|spath|stub|u_h264_idct4x4|Add7~29|sumout                                                          ;
;   34.443 ;   1.012 ; FF ; IC   ; 2      ; LABCELL_X19_Y10_N9         ; emu|spath|stub|u_h264_idct4x4|Add22~29|datac                                                          ;
;   35.251 ;   0.808 ; FF ; CELL ; 1      ; LABCELL_X19_Y10_N9         ; emu|spath|stub|u_h264_idct4x4|Add22~29|cout                                                           ;
;   35.251 ;   0.000 ; FF ; IC   ; 2      ; LABCELL_X19_Y10_N12        ; emu|spath|stub|u_h264_idct4x4|Add22~37|cin                                                            ;
;   35.617 ;   0.366 ; FF ; CELL ; 2      ; LABCELL_X19_Y10_N12        ; emu|spath|stub|u_h264_idct4x4|Add22~37|sumout                                                         ;
;   36.468 ;   0.851 ; FF ; IC   ; 2      ; LABCELL_X19_Y13_N12        ; emu|spath|stub|u_h264_idct4x4|Add40~29|datac                                                          ;
;   37.305 ;   0.837 ; FF ; CELL ; 1      ; LABCELL_X19_Y13_N12        ; emu|spath|stub|u_h264_idct4x4|Add40~29|cout                                                           ;
;   37.305 ;   0.000 ; FF ; IC   ; 2      ; LABCELL_X19_Y13_N15        ; emu|spath|stub|u_h264_idct4x4|Add40~37|cin                                                            ;
;   37.305 ;   0.000 ; FF ; CELL ; 1      ; LABCELL_X19_Y13_N15        ; emu|spath|stub|u_h264_idct4x4|Add40~37|cout                                                           ;
;   37.305 ;   0.000 ; FF ; IC   ; 2      ; LABCELL_X19_Y13_N18        ; emu|spath|stub|u_h264_idct4x4|Add40~53|cin                                                            ;
;   37.660 ;   0.355 ; FF ; CELL ; 2      ; LABCELL_X19_Y13_N18        ; emu|spath|stub|u_h264_idct4x4|Add40~53|sumout                                                         ;
;   39.029 ;   1.369 ; FF ; IC   ; 2      ; LABCELL_X18_Y17_N18        ; emu|spath|stub|u_h264_idct4x4|Add53~57|datab                                                          ;
;   40.167 ;   1.138 ; FF ; CELL ; 2      ; LABCELL_X18_Y17_N18        ; emu|spath|stub|u_h264_idct4x4|Add53~57|sumout                                                         ;
;   41.359 ;   1.192 ; FF ; IC   ; 2      ; LABCELL_X19_Y16_N9         ; emu|spath|stub|u_h264_recon4x4|Add1~29|datad                                                          ;
;   42.028 ;   0.669 ; FF ; CELL ; 1      ; LABCELL_X19_Y16_N9         ; emu|spath|stub|u_h264_recon4x4|Add1~29|cout                                                           ;
;   42.028 ;   0.000 ; FF ; IC   ; 2      ; LABCELL_X19_Y16_N12        ; emu|spath|stub|u_h264_recon4x4|Add1~33|cin                                                            ;
;   42.400 ;   0.372 ; FR ; CELL ; 2      ; LABCELL_X19_Y16_N12        ; emu|spath|stub|u_h264_recon4x4|Add1~33|sumout                                                         ;
;   42.631 ;   0.231 ; RR ; IC   ; 1      ; LABCELL_X19_Y16_N39        ; emu|spath|stub|u_h264_recon4x4|recon[1][7]~92|datab                                                   ;
;   43.184 ;   0.553 ; RF ; CELL ; 1      ; LABCELL_X19_Y16_N39        ; emu|spath|stub|u_h264_recon4x4|recon[1][7]~92|combout                                                 ;
;   43.414 ;   0.230 ; FF ; IC   ; 1      ; LABCELL_X19_Y16_N48        ; emu|spath|stub|u_h264_recon4x4|recon[1][7]~0|datad                                                    ;
;   43.926 ;   0.512 ; FF ; CELL ; 10     ; LABCELL_X19_Y16_N48        ; emu|spath|stub|u_h264_recon4x4|recon[1][7]~0|combout                                                  ;
;   44.847 ;   0.921 ; FF ; IC   ; 1      ; LABCELL_X22_Y14_N42        ; emu|spath|stub|recon_dbg_comb[5]~181|datac                                                            ;
;   45.357 ;   0.510 ; FF ; CELL ; 1      ; LABCELL_X22_Y14_N42        ; emu|spath|stub|recon_dbg_comb[5]~181|combout                                                          ;
;   45.580 ;   0.223 ; FF ; IC   ; 1      ; LABCELL_X22_Y14_N0         ; emu|spath|stub|recon_dbg_comb[5]~246|datad                                                            ;
;   46.090 ;   0.510 ; FF ; CELL ; 1      ; LABCELL_X22_Y14_N0         ; emu|spath|stub|recon_dbg_comb[5]~246|combout                                                          ;
;   46.344 ;   0.254 ; FF ; IC   ; 1      ; LABCELL_X22_Y14_N54        ; emu|spath|stub|recon_dbg_comb[5]~254|datae                                                            ;
;   46.565 ;   0.221 ; FF ; CELL ; 1      ; LABCELL_X22_Y14_N54        ; emu|spath|stub|recon_dbg_comb[5]~254|combout                                                          ;
;   46.857 ;   0.292 ; FF ; IC   ; 1      ; LABCELL_X23_Y14_N12        ; emu|spath|stub|recon_dbg_comb[5]~208|dataa                                                            ;
;   47.422 ;   0.565 ; FR ; CELL ; 1      ; LABCELL_X23_Y14_N12        ; emu|spath|stub|recon_dbg_comb[5]~208|combout                                                          ;
;   47.422 ;   0.000 ; RR ; IC   ; 1      ; FF_X23_Y14_N13             ; emu|spath|stub|recon_dbg[5]|d                                                                         ;
;   47.682 ;   0.260 ; RR ; CELL ; 1      ; FF_X23_Y14_N13             ; emu:emu|stream_path:spath|decode_stub:stub|recon_dbg[5]                                               ;
+----------+---------+----+------+--------+----------------------------+-------------------------------------------------------------------------------------------------------+

+----------------------------------------------------------------------------------------------------------------------------------------------------+
; Data Required Path                                                                                                                                 ;
+----------+----------+----+------+--------+----------------------------+----------------------------------------------------------------------------+
; Total    ; Incr     ; RF ; Type ; Fanout ; Location                   ; Element                                                                    ;
+----------+----------+----+------+--------+----------------------------+----------------------------------------------------------------------------+
; 50.000   ; 50.000   ;    ;      ;        ;                            ; latch edge time                                                            ;
; 57.963   ; 7.963    ;    ;      ;        ;                            ; clock path                                                                 ;
;   50.000 ;   0.000  ;    ;      ;        ;                            ; source latency                                                             ;
;   50.000 ;   0.000  ;    ;      ; 1      ; PIN_Y13                    ; FPGA_CLK2_50                                                               ;
;   50.000 ;   0.000  ; RR ; IC   ; 1      ; IOIBUF_X56_Y0_N1           ; FPGA_CLK2_50~input|i                                                       ;
;   50.761 ;   0.761  ; RR ; CELL ; 2      ; IOIBUF_X56_Y0_N1           ; FPGA_CLK2_50~input|o                                                       ;
;   51.932 ;   1.171  ; RR ; IC   ; 1      ; PLLREFCLKSELECT_X89_Y7_N0  ; emu|pll|pll_inst|altera_pll_i|general[0].gpll~PLL_REFCLK_SELECT|clkin[0]   ;
;   52.240 ;   0.308  ; RR ; CELL ; 1      ; PLLREFCLKSELECT_X89_Y7_N0  ; emu|pll|pll_inst|altera_pll_i|general[0].gpll~PLL_REFCLK_SELECT|clkout     ;
;   52.240 ;   0.000  ; RR ; IC   ; 10     ; FRACTIONALPLL_X89_Y1_N0    ; emu|pll|pll_inst|altera_pll_i|general[0].gpll~FRACTIONAL_PLL|refclkin      ;
;   52.020 ;   -0.220 ; RR ; COMP ; 2      ; FRACTIONALPLL_X89_Y1_N0    ; emu|pll|pll_inst|altera_pll_i|general[0].gpll~FRACTIONAL_PLL|vcoph[0]      ;
;   52.020 ;   0.000  ; RR ; IC   ; 1      ; PLLOUTPUTCOUNTER_X89_Y5_N1 ; emu|pll|pll_inst|altera_pll_i|general[0].gpll~PLL_OUTPUT_COUNTER|vco0ph[0] ;
;   53.486 ;   1.466  ; RR ; CELL ; 3      ; PLLOUTPUTCOUNTER_X89_Y5_N1 ; emu|pll|pll_inst|altera_pll_i|general[0].gpll~PLL_OUTPUT_COUNTER|divclk    ;
;   54.393 ;   0.907  ; RR ; IC   ; 1      ; CLKCTRL_G4                 ; emu|pll|pll_inst|altera_pll_i|outclk_wire[0]~CLKENA0|inclk                 ;
;   54.672 ;   0.279  ; RR ; CELL ; 7784   ; CLKCTRL_G4                 ; emu|pll|pll_inst|altera_pll_i|outclk_wire[0]~CLKENA0|outclk                ;
;   56.515 ;   1.843  ; RR ; IC   ; 1      ; FF_X23_Y14_N13             ; emu|spath|stub|recon_dbg[5]|clk                                            ;
;   57.003 ;   0.488  ; RR ; CELL ; 1      ; FF_X23_Y14_N13             ; emu:emu|stream_path:spath|decode_stub:stub|recon_dbg[5]                    ;
;   57.963 ;   0.960  ;    ;      ;        ;                            ; clock pessimism removed                                                    ;
; 57.833   ; -0.130   ;    ;      ;        ;                            ; clock uncertainty                                                          ;
; 57.833   ; 0.000    ;    ; uTsu ; 1      ; FF_X23_Y14_N13             ; emu:emu|stream_path:spath|decode_stub:stub|recon_dbg[5]                    ;
+----------+----------+----+------+--------+----------------------------+----------------------------------------------------------------------------+

----------------------------
; Extra Fitter Information ;
----------------------------
HTML report is unavailable in plain text report export.


Path #5: Setup slack is 10.179 
===============================================================================
+----------------------------------------------------------------------------------------------+
; Path Summary                                                                                 ;
+--------------------+-------------------------------------------------------------------------+
; Property           ; Value                                                                   ;
+--------------------+-------------------------------------------------------------------------+
; From Node          ; emu:emu|stream_path:spath|decode_stub:stub|lat_qp[4]                    ;
; To Node            ; emu:emu|stream_path:spath|decode_stub:stub|recon_dbg[5]                 ;
; Launch Clock       ; emu|pll|pll_inst|altera_pll_i|general[0].gpll~PLL_OUTPUT_COUNTER|divclk ;
; Latch Clock        ; emu|pll|pll_inst|altera_pll_i|general[0].gpll~PLL_OUTPUT_COUNTER|divclk ;
; Data Arrival Time  ; 47.654                                                                  ;
; Data Required Time ; 57.833                                                                  ;
; Slack              ; 10.179                                                                  ;
+--------------------+-------------------------------------------------------------------------+

+--------------------------------------------------------------------------------------+
; Statistics                                                                           ;
+------------------------+--------+-------+-------------+------------+--------+--------+
; Property               ; Value  ; Count ; Total Delay ; % of Total ; Min    ; Max    ;
+------------------------+--------+-------+-------------+------------+--------+--------+
; Setup Relationship     ; 50.000 ;       ;             ;            ;        ;        ;
; Clock Skew             ; -0.492 ;       ;             ;            ;        ;        ;
; Data Delay             ; 39.199 ;       ;             ;            ;        ;        ;
; Number of Logic Levels ;        ; 22    ;             ;            ;        ;        ;
; Physical Delays        ;        ;       ;             ;            ;        ;        ;
;  Arrival Path          ;        ;       ;             ;            ;        ;        ;
;   Clock                ;        ;       ;             ;            ;        ;        ;
;    IC                  ;        ; 6     ; 4.635       ; 55         ; 0.000  ; 2.262  ;
;    Cell                ;        ; 6     ; 3.820       ; 45         ; 0.116  ; 1.745  ;
;   Data                 ;        ;       ;             ;            ;        ;        ;
;    IC                  ;        ; 36    ; 16.372      ; 42         ; 0.000  ; 2.417  ;
;    Cell                ;        ; 37    ; 22.827      ; 58         ; 0.000  ; 3.938  ;
;    uTco                ;        ; 1     ; 0.000       ; 0          ; 0.000  ; 0.000  ;
;  Required Path         ;        ;       ;             ;            ;        ;        ;
;   Clock                ;        ;       ;             ;            ;        ;        ;
;    IC                  ;        ; 6     ; 3.921       ; 54         ; 0.000  ; 1.843  ;
;    Cell                ;        ; 5     ; 3.302       ; 46         ; 0.279  ; 1.466  ;
;    PLL Compensation    ;        ; 1     ; -0.220      ; 0          ; -0.220 ; -0.220 ;
+------------------------+--------+-------+-------------+------------+--------+--------+
Note: Negative delays are omitted from totals when calculating percentages

+------------------------------------------------------------------------------------------------------------------------------------------------------------------------------+
; Data Arrival Path                                                                                                                                                            ;
+----------+---------+----+------+--------+----------------------------+-------------------------------------------------------------------------------------------------------+
; Total    ; Incr    ; RF ; Type ; Fanout ; Location                   ; Element                                                                                               ;
+----------+---------+----+------+--------+----------------------------+-------------------------------------------------------------------------------------------------------+
; 0.000    ; 0.000   ;    ;      ;        ;                            ; launch edge time                                                                                      ;
; 8.455    ; 8.455   ;    ;      ;        ;                            ; clock path                                                                                            ;
;   0.000  ;   0.000 ;    ;      ;        ;                            ; source latency                                                                                        ;
;   0.000  ;   0.000 ;    ;      ; 1      ; PIN_Y13                    ; FPGA_CLK2_50                                                                                          ;
;   0.000  ;   0.000 ; RR ; IC   ; 1      ; IOIBUF_X56_Y0_N1           ; FPGA_CLK2_50~input|i                                                                                  ;
;   0.761  ;   0.761 ; RR ; CELL ; 2      ; IOIBUF_X56_Y0_N1           ; FPGA_CLK2_50~input|o                                                                                  ;
;   2.096  ;   1.335 ; RR ; IC   ; 1      ; PLLREFCLKSELECT_X89_Y7_N0  ; emu|pll|pll_inst|altera_pll_i|general[0].gpll~PLL_REFCLK_SELECT|clkin[0]                              ;
;   2.429  ;   0.333 ; RR ; CELL ; 1      ; PLLREFCLKSELECT_X89_Y7_N0  ; emu|pll|pll_inst|altera_pll_i|general[0].gpll~PLL_REFCLK_SELECT|clkout                                ;
;   2.429  ;   0.000 ; RR ; IC   ; 10     ; FRACTIONALPLL_X89_Y1_N0    ; emu|pll|pll_inst|altera_pll_i|general[0].gpll~FRACTIONAL_PLL|refclkin                                 ;
;   2.545  ;   0.116 ; RR ; CELL ; 2      ; FRACTIONALPLL_X89_Y1_N0    ; emu|pll|pll_inst|altera_pll_i|general[0].gpll~FRACTIONAL_PLL|vcoph[0]                                 ;
;   2.545  ;   0.000 ; RR ; IC   ; 1      ; PLLOUTPUTCOUNTER_X89_Y5_N1 ; emu|pll|pll_inst|altera_pll_i|general[0].gpll~PLL_OUTPUT_COUNTER|vco0ph[0]                            ;
;   4.290  ;   1.745 ; RR ; CELL ; 3      ; PLLOUTPUTCOUNTER_X89_Y5_N1 ; emu|pll|pll_inst|altera_pll_i|general[0].gpll~PLL_OUTPUT_COUNTER|divclk                               ;
;   5.328  ;   1.038 ; RR ; IC   ; 1      ; CLKCTRL_G4                 ; emu|pll|pll_inst|altera_pll_i|outclk_wire[0]~CLKENA0|inclk                                            ;
;   5.632  ;   0.304 ; RR ; CELL ; 7784   ; CLKCTRL_G4                 ; emu|pll|pll_inst|altera_pll_i|outclk_wire[0]~CLKENA0|outclk                                           ;
;   7.894  ;   2.262 ; RR ; IC   ; 1      ; FF_X25_Y21_N50             ; emu|spath|stub|lat_qp[4]|clk                                                                          ;
;   8.455  ;   0.561 ; RR ; CELL ; 1      ; FF_X25_Y21_N50             ; emu:emu|stream_path:spath|decode_stub:stub|lat_qp[4]                                                  ;
; 47.654   ; 39.199  ;    ;      ;        ;                            ; data path                                                                                             ;
;   8.455  ;   0.000 ;    ; uTco ; 1      ; FF_X25_Y21_N50             ; emu:emu|stream_path:spath|decode_stub:stub|lat_qp[4]                                                  ;
;   8.455  ;   0.000 ; RR ; CELL ; 4      ; FF_X25_Y21_N50             ; emu|spath|stub|lat_qp[4]|q                                                                            ;
;   8.753  ;   0.298 ; RR ; IC   ; 2      ; MLABCELL_X25_Y21_N3        ; emu|spath|stub|u_h264_dequant4x4|Mod0|auto_generated|divider|divider|add_sub_2_result_int[1]~9|dataa  ;
;   10.004 ;   1.251 ; RR ; CELL ; 1      ; MLABCELL_X25_Y21_N3        ; emu|spath|stub|u_h264_dequant4x4|Mod0|auto_generated|divider|divider|add_sub_2_result_int[1]~9|sumout ;
;   10.221 ;   0.217 ; RR ; IC   ; 1      ; MLABCELL_X25_Y21_N57       ; emu|spath|stub|u_h264_dequant4x4|Mod0|auto_generated|divider|divider|StageOut[9]~9|dataa              ;
;   10.807 ;   0.586 ; RR ; CELL ; 2      ; MLABCELL_X25_Y21_N57       ; emu|spath|stub|u_h264_dequant4x4|Mod0|auto_generated|divider|divider|StageOut[9]~9|combout            ;
;   11.344 ;   0.537 ; RR ; IC   ; 2      ; LABCELL_X24_Y21_N51        ; emu|spath|stub|u_h264_dequant4x4|Mod0|auto_generated|divider|divider|op_4~21|datac                    ;
;   12.193 ;   0.849 ; RR ; CELL ; 1      ; LABCELL_X24_Y21_N51        ; emu|spath|stub|u_h264_dequant4x4|Mod0|auto_generated|divider|divider|op_4~21|cout                     ;
;   12.193 ;   0.000 ; RR ; IC   ; 1      ; LABCELL_X24_Y21_N54        ; emu|spath|stub|u_h264_dequant4x4|Mod0|auto_generated|divider|divider|op_4~10|cin                      ;
;   12.239 ;   0.046 ; RR ; CELL ; 1      ; LABCELL_X24_Y21_N54        ; emu|spath|stub|u_h264_dequant4x4|Mod0|auto_generated|divider|divider|op_4~10|cout                     ;
;   12.239 ;   0.000 ; RR ; IC   ; 1      ; LABCELL_X24_Y21_N57        ; emu|spath|stub|u_h264_dequant4x4|Mod0|auto_generated|divider|divider|op_4~1|cin                       ;
;   12.393 ;   0.154 ; RR ; CELL ; 6      ; LABCELL_X24_Y21_N57        ; emu|spath|stub|u_h264_dequant4x4|Mod0|auto_generated|divider|divider|op_4~1|sumout                    ;
;   12.613 ;   0.220 ; RR ; IC   ; 2      ; LABCELL_X24_Y21_N24        ; emu|spath|stub|u_h264_dequant4x4|Mod0|auto_generated|divider|divider|op_5~9|datab                     ;
;   13.690 ;   1.077 ; RR ; CELL ; 1      ; LABCELL_X24_Y21_N24        ; emu|spath|stub|u_h264_dequant4x4|Mod0|auto_generated|divider|divider|op_5~9|cout                      ;
;   13.690 ;   0.000 ; RR ; IC   ; 2      ; LABCELL_X24_Y21_N27        ; emu|spath|stub|u_h264_dequant4x4|Mod0|auto_generated|divider|divider|op_5~21|cin                      ;
;   13.690 ;   0.000 ; RR ; CELL ; 1      ; LABCELL_X24_Y21_N27        ; emu|spath|stub|u_h264_dequant4x4|Mod0|auto_generated|divider|divider|op_5~21|cout                     ;
;   13.690 ;   0.000 ; RR ; IC   ; 1      ; LABCELL_X24_Y21_N30        ; emu|spath|stub|u_h264_dequant4x4|Mod0|auto_generated|divider|divider|op_5~14|cin                      ;
;   13.790 ;   0.100 ; RR ; CELL ; 1      ; LABCELL_X24_Y21_N30        ; emu|spath|stub|u_h264_dequant4x4|Mod0|auto_generated|divider|divider|op_5~14|cout                     ;
;   13.790 ;   0.000 ; RR ; IC   ; 1      ; LABCELL_X24_Y21_N33        ; emu|spath|stub|u_h264_dequant4x4|Mod0|auto_generated|divider|divider|op_5~1|cin                       ;
;   13.944 ;   0.154 ; RR ; CELL ; 7      ; LABCELL_X24_Y21_N33        ; emu|spath|stub|u_h264_dequant4x4|Mod0|auto_generated|divider|divider|op_5~1|sumout                    ;
;   14.193 ;   0.249 ; RR ; IC   ; 2      ; LABCELL_X24_Y21_N6         ; emu|spath|stub|u_h264_dequant4x4|Mod0|auto_generated|divider|divider|op_6~9|dataa                     ;
;   15.275 ;   1.082 ; RR ; CELL ; 1      ; LABCELL_X24_Y21_N6         ; emu|spath|stub|u_h264_dequant4x4|Mod0|auto_generated|divider|divider|op_6~9|cout                      ;
;   15.275 ;   0.000 ; RR ; IC   ; 2      ; LABCELL_X24_Y21_N9         ; emu|spath|stub|u_h264_dequant4x4|Mod0|auto_generated|divider|divider|op_6~13|cin                      ;
;   15.275 ;   0.000 ; RR ; CELL ; 1      ; LABCELL_X24_Y21_N9         ; emu|spath|stub|u_h264_dequant4x4|Mod0|auto_generated|divider|divider|op_6~13|cout                     ;
;   15.275 ;   0.000 ; RR ; IC   ; 1      ; LABCELL_X24_Y21_N12        ; emu|spath|stub|u_h264_dequant4x4|Mod0|auto_generated|divider|divider|op_6~18|cin                      ;
;   15.325 ;   0.050 ; RR ; CELL ; 1      ; LABCELL_X24_Y21_N12        ; emu|spath|stub|u_h264_dequant4x4|Mod0|auto_generated|divider|divider|op_6~18|cout                     ;
;   15.325 ;   0.000 ; RR ; IC   ; 1      ; LABCELL_X24_Y21_N15        ; emu|spath|stub|u_h264_dequant4x4|Mod0|auto_generated|divider|divider|op_6~1|cin                       ;
;   15.479 ;   0.154 ; RF ; CELL ; 7      ; LABCELL_X24_Y21_N15        ; emu|spath|stub|u_h264_dequant4x4|Mod0|auto_generated|divider|divider|op_6~1|sumout                    ;
;   16.336 ;   0.857 ; FF ; IC   ; 1      ; LABCELL_X23_Y20_N3         ; emu|spath|stub|u_h264_dequant4x4|Mod0|auto_generated|divider|divider|StageOut[22]~4|datac             ;
;   16.822 ;   0.486 ; FF ; CELL ; 42     ; LABCELL_X23_Y20_N3         ; emu|spath|stub|u_h264_dequant4x4|Mod0|auto_generated|divider|divider|StageOut[22]~4|combout           ;
;   17.476 ;   0.654 ; FF ; IC   ; 1      ; MLABCELL_X25_Y20_N57       ; emu|spath|stub|u_h264_dequant4x4|ShiftLeft2~9|datac                                                   ;
;   17.937 ;   0.461 ; FR ; CELL ; 3      ; MLABCELL_X25_Y20_N57       ; emu|spath|stub|u_h264_dequant4x4|ShiftLeft2~9|combout                                                 ;
;   18.204 ;   0.267 ; RR ; IC   ; 1      ; MLABCELL_X25_Y20_N3        ; emu|spath|stub|u_h264_dequant4x4|ShiftLeft2~10|datae                                                  ;
;   18.420 ;   0.216 ; RF ; CELL ; 4      ; MLABCELL_X25_Y20_N3        ; emu|spath|stub|u_h264_dequant4x4|ShiftLeft2~10|combout                                                ;
;   20.837 ;   2.417 ; FF ; IC   ; 22     ; DSP_X32_Y4_N0              ; emu|spath|stub|u_h264_dequant4x4|Mult7~8|ay[9]                                                        ;
;   24.775 ;   3.938 ; FF ; CELL ; 1      ; DSP_X32_Y4_N0              ; emu|spath|stub|u_h264_dequant4x4|Mult7~8|resulta[25]                                                  ;
;   26.034 ;   1.259 ; FF ; IC   ; 6      ; DSP_X32_Y2_N0              ; emu|spath|stub|u_h264_dequant4x4|Mult7~mult_hlmac|by[7]                                               ;
;   28.573 ;   2.539 ; FF ; CELL ; 1      ; DSP_X32_Y2_N0              ; emu|spath|stub|u_h264_dequant4x4|Mult7~mult_hlmac|resulta[0]                                          ;
;   29.570 ;   0.997 ; FF ; IC   ; 2      ; LABCELL_X31_Y6_N39         ; emu|spath|stub|u_h264_dequant4x4|Add8~57|datad                                                        ;
;   30.478 ;   0.908 ; FF ; CELL ; 3      ; LABCELL_X31_Y6_N39         ; emu|spath|stub|u_h264_dequant4x4|Add8~57|sumout                                                       ;
;   32.303 ;   1.825 ; FF ; IC   ; 2      ; LABCELL_X18_Y9_N39         ; emu|spath|stub|u_h264_idct4x4|Add7~25|datad                                                           ;
;   33.048 ;   0.745 ; FR ; CELL ; 1      ; LABCELL_X18_Y9_N39         ; emu|spath|stub|u_h264_idct4x4|Add7~25|cout                                                            ;
;   33.048 ;   0.000 ; RR ; IC   ; 2      ; LABCELL_X18_Y9_N42         ; emu|spath|stub|u_h264_idct4x4|Add7~29|cin                                                             ;
;   33.403 ;   0.355 ; RF ; CELL ; 2      ; LABCELL_X18_Y9_N42         ; emu|spath|stub|u_h264_idct4x4|Add7~29|sumout                                                          ;
;   34.415 ;   1.012 ; FF ; IC   ; 2      ; LABCELL_X19_Y10_N9         ; emu|spath|stub|u_h264_idct4x4|Add22~29|datac                                                          ;
;   35.223 ;   0.808 ; FF ; CELL ; 1      ; LABCELL_X19_Y10_N9         ; emu|spath|stub|u_h264_idct4x4|Add22~29|cout                                                           ;
;   35.223 ;   0.000 ; FF ; IC   ; 2      ; LABCELL_X19_Y10_N12        ; emu|spath|stub|u_h264_idct4x4|Add22~37|cin                                                            ;
;   35.589 ;   0.366 ; FF ; CELL ; 2      ; LABCELL_X19_Y10_N12        ; emu|spath|stub|u_h264_idct4x4|Add22~37|sumout                                                         ;
;   36.440 ;   0.851 ; FF ; IC   ; 2      ; LABCELL_X19_Y13_N12        ; emu|spath|stub|u_h264_idct4x4|Add40~29|datac                                                          ;
;   37.277 ;   0.837 ; FF ; CELL ; 1      ; LABCELL_X19_Y13_N12        ; emu|spath|stub|u_h264_idct4x4|Add40~29|cout                                                           ;
;   37.277 ;   0.000 ; FF ; IC   ; 2      ; LABCELL_X19_Y13_N15        ; emu|spath|stub|u_h264_idct4x4|Add40~37|cin                                                            ;
;   37.277 ;   0.000 ; FF ; CELL ; 1      ; LABCELL_X19_Y13_N15        ; emu|spath|stub|u_h264_idct4x4|Add40~37|cout                                                           ;
;   37.277 ;   0.000 ; FF ; IC   ; 2      ; LABCELL_X19_Y13_N18        ; emu|spath|stub|u_h264_idct4x4|Add40~53|cin                                                            ;
;   37.632 ;   0.355 ; FF ; CELL ; 2      ; LABCELL_X19_Y13_N18        ; emu|spath|stub|u_h264_idct4x4|Add40~53|sumout                                                         ;
;   39.001 ;   1.369 ; FF ; IC   ; 2      ; LABCELL_X18_Y17_N18        ; emu|spath|stub|u_h264_idct4x4|Add53~57|datab                                                          ;
;   40.139 ;   1.138 ; FF ; CELL ; 2      ; LABCELL_X18_Y17_N18        ; emu|spath|stub|u_h264_idct4x4|Add53~57|sumout                                                         ;
;   41.331 ;   1.192 ; FF ; IC   ; 2      ; LABCELL_X19_Y16_N9         ; emu|spath|stub|u_h264_recon4x4|Add1~29|datad                                                          ;
;   42.000 ;   0.669 ; FF ; CELL ; 1      ; LABCELL_X19_Y16_N9         ; emu|spath|stub|u_h264_recon4x4|Add1~29|cout                                                           ;
;   42.000 ;   0.000 ; FF ; IC   ; 2      ; LABCELL_X19_Y16_N12        ; emu|spath|stub|u_h264_recon4x4|Add1~33|cin                                                            ;
;   42.372 ;   0.372 ; FR ; CELL ; 2      ; LABCELL_X19_Y16_N12        ; emu|spath|stub|u_h264_recon4x4|Add1~33|sumout                                                         ;
;   42.603 ;   0.231 ; RR ; IC   ; 1      ; LABCELL_X19_Y16_N39        ; emu|spath|stub|u_h264_recon4x4|recon[1][7]~92|datab                                                   ;
;   43.156 ;   0.553 ; RF ; CELL ; 1      ; LABCELL_X19_Y16_N39        ; emu|spath|stub|u_h264_recon4x4|recon[1][7]~92|combout                                                 ;
;   43.386 ;   0.230 ; FF ; IC   ; 1      ; LABCELL_X19_Y16_N48        ; emu|spath|stub|u_h264_recon4x4|recon[1][7]~0|datad                                                    ;
;   43.898 ;   0.512 ; FF ; CELL ; 10     ; LABCELL_X19_Y16_N48        ; emu|spath|stub|u_h264_recon4x4|recon[1][7]~0|combout                                                  ;
;   44.819 ;   0.921 ; FF ; IC   ; 1      ; LABCELL_X22_Y14_N42        ; emu|spath|stub|recon_dbg_comb[5]~181|datac                                                            ;
;   45.329 ;   0.510 ; FF ; CELL ; 1      ; LABCELL_X22_Y14_N42        ; emu|spath|stub|recon_dbg_comb[5]~181|combout                                                          ;
;   45.552 ;   0.223 ; FF ; IC   ; 1      ; LABCELL_X22_Y14_N0         ; emu|spath|stub|recon_dbg_comb[5]~246|datad                                                            ;
;   46.062 ;   0.510 ; FF ; CELL ; 1      ; LABCELL_X22_Y14_N0         ; emu|spath|stub|recon_dbg_comb[5]~246|combout                                                          ;
;   46.316 ;   0.254 ; FF ; IC   ; 1      ; LABCELL_X22_Y14_N54        ; emu|spath|stub|recon_dbg_comb[5]~254|datae                                                            ;
;   46.537 ;   0.221 ; FF ; CELL ; 1      ; LABCELL_X22_Y14_N54        ; emu|spath|stub|recon_dbg_comb[5]~254|combout                                                          ;
;   46.829 ;   0.292 ; FF ; IC   ; 1      ; LABCELL_X23_Y14_N12        ; emu|spath|stub|recon_dbg_comb[5]~208|dataa                                                            ;
;   47.394 ;   0.565 ; FR ; CELL ; 1      ; LABCELL_X23_Y14_N12        ; emu|spath|stub|recon_dbg_comb[5]~208|combout                                                          ;
;   47.394 ;   0.000 ; RR ; IC   ; 1      ; FF_X23_Y14_N13             ; emu|spath|stub|recon_dbg[5]|d                                                                         ;
;   47.654 ;   0.260 ; RR ; CELL ; 1      ; FF_X23_Y14_N13             ; emu:emu|stream_path:spath|decode_stub:stub|recon_dbg[5]                                               ;
+----------+---------+----+------+--------+----------------------------+-------------------------------------------------------------------------------------------------------+

+----------------------------------------------------------------------------------------------------------------------------------------------------+
; Data Required Path                                                                                                                                 ;
+----------+----------+----+------+--------+----------------------------+----------------------------------------------------------------------------+
; Total    ; Incr     ; RF ; Type ; Fanout ; Location                   ; Element                                                                    ;
+----------+----------+----+------+--------+----------------------------+----------------------------------------------------------------------------+
; 50.000   ; 50.000   ;    ;      ;        ;                            ; latch edge time                                                            ;
; 57.963   ; 7.963    ;    ;      ;        ;                            ; clock path                                                                 ;
;   50.000 ;   0.000  ;    ;      ;        ;                            ; source latency                                                             ;
;   50.000 ;   0.000  ;    ;      ; 1      ; PIN_Y13                    ; FPGA_CLK2_50                                                               ;
;   50.000 ;   0.000  ; RR ; IC   ; 1      ; IOIBUF_X56_Y0_N1           ; FPGA_CLK2_50~input|i                                                       ;
;   50.761 ;   0.761  ; RR ; CELL ; 2      ; IOIBUF_X56_Y0_N1           ; FPGA_CLK2_50~input|o                                                       ;
;   51.932 ;   1.171  ; RR ; IC   ; 1      ; PLLREFCLKSELECT_X89_Y7_N0  ; emu|pll|pll_inst|altera_pll_i|general[0].gpll~PLL_REFCLK_SELECT|clkin[0]   ;
;   52.240 ;   0.308  ; RR ; CELL ; 1      ; PLLREFCLKSELECT_X89_Y7_N0  ; emu|pll|pll_inst|altera_pll_i|general[0].gpll~PLL_REFCLK_SELECT|clkout     ;
;   52.240 ;   0.000  ; RR ; IC   ; 10     ; FRACTIONALPLL_X89_Y1_N0    ; emu|pll|pll_inst|altera_pll_i|general[0].gpll~FRACTIONAL_PLL|refclkin      ;
;   52.020 ;   -0.220 ; RR ; COMP ; 2      ; FRACTIONALPLL_X89_Y1_N0    ; emu|pll|pll_inst|altera_pll_i|general[0].gpll~FRACTIONAL_PLL|vcoph[0]      ;
;   52.020 ;   0.000  ; RR ; IC   ; 1      ; PLLOUTPUTCOUNTER_X89_Y5_N1 ; emu|pll|pll_inst|altera_pll_i|general[0].gpll~PLL_OUTPUT_COUNTER|vco0ph[0] ;
;   53.486 ;   1.466  ; RR ; CELL ; 3      ; PLLOUTPUTCOUNTER_X89_Y5_N1 ; emu|pll|pll_inst|altera_pll_i|general[0].gpll~PLL_OUTPUT_COUNTER|divclk    ;
;   54.393 ;   0.907  ; RR ; IC   ; 1      ; CLKCTRL_G4                 ; emu|pll|pll_inst|altera_pll_i|outclk_wire[0]~CLKENA0|inclk                 ;
;   54.672 ;   0.279  ; RR ; CELL ; 7784   ; CLKCTRL_G4                 ; emu|pll|pll_inst|altera_pll_i|outclk_wire[0]~CLKENA0|outclk                ;
;   56.515 ;   1.843  ; RR ; IC   ; 1      ; FF_X23_Y14_N13             ; emu|spath|stub|recon_dbg[5]|clk                                            ;
;   57.003 ;   0.488  ; RR ; CELL ; 1      ; FF_X23_Y14_N13             ; emu:emu|stream_path:spath|decode_stub:stub|recon_dbg[5]                    ;
;   57.963 ;   0.960  ;    ;      ;        ;                            ; clock pessimism removed                                                    ;
; 57.833   ; -0.130   ;    ;      ;        ;                            ; clock uncertainty                                                          ;
; 57.833   ; 0.000    ;    ; uTsu ; 1      ; FF_X23_Y14_N13             ; emu:emu|stream_path:spath|decode_stub:stub|recon_dbg[5]                    ;
+----------+----------+----+------+--------+----------------------------+----------------------------------------------------------------------------+

----------------------------
; Extra Fitter Information ;
----------------------------
HTML report is unavailable in plain text report export.


Path #6: Setup slack is 10.179 
===============================================================================
+----------------------------------------------------------------------------------------------+
; Path Summary                                                                                 ;
+--------------------+-------------------------------------------------------------------------+
; Property           ; Value                                                                   ;
+--------------------+-------------------------------------------------------------------------+
; From Node          ; emu:emu|stream_path:spath|decode_stub:stub|lat_qp[4]                    ;
; To Node            ; emu:emu|stream_path:spath|decode_stub:stub|recon_dbg[5]                 ;
; Launch Clock       ; emu|pll|pll_inst|altera_pll_i|general[0].gpll~PLL_OUTPUT_COUNTER|divclk ;
; Latch Clock        ; emu|pll|pll_inst|altera_pll_i|general[0].gpll~PLL_OUTPUT_COUNTER|divclk ;
; Data Arrival Time  ; 47.654                                                                  ;
; Data Required Time ; 57.833                                                                  ;
; Slack              ; 10.179                                                                  ;
+--------------------+-------------------------------------------------------------------------+

+--------------------------------------------------------------------------------------+
; Statistics                                                                           ;
+------------------------+--------+-------+-------------+------------+--------+--------+
; Property               ; Value  ; Count ; Total Delay ; % of Total ; Min    ; Max    ;
+------------------------+--------+-------+-------------+------------+--------+--------+
; Setup Relationship     ; 50.000 ;       ;             ;            ;        ;        ;
; Clock Skew             ; -0.492 ;       ;             ;            ;        ;        ;
; Data Delay             ; 39.199 ;       ;             ;            ;        ;        ;
; Number of Logic Levels ;        ; 22    ;             ;            ;        ;        ;
; Physical Delays        ;        ;       ;             ;            ;        ;        ;
;  Arrival Path          ;        ;       ;             ;            ;        ;        ;
;   Clock                ;        ;       ;             ;            ;        ;        ;
;    IC                  ;        ; 6     ; 4.635       ; 55         ; 0.000  ; 2.262  ;
;    Cell                ;        ; 6     ; 3.820       ; 45         ; 0.116  ; 1.745  ;
;   Data                 ;        ;       ;             ;            ;        ;        ;
;    IC                  ;        ; 35    ; 16.372      ; 42         ; 0.000  ; 2.417  ;
;    Cell                ;        ; 36    ; 22.827      ; 58         ; 0.000  ; 3.938  ;
;    uTco                ;        ; 1     ; 0.000       ; 0          ; 0.000  ; 0.000  ;
;  Required Path         ;        ;       ;             ;            ;        ;        ;
;   Clock                ;        ;       ;             ;            ;        ;        ;
;    IC                  ;        ; 6     ; 3.921       ; 54         ; 0.000  ; 1.843  ;
;    Cell                ;        ; 5     ; 3.302       ; 46         ; 0.279  ; 1.466  ;
;    PLL Compensation    ;        ; 1     ; -0.220      ; 0          ; -0.220 ; -0.220 ;
+------------------------+--------+-------+-------------+------------+--------+--------+
Note: Negative delays are omitted from totals when calculating percentages

+------------------------------------------------------------------------------------------------------------------------------------------------------------------------------+
; Data Arrival Path                                                                                                                                                            ;
+----------+---------+----+------+--------+----------------------------+-------------------------------------------------------------------------------------------------------+
; Total    ; Incr    ; RF ; Type ; Fanout ; Location                   ; Element                                                                                               ;
+----------+---------+----+------+--------+----------------------------+-------------------------------------------------------------------------------------------------------+
; 0.000    ; 0.000   ;    ;      ;        ;                            ; launch edge time                                                                                      ;
; 8.455    ; 8.455   ;    ;      ;        ;                            ; clock path                                                                                            ;
;   0.000  ;   0.000 ;    ;      ;        ;                            ; source latency                                                                                        ;
;   0.000  ;   0.000 ;    ;      ; 1      ; PIN_Y13                    ; FPGA_CLK2_50                                                                                          ;
;   0.000  ;   0.000 ; RR ; IC   ; 1      ; IOIBUF_X56_Y0_N1           ; FPGA_CLK2_50~input|i                                                                                  ;
;   0.761  ;   0.761 ; RR ; CELL ; 2      ; IOIBUF_X56_Y0_N1           ; FPGA_CLK2_50~input|o                                                                                  ;
;   2.096  ;   1.335 ; RR ; IC   ; 1      ; PLLREFCLKSELECT_X89_Y7_N0  ; emu|pll|pll_inst|altera_pll_i|general[0].gpll~PLL_REFCLK_SELECT|clkin[0]                              ;
;   2.429  ;   0.333 ; RR ; CELL ; 1      ; PLLREFCLKSELECT_X89_Y7_N0  ; emu|pll|pll_inst|altera_pll_i|general[0].gpll~PLL_REFCLK_SELECT|clkout                                ;
;   2.429  ;   0.000 ; RR ; IC   ; 10     ; FRACTIONALPLL_X89_Y1_N0    ; emu|pll|pll_inst|altera_pll_i|general[0].gpll~FRACTIONAL_PLL|refclkin                                 ;
;   2.545  ;   0.116 ; RR ; CELL ; 2      ; FRACTIONALPLL_X89_Y1_N0    ; emu|pll|pll_inst|altera_pll_i|general[0].gpll~FRACTIONAL_PLL|vcoph[0]                                 ;
;   2.545  ;   0.000 ; RR ; IC   ; 1      ; PLLOUTPUTCOUNTER_X89_Y5_N1 ; emu|pll|pll_inst|altera_pll_i|general[0].gpll~PLL_OUTPUT_COUNTER|vco0ph[0]                            ;
;   4.290  ;   1.745 ; RR ; CELL ; 3      ; PLLOUTPUTCOUNTER_X89_Y5_N1 ; emu|pll|pll_inst|altera_pll_i|general[0].gpll~PLL_OUTPUT_COUNTER|divclk                               ;
;   5.328  ;   1.038 ; RR ; IC   ; 1      ; CLKCTRL_G4                 ; emu|pll|pll_inst|altera_pll_i|outclk_wire[0]~CLKENA0|inclk                                            ;
;   5.632  ;   0.304 ; RR ; CELL ; 7784   ; CLKCTRL_G4                 ; emu|pll|pll_inst|altera_pll_i|outclk_wire[0]~CLKENA0|outclk                                           ;
;   7.894  ;   2.262 ; RR ; IC   ; 1      ; FF_X25_Y21_N50             ; emu|spath|stub|lat_qp[4]|clk                                                                          ;
;   8.455  ;   0.561 ; RR ; CELL ; 1      ; FF_X25_Y21_N50             ; emu:emu|stream_path:spath|decode_stub:stub|lat_qp[4]                                                  ;
; 47.654   ; 39.199  ;    ;      ;        ;                            ; data path                                                                                             ;
;   8.455  ;   0.000 ;    ; uTco ; 1      ; FF_X25_Y21_N50             ; emu:emu|stream_path:spath|decode_stub:stub|lat_qp[4]                                                  ;
;   8.455  ;   0.000 ; RR ; CELL ; 4      ; FF_X25_Y21_N50             ; emu|spath|stub|lat_qp[4]|q                                                                            ;
;   8.753  ;   0.298 ; RR ; IC   ; 2      ; MLABCELL_X25_Y21_N3        ; emu|spath|stub|u_h264_dequant4x4|Mod0|auto_generated|divider|divider|add_sub_2_result_int[1]~9|dataa  ;
;   10.004 ;   1.251 ; RR ; CELL ; 1      ; MLABCELL_X25_Y21_N3        ; emu|spath|stub|u_h264_dequant4x4|Mod0|auto_generated|divider|divider|add_sub_2_result_int[1]~9|sumout ;
;   10.221 ;   0.217 ; RR ; IC   ; 1      ; MLABCELL_X25_Y21_N57       ; emu|spath|stub|u_h264_dequant4x4|Mod0|auto_generated|divider|divider|StageOut[9]~9|dataa              ;
;   10.807 ;   0.586 ; RR ; CELL ; 2      ; MLABCELL_X25_Y21_N57       ; emu|spath|stub|u_h264_dequant4x4|Mod0|auto_generated|divider|divider|StageOut[9]~9|combout            ;
;   11.344 ;   0.537 ; RR ; IC   ; 2      ; LABCELL_X24_Y21_N51        ; emu|spath|stub|u_h264_dequant4x4|Mod0|auto_generated|divider|divider|op_4~21|datac                    ;
;   12.193 ;   0.849 ; RR ; CELL ; 1      ; LABCELL_X24_Y21_N51        ; emu|spath|stub|u_h264_dequant4x4|Mod0|auto_generated|divider|divider|op_4~21|cout                     ;
;   12.193 ;   0.000 ; RR ; IC   ; 1      ; LABCELL_X24_Y21_N54        ; emu|spath|stub|u_h264_dequant4x4|Mod0|auto_generated|divider|divider|op_4~10|cin                      ;
;   12.239 ;   0.046 ; RR ; CELL ; 1      ; LABCELL_X24_Y21_N54        ; emu|spath|stub|u_h264_dequant4x4|Mod0|auto_generated|divider|divider|op_4~10|cout                     ;
;   12.239 ;   0.000 ; RR ; IC   ; 1      ; LABCELL_X24_Y21_N57        ; emu|spath|stub|u_h264_dequant4x4|Mod0|auto_generated|divider|divider|op_4~1|cin                       ;
;   12.393 ;   0.154 ; RR ; CELL ; 6      ; LABCELL_X24_Y21_N57        ; emu|spath|stub|u_h264_dequant4x4|Mod0|auto_generated|divider|divider|op_4~1|sumout                    ;
;   12.613 ;   0.220 ; RR ; IC   ; 2      ; LABCELL_X24_Y21_N24        ; emu|spath|stub|u_h264_dequant4x4|Mod0|auto_generated|divider|divider|op_5~9|datab                     ;
;   13.690 ;   1.077 ; RR ; CELL ; 1      ; LABCELL_X24_Y21_N24        ; emu|spath|stub|u_h264_dequant4x4|Mod0|auto_generated|divider|divider|op_5~9|cout                      ;
;   13.690 ;   0.000 ; RR ; IC   ; 2      ; LABCELL_X24_Y21_N27        ; emu|spath|stub|u_h264_dequant4x4|Mod0|auto_generated|divider|divider|op_5~21|cin                      ;
;   13.690 ;   0.000 ; RR ; CELL ; 1      ; LABCELL_X24_Y21_N27        ; emu|spath|stub|u_h264_dequant4x4|Mod0|auto_generated|divider|divider|op_5~21|cout                     ;
;   13.690 ;   0.000 ; RR ; IC   ; 1      ; LABCELL_X24_Y21_N30        ; emu|spath|stub|u_h264_dequant4x4|Mod0|auto_generated|divider|divider|op_5~14|cin                      ;
;   13.790 ;   0.100 ; RR ; CELL ; 1      ; LABCELL_X24_Y21_N30        ; emu|spath|stub|u_h264_dequant4x4|Mod0|auto_generated|divider|divider|op_5~14|cout                     ;
;   13.790 ;   0.000 ; RR ; IC   ; 1      ; LABCELL_X24_Y21_N33        ; emu|spath|stub|u_h264_dequant4x4|Mod0|auto_generated|divider|divider|op_5~1|cin                       ;
;   13.944 ;   0.154 ; RR ; CELL ; 7      ; LABCELL_X24_Y21_N33        ; emu|spath|stub|u_h264_dequant4x4|Mod0|auto_generated|divider|divider|op_5~1|sumout                    ;
;   14.193 ;   0.249 ; RR ; IC   ; 2      ; LABCELL_X24_Y21_N9         ; emu|spath|stub|u_h264_dequant4x4|Mod0|auto_generated|divider|divider|op_6~13|dataa                    ;
;   15.275 ;   1.082 ; RR ; CELL ; 1      ; LABCELL_X24_Y21_N9         ; emu|spath|stub|u_h264_dequant4x4|Mod0|auto_generated|divider|divider|op_6~13|cout                     ;
;   15.275 ;   0.000 ; RR ; IC   ; 1      ; LABCELL_X24_Y21_N12        ; emu|spath|stub|u_h264_dequant4x4|Mod0|auto_generated|divider|divider|op_6~18|cin                      ;
;   15.325 ;   0.050 ; RR ; CELL ; 1      ; LABCELL_X24_Y21_N12        ; emu|spath|stub|u_h264_dequant4x4|Mod0|auto_generated|divider|divider|op_6~18|cout                     ;
;   15.325 ;   0.000 ; RR ; IC   ; 1      ; LABCELL_X24_Y21_N15        ; emu|spath|stub|u_h264_dequant4x4|Mod0|auto_generated|divider|divider|op_6~1|cin                       ;
;   15.479 ;   0.154 ; RF ; CELL ; 7      ; LABCELL_X24_Y21_N15        ; emu|spath|stub|u_h264_dequant4x4|Mod0|auto_generated|divider|divider|op_6~1|sumout                    ;
;   16.336 ;   0.857 ; FF ; IC   ; 1      ; LABCELL_X23_Y20_N3         ; emu|spath|stub|u_h264_dequant4x4|Mod0|auto_generated|divider|divider|StageOut[22]~4|datac             ;
;   16.822 ;   0.486 ; FF ; CELL ; 42     ; LABCELL_X23_Y20_N3         ; emu|spath|stub|u_h264_dequant4x4|Mod0|auto_generated|divider|divider|StageOut[22]~4|combout           ;
;   17.476 ;   0.654 ; FF ; IC   ; 1      ; MLABCELL_X25_Y20_N57       ; emu|spath|stub|u_h264_dequant4x4|ShiftLeft2~9|datac                                                   ;
;   17.937 ;   0.461 ; FR ; CELL ; 3      ; MLABCELL_X25_Y20_N57       ; emu|spath|stub|u_h264_dequant4x4|ShiftLeft2~9|combout                                                 ;
;   18.204 ;   0.267 ; RR ; IC   ; 1      ; MLABCELL_X25_Y20_N3        ; emu|spath|stub|u_h264_dequant4x4|ShiftLeft2~10|datae                                                  ;
;   18.420 ;   0.216 ; RF ; CELL ; 4      ; MLABCELL_X25_Y20_N3        ; emu|spath|stub|u_h264_dequant4x4|ShiftLeft2~10|combout                                                ;
;   20.837 ;   2.417 ; FF ; IC   ; 22     ; DSP_X32_Y4_N0              ; emu|spath|stub|u_h264_dequant4x4|Mult7~8|ay[9]                                                        ;
;   24.775 ;   3.938 ; FF ; CELL ; 1      ; DSP_X32_Y4_N0              ; emu|spath|stub|u_h264_dequant4x4|Mult7~8|resulta[25]                                                  ;
;   26.034 ;   1.259 ; FF ; IC   ; 6      ; DSP_X32_Y2_N0              ; emu|spath|stub|u_h264_dequant4x4|Mult7~mult_hlmac|by[7]                                               ;
;   28.573 ;   2.539 ; FF ; CELL ; 1      ; DSP_X32_Y2_N0              ; emu|spath|stub|u_h264_dequant4x4|Mult7~mult_hlmac|resulta[0]                                          ;
;   29.570 ;   0.997 ; FF ; IC   ; 2      ; LABCELL_X31_Y6_N39         ; emu|spath|stub|u_h264_dequant4x4|Add8~57|datad                                                        ;
;   30.478 ;   0.908 ; FF ; CELL ; 3      ; LABCELL_X31_Y6_N39         ; emu|spath|stub|u_h264_dequant4x4|Add8~57|sumout                                                       ;
;   32.303 ;   1.825 ; FF ; IC   ; 2      ; LABCELL_X18_Y9_N39         ; emu|spath|stub|u_h264_idct4x4|Add7~25|datad                                                           ;
;   33.048 ;   0.745 ; FR ; CELL ; 1      ; LABCELL_X18_Y9_N39         ; emu|spath|stub|u_h264_idct4x4|Add7~25|cout                                                            ;
;   33.048 ;   0.000 ; RR ; IC   ; 2      ; LABCELL_X18_Y9_N42         ; emu|spath|stub|u_h264_idct4x4|Add7~29|cin                                                             ;
;   33.403 ;   0.355 ; RF ; CELL ; 2      ; LABCELL_X18_Y9_N42         ; emu|spath|stub|u_h264_idct4x4|Add7~29|sumout                                                          ;
;   34.415 ;   1.012 ; FF ; IC   ; 2      ; LABCELL_X19_Y10_N9         ; emu|spath|stub|u_h264_idct4x4|Add22~29|datac                                                          ;
;   35.223 ;   0.808 ; FF ; CELL ; 1      ; LABCELL_X19_Y10_N9         ; emu|spath|stub|u_h264_idct4x4|Add22~29|cout                                                           ;
;   35.223 ;   0.000 ; FF ; IC   ; 2      ; LABCELL_X19_Y10_N12        ; emu|spath|stub|u_h264_idct4x4|Add22~37|cin                                                            ;
;   35.589 ;   0.366 ; FF ; CELL ; 2      ; LABCELL_X19_Y10_N12        ; emu|spath|stub|u_h264_idct4x4|Add22~37|sumout                                                         ;
;   36.440 ;   0.851 ; FF ; IC   ; 2      ; LABCELL_X19_Y13_N12        ; emu|spath|stub|u_h264_idct4x4|Add40~29|datac                                                          ;
;   37.277 ;   0.837 ; FF ; CELL ; 1      ; LABCELL_X19_Y13_N12        ; emu|spath|stub|u_h264_idct4x4|Add40~29|cout                                                           ;
;   37.277 ;   0.000 ; FF ; IC   ; 2      ; LABCELL_X19_Y13_N15        ; emu|spath|stub|u_h264_idct4x4|Add40~37|cin                                                            ;
;   37.277 ;   0.000 ; FF ; CELL ; 1      ; LABCELL_X19_Y13_N15        ; emu|spath|stub|u_h264_idct4x4|Add40~37|cout                                                           ;
;   37.277 ;   0.000 ; FF ; IC   ; 2      ; LABCELL_X19_Y13_N18        ; emu|spath|stub|u_h264_idct4x4|Add40~53|cin                                                            ;
;   37.632 ;   0.355 ; FF ; CELL ; 2      ; LABCELL_X19_Y13_N18        ; emu|spath|stub|u_h264_idct4x4|Add40~53|sumout                                                         ;
;   39.001 ;   1.369 ; FF ; IC   ; 2      ; LABCELL_X18_Y17_N18        ; emu|spath|stub|u_h264_idct4x4|Add53~57|datab                                                          ;
;   40.139 ;   1.138 ; FF ; CELL ; 2      ; LABCELL_X18_Y17_N18        ; emu|spath|stub|u_h264_idct4x4|Add53~57|sumout                                                         ;
;   41.331 ;   1.192 ; FF ; IC   ; 2      ; LABCELL_X19_Y16_N9         ; emu|spath|stub|u_h264_recon4x4|Add1~29|datad                                                          ;
;   42.000 ;   0.669 ; FF ; CELL ; 1      ; LABCELL_X19_Y16_N9         ; emu|spath|stub|u_h264_recon4x4|Add1~29|cout                                                           ;
;   42.000 ;   0.000 ; FF ; IC   ; 2      ; LABCELL_X19_Y16_N12        ; emu|spath|stub|u_h264_recon4x4|Add1~33|cin                                                            ;
;   42.372 ;   0.372 ; FR ; CELL ; 2      ; LABCELL_X19_Y16_N12        ; emu|spath|stub|u_h264_recon4x4|Add1~33|sumout                                                         ;
;   42.603 ;   0.231 ; RR ; IC   ; 1      ; LABCELL_X19_Y16_N39        ; emu|spath|stub|u_h264_recon4x4|recon[1][7]~92|datab                                                   ;
;   43.156 ;   0.553 ; RF ; CELL ; 1      ; LABCELL_X19_Y16_N39        ; emu|spath|stub|u_h264_recon4x4|recon[1][7]~92|combout                                                 ;
;   43.386 ;   0.230 ; FF ; IC   ; 1      ; LABCELL_X19_Y16_N48        ; emu|spath|stub|u_h264_recon4x4|recon[1][7]~0|datad                                                    ;
;   43.898 ;   0.512 ; FF ; CELL ; 10     ; LABCELL_X19_Y16_N48        ; emu|spath|stub|u_h264_recon4x4|recon[1][7]~0|combout                                                  ;
;   44.819 ;   0.921 ; FF ; IC   ; 1      ; LABCELL_X22_Y14_N42        ; emu|spath|stub|recon_dbg_comb[5]~181|datac                                                            ;
;   45.329 ;   0.510 ; FF ; CELL ; 1      ; LABCELL_X22_Y14_N42        ; emu|spath|stub|recon_dbg_comb[5]~181|combout                                                          ;
;   45.552 ;   0.223 ; FF ; IC   ; 1      ; LABCELL_X22_Y14_N0         ; emu|spath|stub|recon_dbg_comb[5]~246|datad                                                            ;
;   46.062 ;   0.510 ; FF ; CELL ; 1      ; LABCELL_X22_Y14_N0         ; emu|spath|stub|recon_dbg_comb[5]~246|combout                                                          ;
;   46.316 ;   0.254 ; FF ; IC   ; 1      ; LABCELL_X22_Y14_N54        ; emu|spath|stub|recon_dbg_comb[5]~254|datae                                                            ;
;   46.537 ;   0.221 ; FF ; CELL ; 1      ; LABCELL_X22_Y14_N54        ; emu|spath|stub|recon_dbg_comb[5]~254|combout                                                          ;
;   46.829 ;   0.292 ; FF ; IC   ; 1      ; LABCELL_X23_Y14_N12        ; emu|spath|stub|recon_dbg_comb[5]~208|dataa                                                            ;
;   47.394 ;   0.565 ; FR ; CELL ; 1      ; LABCELL_X23_Y14_N12        ; emu|spath|stub|recon_dbg_comb[5]~208|combout                                                          ;
;   47.394 ;   0.000 ; RR ; IC   ; 1      ; FF_X23_Y14_N13             ; emu|spath|stub|recon_dbg[5]|d                                                                         ;
;   47.654 ;   0.260 ; RR ; CELL ; 1      ; FF_X23_Y14_N13             ; emu:emu|stream_path:spath|decode_stub:stub|recon_dbg[5]                                               ;
+----------+---------+----+------+--------+----------------------------+-------------------------------------------------------------------------------------------------------+

+----------------------------------------------------------------------------------------------------------------------------------------------------+
; Data Required Path                                                                                                                                 ;
+----------+----------+----+------+--------+----------------------------+----------------------------------------------------------------------------+
; Total    ; Incr     ; RF ; Type ; Fanout ; Location                   ; Element                                                                    ;
+----------+----------+----+------+--------+----------------------------+----------------------------------------------------------------------------+
; 50.000   ; 50.000   ;    ;      ;        ;                            ; latch edge time                                                            ;
; 57.963   ; 7.963    ;    ;      ;        ;                            ; clock path                                                                 ;
;   50.000 ;   0.000  ;    ;      ;        ;                            ; source latency                                                             ;
;   50.000 ;   0.000  ;    ;      ; 1      ; PIN_Y13                    ; FPGA_CLK2_50                                                               ;
;   50.000 ;   0.000  ; RR ; IC   ; 1      ; IOIBUF_X56_Y0_N1           ; FPGA_CLK2_50~input|i                                                       ;
;   50.761 ;   0.761  ; RR ; CELL ; 2      ; IOIBUF_X56_Y0_N1           ; FPGA_CLK2_50~input|o                                                       ;
;   51.932 ;   1.171  ; RR ; IC   ; 1      ; PLLREFCLKSELECT_X89_Y7_N0  ; emu|pll|pll_inst|altera_pll_i|general[0].gpll~PLL_REFCLK_SELECT|clkin[0]   ;
;   52.240 ;   0.308  ; RR ; CELL ; 1      ; PLLREFCLKSELECT_X89_Y7_N0  ; emu|pll|pll_inst|altera_pll_i|general[0].gpll~PLL_REFCLK_SELECT|clkout     ;
;   52.240 ;   0.000  ; RR ; IC   ; 10     ; FRACTIONALPLL_X89_Y1_N0    ; emu|pll|pll_inst|altera_pll_i|general[0].gpll~FRACTIONAL_PLL|refclkin      ;
;   52.020 ;   -0.220 ; RR ; COMP ; 2      ; FRACTIONALPLL_X89_Y1_N0    ; emu|pll|pll_inst|altera_pll_i|general[0].gpll~FRACTIONAL_PLL|vcoph[0]      ;
;   52.020 ;   0.000  ; RR ; IC   ; 1      ; PLLOUTPUTCOUNTER_X89_Y5_N1 ; emu|pll|pll_inst|altera_pll_i|general[0].gpll~PLL_OUTPUT_COUNTER|vco0ph[0] ;
;   53.486 ;   1.466  ; RR ; CELL ; 3      ; PLLOUTPUTCOUNTER_X89_Y5_N1 ; emu|pll|pll_inst|altera_pll_i|general[0].gpll~PLL_OUTPUT_COUNTER|divclk    ;
;   54.393 ;   0.907  ; RR ; IC   ; 1      ; CLKCTRL_G4                 ; emu|pll|pll_inst|altera_pll_i|outclk_wire[0]~CLKENA0|inclk                 ;
;   54.672 ;   0.279  ; RR ; CELL ; 7784   ; CLKCTRL_G4                 ; emu|pll|pll_inst|altera_pll_i|outclk_wire[0]~CLKENA0|outclk                ;
;   56.515 ;   1.843  ; RR ; IC   ; 1      ; FF_X23_Y14_N13             ; emu|spath|stub|recon_dbg[5]|clk                                            ;
;   57.003 ;   0.488  ; RR ; CELL ; 1      ; FF_X23_Y14_N13             ; emu:emu|stream_path:spath|decode_stub:stub|recon_dbg[5]                    ;
;   57.963 ;   0.960  ;    ;      ;        ;                            ; clock pessimism removed                                                    ;
; 57.833   ; -0.130   ;    ;      ;        ;                            ; clock uncertainty                                                          ;
; 57.833   ; 0.000    ;    ; uTsu ; 1      ; FF_X23_Y14_N13             ; emu:emu|stream_path:spath|decode_stub:stub|recon_dbg[5]                    ;
+----------+----------+----+------+--------+----------------------------+----------------------------------------------------------------------------+

----------------------------
; Extra Fitter Information ;
----------------------------
HTML report is unavailable in plain text report export.


Path #7: Setup slack is 10.179 
===============================================================================
+----------------------------------------------------------------------------------------------+
; Path Summary                                                                                 ;
+--------------------+-------------------------------------------------------------------------+
; Property           ; Value                                                                   ;
+--------------------+-------------------------------------------------------------------------+
; From Node          ; emu:emu|stream_path:spath|decode_stub:stub|lat_qp[4]                    ;
; To Node            ; emu:emu|stream_path:spath|decode_stub:stub|recon_dbg[5]                 ;
; Launch Clock       ; emu|pll|pll_inst|altera_pll_i|general[0].gpll~PLL_OUTPUT_COUNTER|divclk ;
; Latch Clock        ; emu|pll|pll_inst|altera_pll_i|general[0].gpll~PLL_OUTPUT_COUNTER|divclk ;
; Data Arrival Time  ; 47.654                                                                  ;
; Data Required Time ; 57.833                                                                  ;
; Slack              ; 10.179                                                                  ;
+--------------------+-------------------------------------------------------------------------+

+--------------------------------------------------------------------------------------+
; Statistics                                                                           ;
+------------------------+--------+-------+-------------+------------+--------+--------+
; Property               ; Value  ; Count ; Total Delay ; % of Total ; Min    ; Max    ;
+------------------------+--------+-------+-------------+------------+--------+--------+
; Setup Relationship     ; 50.000 ;       ;             ;            ;        ;        ;
; Clock Skew             ; -0.492 ;       ;             ;            ;        ;        ;
; Data Delay             ; 39.199 ;       ;             ;            ;        ;        ;
; Number of Logic Levels ;        ; 22    ;             ;            ;        ;        ;
; Physical Delays        ;        ;       ;             ;            ;        ;        ;
;  Arrival Path          ;        ;       ;             ;            ;        ;        ;
;   Clock                ;        ;       ;             ;            ;        ;        ;
;    IC                  ;        ; 6     ; 4.635       ; 55         ; 0.000  ; 2.262  ;
;    Cell                ;        ; 6     ; 3.820       ; 45         ; 0.116  ; 1.745  ;
;   Data                 ;        ;       ;             ;            ;        ;        ;
;    IC                  ;        ; 35    ; 16.372      ; 42         ; 0.000  ; 2.417  ;
;    Cell                ;        ; 36    ; 22.827      ; 58         ; 0.000  ; 3.938  ;
;    uTco                ;        ; 1     ; 0.000       ; 0          ; 0.000  ; 0.000  ;
;  Required Path         ;        ;       ;             ;            ;        ;        ;
;   Clock                ;        ;       ;             ;            ;        ;        ;
;    IC                  ;        ; 6     ; 3.921       ; 54         ; 0.000  ; 1.843  ;
;    Cell                ;        ; 5     ; 3.302       ; 46         ; 0.279  ; 1.466  ;
;    PLL Compensation    ;        ; 1     ; -0.220      ; 0          ; -0.220 ; -0.220 ;
+------------------------+--------+-------+-------------+------------+--------+--------+
Note: Negative delays are omitted from totals when calculating percentages

+------------------------------------------------------------------------------------------------------------------------------------------------------------------------------+
; Data Arrival Path                                                                                                                                                            ;
+----------+---------+----+------+--------+----------------------------+-------------------------------------------------------------------------------------------------------+
; Total    ; Incr    ; RF ; Type ; Fanout ; Location                   ; Element                                                                                               ;
+----------+---------+----+------+--------+----------------------------+-------------------------------------------------------------------------------------------------------+
; 0.000    ; 0.000   ;    ;      ;        ;                            ; launch edge time                                                                                      ;
; 8.455    ; 8.455   ;    ;      ;        ;                            ; clock path                                                                                            ;
;   0.000  ;   0.000 ;    ;      ;        ;                            ; source latency                                                                                        ;
;   0.000  ;   0.000 ;    ;      ; 1      ; PIN_Y13                    ; FPGA_CLK2_50                                                                                          ;
;   0.000  ;   0.000 ; RR ; IC   ; 1      ; IOIBUF_X56_Y0_N1           ; FPGA_CLK2_50~input|i                                                                                  ;
;   0.761  ;   0.761 ; RR ; CELL ; 2      ; IOIBUF_X56_Y0_N1           ; FPGA_CLK2_50~input|o                                                                                  ;
;   2.096  ;   1.335 ; RR ; IC   ; 1      ; PLLREFCLKSELECT_X89_Y7_N0  ; emu|pll|pll_inst|altera_pll_i|general[0].gpll~PLL_REFCLK_SELECT|clkin[0]                              ;
;   2.429  ;   0.333 ; RR ; CELL ; 1      ; PLLREFCLKSELECT_X89_Y7_N0  ; emu|pll|pll_inst|altera_pll_i|general[0].gpll~PLL_REFCLK_SELECT|clkout                                ;
;   2.429  ;   0.000 ; RR ; IC   ; 10     ; FRACTIONALPLL_X89_Y1_N0    ; emu|pll|pll_inst|altera_pll_i|general[0].gpll~FRACTIONAL_PLL|refclkin                                 ;
;   2.545  ;   0.116 ; RR ; CELL ; 2      ; FRACTIONALPLL_X89_Y1_N0    ; emu|pll|pll_inst|altera_pll_i|general[0].gpll~FRACTIONAL_PLL|vcoph[0]                                 ;
;   2.545  ;   0.000 ; RR ; IC   ; 1      ; PLLOUTPUTCOUNTER_X89_Y5_N1 ; emu|pll|pll_inst|altera_pll_i|general[0].gpll~PLL_OUTPUT_COUNTER|vco0ph[0]                            ;
;   4.290  ;   1.745 ; RR ; CELL ; 3      ; PLLOUTPUTCOUNTER_X89_Y5_N1 ; emu|pll|pll_inst|altera_pll_i|general[0].gpll~PLL_OUTPUT_COUNTER|divclk                               ;
;   5.328  ;   1.038 ; RR ; IC   ; 1      ; CLKCTRL_G4                 ; emu|pll|pll_inst|altera_pll_i|outclk_wire[0]~CLKENA0|inclk                                            ;
;   5.632  ;   0.304 ; RR ; CELL ; 7784   ; CLKCTRL_G4                 ; emu|pll|pll_inst|altera_pll_i|outclk_wire[0]~CLKENA0|outclk                                           ;
;   7.894  ;   2.262 ; RR ; IC   ; 1      ; FF_X25_Y21_N50             ; emu|spath|stub|lat_qp[4]|clk                                                                          ;
;   8.455  ;   0.561 ; RR ; CELL ; 1      ; FF_X25_Y21_N50             ; emu:emu|stream_path:spath|decode_stub:stub|lat_qp[4]                                                  ;
; 47.654   ; 39.199  ;    ;      ;        ;                            ; data path                                                                                             ;
;   8.455  ;   0.000 ;    ; uTco ; 1      ; FF_X25_Y21_N50             ; emu:emu|stream_path:spath|decode_stub:stub|lat_qp[4]                                                  ;
;   8.455  ;   0.000 ; RR ; CELL ; 4      ; FF_X25_Y21_N50             ; emu|spath|stub|lat_qp[4]|q                                                                            ;
;   8.753  ;   0.298 ; RR ; IC   ; 2      ; MLABCELL_X25_Y21_N3        ; emu|spath|stub|u_h264_dequant4x4|Mod0|auto_generated|divider|divider|add_sub_2_result_int[1]~9|dataa  ;
;   10.004 ;   1.251 ; RR ; CELL ; 1      ; MLABCELL_X25_Y21_N3        ; emu|spath|stub|u_h264_dequant4x4|Mod0|auto_generated|divider|divider|add_sub_2_result_int[1]~9|sumout ;
;   10.221 ;   0.217 ; RR ; IC   ; 1      ; MLABCELL_X25_Y21_N57       ; emu|spath|stub|u_h264_dequant4x4|Mod0|auto_generated|divider|divider|StageOut[9]~9|dataa              ;
;   10.807 ;   0.586 ; RR ; CELL ; 2      ; MLABCELL_X25_Y21_N57       ; emu|spath|stub|u_h264_dequant4x4|Mod0|auto_generated|divider|divider|StageOut[9]~9|combout            ;
;   11.344 ;   0.537 ; RR ; IC   ; 2      ; LABCELL_X24_Y21_N51        ; emu|spath|stub|u_h264_dequant4x4|Mod0|auto_generated|divider|divider|op_4~21|datac                    ;
;   12.193 ;   0.849 ; RR ; CELL ; 1      ; LABCELL_X24_Y21_N51        ; emu|spath|stub|u_h264_dequant4x4|Mod0|auto_generated|divider|divider|op_4~21|cout                     ;
;   12.193 ;   0.000 ; RR ; IC   ; 1      ; LABCELL_X24_Y21_N54        ; emu|spath|stub|u_h264_dequant4x4|Mod0|auto_generated|divider|divider|op_4~10|cin                      ;
;   12.239 ;   0.046 ; RR ; CELL ; 1      ; LABCELL_X24_Y21_N54        ; emu|spath|stub|u_h264_dequant4x4|Mod0|auto_generated|divider|divider|op_4~10|cout                     ;
;   12.239 ;   0.000 ; RR ; IC   ; 1      ; LABCELL_X24_Y21_N57        ; emu|spath|stub|u_h264_dequant4x4|Mod0|auto_generated|divider|divider|op_4~1|cin                       ;
;   12.393 ;   0.154 ; RR ; CELL ; 6      ; LABCELL_X24_Y21_N57        ; emu|spath|stub|u_h264_dequant4x4|Mod0|auto_generated|divider|divider|op_4~1|sumout                    ;
;   12.613 ;   0.220 ; RR ; IC   ; 2      ; LABCELL_X24_Y21_N27        ; emu|spath|stub|u_h264_dequant4x4|Mod0|auto_generated|divider|divider|op_5~21|datab                    ;
;   13.690 ;   1.077 ; RR ; CELL ; 1      ; LABCELL_X24_Y21_N27        ; emu|spath|stub|u_h264_dequant4x4|Mod0|auto_generated|divider|divider|op_5~21|cout                     ;
;   13.690 ;   0.000 ; RR ; IC   ; 1      ; LABCELL_X24_Y21_N30        ; emu|spath|stub|u_h264_dequant4x4|Mod0|auto_generated|divider|divider|op_5~14|cin                      ;
;   13.790 ;   0.100 ; RR ; CELL ; 1      ; LABCELL_X24_Y21_N30        ; emu|spath|stub|u_h264_dequant4x4|Mod0|auto_generated|divider|divider|op_5~14|cout                     ;
;   13.790 ;   0.000 ; RR ; IC   ; 1      ; LABCELL_X24_Y21_N33        ; emu|spath|stub|u_h264_dequant4x4|Mod0|auto_generated|divider|divider|op_5~1|cin                       ;
;   13.944 ;   0.154 ; RR ; CELL ; 7      ; LABCELL_X24_Y21_N33        ; emu|spath|stub|u_h264_dequant4x4|Mod0|auto_generated|divider|divider|op_5~1|sumout                    ;
;   14.193 ;   0.249 ; RR ; IC   ; 2      ; LABCELL_X24_Y21_N6         ; emu|spath|stub|u_h264_dequant4x4|Mod0|auto_generated|divider|divider|op_6~9|dataa                     ;
;   15.275 ;   1.082 ; RR ; CELL ; 1      ; LABCELL_X24_Y21_N6         ; emu|spath|stub|u_h264_dequant4x4|Mod0|auto_generated|divider|divider|op_6~9|cout                      ;
;   15.275 ;   0.000 ; RR ; IC   ; 2      ; LABCELL_X24_Y21_N9         ; emu|spath|stub|u_h264_dequant4x4|Mod0|auto_generated|divider|divider|op_6~13|cin                      ;
;   15.275 ;   0.000 ; RR ; CELL ; 1      ; LABCELL_X24_Y21_N9         ; emu|spath|stub|u_h264_dequant4x4|Mod0|auto_generated|divider|divider|op_6~13|cout                     ;
;   15.275 ;   0.000 ; RR ; IC   ; 1      ; LABCELL_X24_Y21_N12        ; emu|spath|stub|u_h264_dequant4x4|Mod0|auto_generated|divider|divider|op_6~18|cin                      ;
;   15.325 ;   0.050 ; RR ; CELL ; 1      ; LABCELL_X24_Y21_N12        ; emu|spath|stub|u_h264_dequant4x4|Mod0|auto_generated|divider|divider|op_6~18|cout                     ;
;   15.325 ;   0.000 ; RR ; IC   ; 1      ; LABCELL_X24_Y21_N15        ; emu|spath|stub|u_h264_dequant4x4|Mod0|auto_generated|divider|divider|op_6~1|cin                       ;
;   15.479 ;   0.154 ; RF ; CELL ; 7      ; LABCELL_X24_Y21_N15        ; emu|spath|stub|u_h264_dequant4x4|Mod0|auto_generated|divider|divider|op_6~1|sumout                    ;
;   16.336 ;   0.857 ; FF ; IC   ; 1      ; LABCELL_X23_Y20_N3         ; emu|spath|stub|u_h264_dequant4x4|Mod0|auto_generated|divider|divider|StageOut[22]~4|datac             ;
;   16.822 ;   0.486 ; FF ; CELL ; 42     ; LABCELL_X23_Y20_N3         ; emu|spath|stub|u_h264_dequant4x4|Mod0|auto_generated|divider|divider|StageOut[22]~4|combout           ;
;   17.476 ;   0.654 ; FF ; IC   ; 1      ; MLABCELL_X25_Y20_N57       ; emu|spath|stub|u_h264_dequant4x4|ShiftLeft2~9|datac                                                   ;
;   17.937 ;   0.461 ; FR ; CELL ; 3      ; MLABCELL_X25_Y20_N57       ; emu|spath|stub|u_h264_dequant4x4|ShiftLeft2~9|combout                                                 ;
;   18.204 ;   0.267 ; RR ; IC   ; 1      ; MLABCELL_X25_Y20_N3        ; emu|spath|stub|u_h264_dequant4x4|ShiftLeft2~10|datae                                                  ;
;   18.420 ;   0.216 ; RF ; CELL ; 4      ; MLABCELL_X25_Y20_N3        ; emu|spath|stub|u_h264_dequant4x4|ShiftLeft2~10|combout                                                ;
;   20.837 ;   2.417 ; FF ; IC   ; 22     ; DSP_X32_Y4_N0              ; emu|spath|stub|u_h264_dequant4x4|Mult7~8|ay[9]                                                        ;
;   24.775 ;   3.938 ; FF ; CELL ; 1      ; DSP_X32_Y4_N0              ; emu|spath|stub|u_h264_dequant4x4|Mult7~8|resulta[25]                                                  ;
;   26.034 ;   1.259 ; FF ; IC   ; 6      ; DSP_X32_Y2_N0              ; emu|spath|stub|u_h264_dequant4x4|Mult7~mult_hlmac|by[7]                                               ;
;   28.573 ;   2.539 ; FF ; CELL ; 1      ; DSP_X32_Y2_N0              ; emu|spath|stub|u_h264_dequant4x4|Mult7~mult_hlmac|resulta[0]                                          ;
;   29.570 ;   0.997 ; FF ; IC   ; 2      ; LABCELL_X31_Y6_N39         ; emu|spath|stub|u_h264_dequant4x4|Add8~57|datad                                                        ;
;   30.478 ;   0.908 ; FF ; CELL ; 3      ; LABCELL_X31_Y6_N39         ; emu|spath|stub|u_h264_dequant4x4|Add8~57|sumout                                                       ;
;   32.303 ;   1.825 ; FF ; IC   ; 2      ; LABCELL_X18_Y9_N39         ; emu|spath|stub|u_h264_idct4x4|Add7~25|datad                                                           ;
;   33.048 ;   0.745 ; FR ; CELL ; 1      ; LABCELL_X18_Y9_N39         ; emu|spath|stub|u_h264_idct4x4|Add7~25|cout                                                            ;
;   33.048 ;   0.000 ; RR ; IC   ; 2      ; LABCELL_X18_Y9_N42         ; emu|spath|stub|u_h264_idct4x4|Add7~29|cin                                                             ;
;   33.403 ;   0.355 ; RF ; CELL ; 2      ; LABCELL_X18_Y9_N42         ; emu|spath|stub|u_h264_idct4x4|Add7~29|sumout                                                          ;
;   34.415 ;   1.012 ; FF ; IC   ; 2      ; LABCELL_X19_Y10_N9         ; emu|spath|stub|u_h264_idct4x4|Add22~29|datac                                                          ;
;   35.223 ;   0.808 ; FF ; CELL ; 1      ; LABCELL_X19_Y10_N9         ; emu|spath|stub|u_h264_idct4x4|Add22~29|cout                                                           ;
;   35.223 ;   0.000 ; FF ; IC   ; 2      ; LABCELL_X19_Y10_N12        ; emu|spath|stub|u_h264_idct4x4|Add22~37|cin                                                            ;
;   35.589 ;   0.366 ; FF ; CELL ; 2      ; LABCELL_X19_Y10_N12        ; emu|spath|stub|u_h264_idct4x4|Add22~37|sumout                                                         ;
;   36.440 ;   0.851 ; FF ; IC   ; 2      ; LABCELL_X19_Y13_N12        ; emu|spath|stub|u_h264_idct4x4|Add40~29|datac                                                          ;
;   37.277 ;   0.837 ; FF ; CELL ; 1      ; LABCELL_X19_Y13_N12        ; emu|spath|stub|u_h264_idct4x4|Add40~29|cout                                                           ;
;   37.277 ;   0.000 ; FF ; IC   ; 2      ; LABCELL_X19_Y13_N15        ; emu|spath|stub|u_h264_idct4x4|Add40~37|cin                                                            ;
;   37.277 ;   0.000 ; FF ; CELL ; 1      ; LABCELL_X19_Y13_N15        ; emu|spath|stub|u_h264_idct4x4|Add40~37|cout                                                           ;
;   37.277 ;   0.000 ; FF ; IC   ; 2      ; LABCELL_X19_Y13_N18        ; emu|spath|stub|u_h264_idct4x4|Add40~53|cin                                                            ;
;   37.632 ;   0.355 ; FF ; CELL ; 2      ; LABCELL_X19_Y13_N18        ; emu|spath|stub|u_h264_idct4x4|Add40~53|sumout                                                         ;
;   39.001 ;   1.369 ; FF ; IC   ; 2      ; LABCELL_X18_Y17_N18        ; emu|spath|stub|u_h264_idct4x4|Add53~57|datab                                                          ;
;   40.139 ;   1.138 ; FF ; CELL ; 2      ; LABCELL_X18_Y17_N18        ; emu|spath|stub|u_h264_idct4x4|Add53~57|sumout                                                         ;
;   41.331 ;   1.192 ; FF ; IC   ; 2      ; LABCELL_X19_Y16_N9         ; emu|spath|stub|u_h264_recon4x4|Add1~29|datad                                                          ;
;   42.000 ;   0.669 ; FF ; CELL ; 1      ; LABCELL_X19_Y16_N9         ; emu|spath|stub|u_h264_recon4x4|Add1~29|cout                                                           ;
;   42.000 ;   0.000 ; FF ; IC   ; 2      ; LABCELL_X19_Y16_N12        ; emu|spath|stub|u_h264_recon4x4|Add1~33|cin                                                            ;
;   42.372 ;   0.372 ; FR ; CELL ; 2      ; LABCELL_X19_Y16_N12        ; emu|spath|stub|u_h264_recon4x4|Add1~33|sumout                                                         ;
;   42.603 ;   0.231 ; RR ; IC   ; 1      ; LABCELL_X19_Y16_N39        ; emu|spath|stub|u_h264_recon4x4|recon[1][7]~92|datab                                                   ;
;   43.156 ;   0.553 ; RF ; CELL ; 1      ; LABCELL_X19_Y16_N39        ; emu|spath|stub|u_h264_recon4x4|recon[1][7]~92|combout                                                 ;
;   43.386 ;   0.230 ; FF ; IC   ; 1      ; LABCELL_X19_Y16_N48        ; emu|spath|stub|u_h264_recon4x4|recon[1][7]~0|datad                                                    ;
;   43.898 ;   0.512 ; FF ; CELL ; 10     ; LABCELL_X19_Y16_N48        ; emu|spath|stub|u_h264_recon4x4|recon[1][7]~0|combout                                                  ;
;   44.819 ;   0.921 ; FF ; IC   ; 1      ; LABCELL_X22_Y14_N42        ; emu|spath|stub|recon_dbg_comb[5]~181|datac                                                            ;
;   45.329 ;   0.510 ; FF ; CELL ; 1      ; LABCELL_X22_Y14_N42        ; emu|spath|stub|recon_dbg_comb[5]~181|combout                                                          ;
;   45.552 ;   0.223 ; FF ; IC   ; 1      ; LABCELL_X22_Y14_N0         ; emu|spath|stub|recon_dbg_comb[5]~246|datad                                                            ;
;   46.062 ;   0.510 ; FF ; CELL ; 1      ; LABCELL_X22_Y14_N0         ; emu|spath|stub|recon_dbg_comb[5]~246|combout                                                          ;
;   46.316 ;   0.254 ; FF ; IC   ; 1      ; LABCELL_X22_Y14_N54        ; emu|spath|stub|recon_dbg_comb[5]~254|datae                                                            ;
;   46.537 ;   0.221 ; FF ; CELL ; 1      ; LABCELL_X22_Y14_N54        ; emu|spath|stub|recon_dbg_comb[5]~254|combout                                                          ;
;   46.829 ;   0.292 ; FF ; IC   ; 1      ; LABCELL_X23_Y14_N12        ; emu|spath|stub|recon_dbg_comb[5]~208|dataa                                                            ;
;   47.394 ;   0.565 ; FR ; CELL ; 1      ; LABCELL_X23_Y14_N12        ; emu|spath|stub|recon_dbg_comb[5]~208|combout                                                          ;
;   47.394 ;   0.000 ; RR ; IC   ; 1      ; FF_X23_Y14_N13             ; emu|spath|stub|recon_dbg[5]|d                                                                         ;
;   47.654 ;   0.260 ; RR ; CELL ; 1      ; FF_X23_Y14_N13             ; emu:emu|stream_path:spath|decode_stub:stub|recon_dbg[5]                                               ;
+----------+---------+----+------+--------+----------------------------+-------------------------------------------------------------------------------------------------------+

+----------------------------------------------------------------------------------------------------------------------------------------------------+
; Data Required Path                                                                                                                                 ;
+----------+----------+----+------+--------+----------------------------+----------------------------------------------------------------------------+
; Total    ; Incr     ; RF ; Type ; Fanout ; Location                   ; Element                                                                    ;
+----------+----------+----+------+--------+----------------------------+----------------------------------------------------------------------------+
; 50.000   ; 50.000   ;    ;      ;        ;                            ; latch edge time                                                            ;
; 57.963   ; 7.963    ;    ;      ;        ;                            ; clock path                                                                 ;
;   50.000 ;   0.000  ;    ;      ;        ;                            ; source latency                                                             ;
;   50.000 ;   0.000  ;    ;      ; 1      ; PIN_Y13                    ; FPGA_CLK2_50                                                               ;
;   50.000 ;   0.000  ; RR ; IC   ; 1      ; IOIBUF_X56_Y0_N1           ; FPGA_CLK2_50~input|i                                                       ;
;   50.761 ;   0.761  ; RR ; CELL ; 2      ; IOIBUF_X56_Y0_N1           ; FPGA_CLK2_50~input|o                                                       ;
;   51.932 ;   1.171  ; RR ; IC   ; 1      ; PLLREFCLKSELECT_X89_Y7_N0  ; emu|pll|pll_inst|altera_pll_i|general[0].gpll~PLL_REFCLK_SELECT|clkin[0]   ;
;   52.240 ;   0.308  ; RR ; CELL ; 1      ; PLLREFCLKSELECT_X89_Y7_N0  ; emu|pll|pll_inst|altera_pll_i|general[0].gpll~PLL_REFCLK_SELECT|clkout     ;
;   52.240 ;   0.000  ; RR ; IC   ; 10     ; FRACTIONALPLL_X89_Y1_N0    ; emu|pll|pll_inst|altera_pll_i|general[0].gpll~FRACTIONAL_PLL|refclkin      ;
;   52.020 ;   -0.220 ; RR ; COMP ; 2      ; FRACTIONALPLL_X89_Y1_N0    ; emu|pll|pll_inst|altera_pll_i|general[0].gpll~FRACTIONAL_PLL|vcoph[0]      ;
;   52.020 ;   0.000  ; RR ; IC   ; 1      ; PLLOUTPUTCOUNTER_X89_Y5_N1 ; emu|pll|pll_inst|altera_pll_i|general[0].gpll~PLL_OUTPUT_COUNTER|vco0ph[0] ;
;   53.486 ;   1.466  ; RR ; CELL ; 3      ; PLLOUTPUTCOUNTER_X89_Y5_N1 ; emu|pll|pll_inst|altera_pll_i|general[0].gpll~PLL_OUTPUT_COUNTER|divclk    ;
;   54.393 ;   0.907  ; RR ; IC   ; 1      ; CLKCTRL_G4                 ; emu|pll|pll_inst|altera_pll_i|outclk_wire[0]~CLKENA0|inclk                 ;
;   54.672 ;   0.279  ; RR ; CELL ; 7784   ; CLKCTRL_G4                 ; emu|pll|pll_inst|altera_pll_i|outclk_wire[0]~CLKENA0|outclk                ;
;   56.515 ;   1.843  ; RR ; IC   ; 1      ; FF_X23_Y14_N13             ; emu|spath|stub|recon_dbg[5]|clk                                            ;
;   57.003 ;   0.488  ; RR ; CELL ; 1      ; FF_X23_Y14_N13             ; emu:emu|stream_path:spath|decode_stub:stub|recon_dbg[5]                    ;
;   57.963 ;   0.960  ;    ;      ;        ;                            ; clock pessimism removed                                                    ;
; 57.833   ; -0.130   ;    ;      ;        ;                            ; clock uncertainty                                                          ;
; 57.833   ; 0.000    ;    ; uTsu ; 1      ; FF_X23_Y14_N13             ; emu:emu|stream_path:spath|decode_stub:stub|recon_dbg[5]                    ;
+----------+----------+----+------+--------+----------------------------+----------------------------------------------------------------------------+

----------------------------
; Extra Fitter Information ;
----------------------------
HTML report is unavailable in plain text report export.


Path #8: Setup slack is 10.179 
===============================================================================
+----------------------------------------------------------------------------------------------+
; Path Summary                                                                                 ;
+--------------------+-------------------------------------------------------------------------+
; Property           ; Value                                                                   ;
+--------------------+-------------------------------------------------------------------------+
; From Node          ; emu:emu|stream_path:spath|decode_stub:stub|lat_qp[4]                    ;
; To Node            ; emu:emu|stream_path:spath|decode_stub:stub|recon_dbg[5]                 ;
; Launch Clock       ; emu|pll|pll_inst|altera_pll_i|general[0].gpll~PLL_OUTPUT_COUNTER|divclk ;
; Latch Clock        ; emu|pll|pll_inst|altera_pll_i|general[0].gpll~PLL_OUTPUT_COUNTER|divclk ;
; Data Arrival Time  ; 47.654                                                                  ;
; Data Required Time ; 57.833                                                                  ;
; Slack              ; 10.179                                                                  ;
+--------------------+-------------------------------------------------------------------------+

+--------------------------------------------------------------------------------------+
; Statistics                                                                           ;
+------------------------+--------+-------+-------------+------------+--------+--------+
; Property               ; Value  ; Count ; Total Delay ; % of Total ; Min    ; Max    ;
+------------------------+--------+-------+-------------+------------+--------+--------+
; Setup Relationship     ; 50.000 ;       ;             ;            ;        ;        ;
; Clock Skew             ; -0.492 ;       ;             ;            ;        ;        ;
; Data Delay             ; 39.199 ;       ;             ;            ;        ;        ;
; Number of Logic Levels ;        ; 22    ;             ;            ;        ;        ;
; Physical Delays        ;        ;       ;             ;            ;        ;        ;
;  Arrival Path          ;        ;       ;             ;            ;        ;        ;
;   Clock                ;        ;       ;             ;            ;        ;        ;
;    IC                  ;        ; 6     ; 4.635       ; 55         ; 0.000  ; 2.262  ;
;    Cell                ;        ; 6     ; 3.820       ; 45         ; 0.116  ; 1.745  ;
;   Data                 ;        ;       ;             ;            ;        ;        ;
;    IC                  ;        ; 34    ; 16.372      ; 42         ; 0.000  ; 2.417  ;
;    Cell                ;        ; 35    ; 22.827      ; 58         ; 0.000  ; 3.938  ;
;    uTco                ;        ; 1     ; 0.000       ; 0          ; 0.000  ; 0.000  ;
;  Required Path         ;        ;       ;             ;            ;        ;        ;
;   Clock                ;        ;       ;             ;            ;        ;        ;
;    IC                  ;        ; 6     ; 3.921       ; 54         ; 0.000  ; 1.843  ;
;    Cell                ;        ; 5     ; 3.302       ; 46         ; 0.279  ; 1.466  ;
;    PLL Compensation    ;        ; 1     ; -0.220      ; 0          ; -0.220 ; -0.220 ;
+------------------------+--------+-------+-------------+------------+--------+--------+
Note: Negative delays are omitted from totals when calculating percentages

+------------------------------------------------------------------------------------------------------------------------------------------------------------------------------+
; Data Arrival Path                                                                                                                                                            ;
+----------+---------+----+------+--------+----------------------------+-------------------------------------------------------------------------------------------------------+
; Total    ; Incr    ; RF ; Type ; Fanout ; Location                   ; Element                                                                                               ;
+----------+---------+----+------+--------+----------------------------+-------------------------------------------------------------------------------------------------------+
; 0.000    ; 0.000   ;    ;      ;        ;                            ; launch edge time                                                                                      ;
; 8.455    ; 8.455   ;    ;      ;        ;                            ; clock path                                                                                            ;
;   0.000  ;   0.000 ;    ;      ;        ;                            ; source latency                                                                                        ;
;   0.000  ;   0.000 ;    ;      ; 1      ; PIN_Y13                    ; FPGA_CLK2_50                                                                                          ;
;   0.000  ;   0.000 ; RR ; IC   ; 1      ; IOIBUF_X56_Y0_N1           ; FPGA_CLK2_50~input|i                                                                                  ;
;   0.761  ;   0.761 ; RR ; CELL ; 2      ; IOIBUF_X56_Y0_N1           ; FPGA_CLK2_50~input|o                                                                                  ;
;   2.096  ;   1.335 ; RR ; IC   ; 1      ; PLLREFCLKSELECT_X89_Y7_N0  ; emu|pll|pll_inst|altera_pll_i|general[0].gpll~PLL_REFCLK_SELECT|clkin[0]                              ;
;   2.429  ;   0.333 ; RR ; CELL ; 1      ; PLLREFCLKSELECT_X89_Y7_N0  ; emu|pll|pll_inst|altera_pll_i|general[0].gpll~PLL_REFCLK_SELECT|clkout                                ;
;   2.429  ;   0.000 ; RR ; IC   ; 10     ; FRACTIONALPLL_X89_Y1_N0    ; emu|pll|pll_inst|altera_pll_i|general[0].gpll~FRACTIONAL_PLL|refclkin                                 ;
;   2.545  ;   0.116 ; RR ; CELL ; 2      ; FRACTIONALPLL_X89_Y1_N0    ; emu|pll|pll_inst|altera_pll_i|general[0].gpll~FRACTIONAL_PLL|vcoph[0]                                 ;
;   2.545  ;   0.000 ; RR ; IC   ; 1      ; PLLOUTPUTCOUNTER_X89_Y5_N1 ; emu|pll|pll_inst|altera_pll_i|general[0].gpll~PLL_OUTPUT_COUNTER|vco0ph[0]                            ;
;   4.290  ;   1.745 ; RR ; CELL ; 3      ; PLLOUTPUTCOUNTER_X89_Y5_N1 ; emu|pll|pll_inst|altera_pll_i|general[0].gpll~PLL_OUTPUT_COUNTER|divclk                               ;
;   5.328  ;   1.038 ; RR ; IC   ; 1      ; CLKCTRL_G4                 ; emu|pll|pll_inst|altera_pll_i|outclk_wire[0]~CLKENA0|inclk                                            ;
;   5.632  ;   0.304 ; RR ; CELL ; 7784   ; CLKCTRL_G4                 ; emu|pll|pll_inst|altera_pll_i|outclk_wire[0]~CLKENA0|outclk                                           ;
;   7.894  ;   2.262 ; RR ; IC   ; 1      ; FF_X25_Y21_N50             ; emu|spath|stub|lat_qp[4]|clk                                                                          ;
;   8.455  ;   0.561 ; RR ; CELL ; 1      ; FF_X25_Y21_N50             ; emu:emu|stream_path:spath|decode_stub:stub|lat_qp[4]                                                  ;
; 47.654   ; 39.199  ;    ;      ;        ;                            ; data path                                                                                             ;
;   8.455  ;   0.000 ;    ; uTco ; 1      ; FF_X25_Y21_N50             ; emu:emu|stream_path:spath|decode_stub:stub|lat_qp[4]                                                  ;
;   8.455  ;   0.000 ; RR ; CELL ; 4      ; FF_X25_Y21_N50             ; emu|spath|stub|lat_qp[4]|q                                                                            ;
;   8.753  ;   0.298 ; RR ; IC   ; 2      ; MLABCELL_X25_Y21_N3        ; emu|spath|stub|u_h264_dequant4x4|Mod0|auto_generated|divider|divider|add_sub_2_result_int[1]~9|dataa  ;
;   10.004 ;   1.251 ; RR ; CELL ; 1      ; MLABCELL_X25_Y21_N3        ; emu|spath|stub|u_h264_dequant4x4|Mod0|auto_generated|divider|divider|add_sub_2_result_int[1]~9|sumout ;
;   10.221 ;   0.217 ; RR ; IC   ; 1      ; MLABCELL_X25_Y21_N57       ; emu|spath|stub|u_h264_dequant4x4|Mod0|auto_generated|divider|divider|StageOut[9]~9|dataa              ;
;   10.807 ;   0.586 ; RR ; CELL ; 2      ; MLABCELL_X25_Y21_N57       ; emu|spath|stub|u_h264_dequant4x4|Mod0|auto_generated|divider|divider|StageOut[9]~9|combout            ;
;   11.344 ;   0.537 ; RR ; IC   ; 2      ; LABCELL_X24_Y21_N51        ; emu|spath|stub|u_h264_dequant4x4|Mod0|auto_generated|divider|divider|op_4~21|datac                    ;
;   12.193 ;   0.849 ; RR ; CELL ; 1      ; LABCELL_X24_Y21_N51        ; emu|spath|stub|u_h264_dequant4x4|Mod0|auto_generated|divider|divider|op_4~21|cout                     ;
;   12.193 ;   0.000 ; RR ; IC   ; 1      ; LABCELL_X24_Y21_N54        ; emu|spath|stub|u_h264_dequant4x4|Mod0|auto_generated|divider|divider|op_4~10|cin                      ;
;   12.239 ;   0.046 ; RR ; CELL ; 1      ; LABCELL_X24_Y21_N54        ; emu|spath|stub|u_h264_dequant4x4|Mod0|auto_generated|divider|divider|op_4~10|cout                     ;
;   12.239 ;   0.000 ; RR ; IC   ; 1      ; LABCELL_X24_Y21_N57        ; emu|spath|stub|u_h264_dequant4x4|Mod0|auto_generated|divider|divider|op_4~1|cin                       ;
;   12.393 ;   0.154 ; RR ; CELL ; 6      ; LABCELL_X24_Y21_N57        ; emu|spath|stub|u_h264_dequant4x4|Mod0|auto_generated|divider|divider|op_4~1|sumout                    ;
;   12.613 ;   0.220 ; RR ; IC   ; 2      ; LABCELL_X24_Y21_N27        ; emu|spath|stub|u_h264_dequant4x4|Mod0|auto_generated|divider|divider|op_5~21|datab                    ;
;   13.690 ;   1.077 ; RR ; CELL ; 1      ; LABCELL_X24_Y21_N27        ; emu|spath|stub|u_h264_dequant4x4|Mod0|auto_generated|divider|divider|op_5~21|cout                     ;
;   13.690 ;   0.000 ; RR ; IC   ; 1      ; LABCELL_X24_Y21_N30        ; emu|spath|stub|u_h264_dequant4x4|Mod0|auto_generated|divider|divider|op_5~14|cin                      ;
;   13.790 ;   0.100 ; RR ; CELL ; 1      ; LABCELL_X24_Y21_N30        ; emu|spath|stub|u_h264_dequant4x4|Mod0|auto_generated|divider|divider|op_5~14|cout                     ;
;   13.790 ;   0.000 ; RR ; IC   ; 1      ; LABCELL_X24_Y21_N33        ; emu|spath|stub|u_h264_dequant4x4|Mod0|auto_generated|divider|divider|op_5~1|cin                       ;
;   13.944 ;   0.154 ; RR ; CELL ; 7      ; LABCELL_X24_Y21_N33        ; emu|spath|stub|u_h264_dequant4x4|Mod0|auto_generated|divider|divider|op_5~1|sumout                    ;
;   14.193 ;   0.249 ; RR ; IC   ; 2      ; LABCELL_X24_Y21_N9         ; emu|spath|stub|u_h264_dequant4x4|Mod0|auto_generated|divider|divider|op_6~13|dataa                    ;
;   15.275 ;   1.082 ; RR ; CELL ; 1      ; LABCELL_X24_Y21_N9         ; emu|spath|stub|u_h264_dequant4x4|Mod0|auto_generated|divider|divider|op_6~13|cout                     ;
;   15.275 ;   0.000 ; RR ; IC   ; 1      ; LABCELL_X24_Y21_N12        ; emu|spath|stub|u_h264_dequant4x4|Mod0|auto_generated|divider|divider|op_6~18|cin                      ;
;   15.325 ;   0.050 ; RR ; CELL ; 1      ; LABCELL_X24_Y21_N12        ; emu|spath|stub|u_h264_dequant4x4|Mod0|auto_generated|divider|divider|op_6~18|cout                     ;
;   15.325 ;   0.000 ; RR ; IC   ; 1      ; LABCELL_X24_Y21_N15        ; emu|spath|stub|u_h264_dequant4x4|Mod0|auto_generated|divider|divider|op_6~1|cin                       ;
;   15.479 ;   0.154 ; RF ; CELL ; 7      ; LABCELL_X24_Y21_N15        ; emu|spath|stub|u_h264_dequant4x4|Mod0|auto_generated|divider|divider|op_6~1|sumout                    ;
;   16.336 ;   0.857 ; FF ; IC   ; 1      ; LABCELL_X23_Y20_N3         ; emu|spath|stub|u_h264_dequant4x4|Mod0|auto_generated|divider|divider|StageOut[22]~4|datac             ;
;   16.822 ;   0.486 ; FF ; CELL ; 42     ; LABCELL_X23_Y20_N3         ; emu|spath|stub|u_h264_dequant4x4|Mod0|auto_generated|divider|divider|StageOut[22]~4|combout           ;
;   17.476 ;   0.654 ; FF ; IC   ; 1      ; MLABCELL_X25_Y20_N57       ; emu|spath|stub|u_h264_dequant4x4|ShiftLeft2~9|datac                                                   ;
;   17.937 ;   0.461 ; FR ; CELL ; 3      ; MLABCELL_X25_Y20_N57       ; emu|spath|stub|u_h264_dequant4x4|ShiftLeft2~9|combout                                                 ;
;   18.204 ;   0.267 ; RR ; IC   ; 1      ; MLABCELL_X25_Y20_N3        ; emu|spath|stub|u_h264_dequant4x4|ShiftLeft2~10|datae                                                  ;
;   18.420 ;   0.216 ; RF ; CELL ; 4      ; MLABCELL_X25_Y20_N3        ; emu|spath|stub|u_h264_dequant4x4|ShiftLeft2~10|combout                                                ;
;   20.837 ;   2.417 ; FF ; IC   ; 22     ; DSP_X32_Y4_N0              ; emu|spath|stub|u_h264_dequant4x4|Mult7~8|ay[9]                                                        ;
;   24.775 ;   3.938 ; FF ; CELL ; 1      ; DSP_X32_Y4_N0              ; emu|spath|stub|u_h264_dequant4x4|Mult7~8|resulta[25]                                                  ;
;   26.034 ;   1.259 ; FF ; IC   ; 6      ; DSP_X32_Y2_N0              ; emu|spath|stub|u_h264_dequant4x4|Mult7~mult_hlmac|by[7]                                               ;
;   28.573 ;   2.539 ; FF ; CELL ; 1      ; DSP_X32_Y2_N0              ; emu|spath|stub|u_h264_dequant4x4|Mult7~mult_hlmac|resulta[0]                                          ;
;   29.570 ;   0.997 ; FF ; IC   ; 2      ; LABCELL_X31_Y6_N39         ; emu|spath|stub|u_h264_dequant4x4|Add8~57|datad                                                        ;
;   30.478 ;   0.908 ; FF ; CELL ; 3      ; LABCELL_X31_Y6_N39         ; emu|spath|stub|u_h264_dequant4x4|Add8~57|sumout                                                       ;
;   32.303 ;   1.825 ; FF ; IC   ; 2      ; LABCELL_X18_Y9_N39         ; emu|spath|stub|u_h264_idct4x4|Add7~25|datad                                                           ;
;   33.048 ;   0.745 ; FR ; CELL ; 1      ; LABCELL_X18_Y9_N39         ; emu|spath|stub|u_h264_idct4x4|Add7~25|cout                                                            ;
;   33.048 ;   0.000 ; RR ; IC   ; 2      ; LABCELL_X18_Y9_N42         ; emu|spath|stub|u_h264_idct4x4|Add7~29|cin                                                             ;
;   33.403 ;   0.355 ; RF ; CELL ; 2      ; LABCELL_X18_Y9_N42         ; emu|spath|stub|u_h264_idct4x4|Add7~29|sumout                                                          ;
;   34.415 ;   1.012 ; FF ; IC   ; 2      ; LABCELL_X19_Y10_N9         ; emu|spath|stub|u_h264_idct4x4|Add22~29|datac                                                          ;
;   35.223 ;   0.808 ; FF ; CELL ; 1      ; LABCELL_X19_Y10_N9         ; emu|spath|stub|u_h264_idct4x4|Add22~29|cout                                                           ;
;   35.223 ;   0.000 ; FF ; IC   ; 2      ; LABCELL_X19_Y10_N12        ; emu|spath|stub|u_h264_idct4x4|Add22~37|cin                                                            ;
;   35.589 ;   0.366 ; FF ; CELL ; 2      ; LABCELL_X19_Y10_N12        ; emu|spath|stub|u_h264_idct4x4|Add22~37|sumout                                                         ;
;   36.440 ;   0.851 ; FF ; IC   ; 2      ; LABCELL_X19_Y13_N12        ; emu|spath|stub|u_h264_idct4x4|Add40~29|datac                                                          ;
;   37.277 ;   0.837 ; FF ; CELL ; 1      ; LABCELL_X19_Y13_N12        ; emu|spath|stub|u_h264_idct4x4|Add40~29|cout                                                           ;
;   37.277 ;   0.000 ; FF ; IC   ; 2      ; LABCELL_X19_Y13_N15        ; emu|spath|stub|u_h264_idct4x4|Add40~37|cin                                                            ;
;   37.277 ;   0.000 ; FF ; CELL ; 1      ; LABCELL_X19_Y13_N15        ; emu|spath|stub|u_h264_idct4x4|Add40~37|cout                                                           ;
;   37.277 ;   0.000 ; FF ; IC   ; 2      ; LABCELL_X19_Y13_N18        ; emu|spath|stub|u_h264_idct4x4|Add40~53|cin                                                            ;
;   37.632 ;   0.355 ; FF ; CELL ; 2      ; LABCELL_X19_Y13_N18        ; emu|spath|stub|u_h264_idct4x4|Add40~53|sumout                                                         ;
;   39.001 ;   1.369 ; FF ; IC   ; 2      ; LABCELL_X18_Y17_N18        ; emu|spath|stub|u_h264_idct4x4|Add53~57|datab                                                          ;
;   40.139 ;   1.138 ; FF ; CELL ; 2      ; LABCELL_X18_Y17_N18        ; emu|spath|stub|u_h264_idct4x4|Add53~57|sumout                                                         ;
;   41.331 ;   1.192 ; FF ; IC   ; 2      ; LABCELL_X19_Y16_N9         ; emu|spath|stub|u_h264_recon4x4|Add1~29|datad                                                          ;
;   42.000 ;   0.669 ; FF ; CELL ; 1      ; LABCELL_X19_Y16_N9         ; emu|spath|stub|u_h264_recon4x4|Add1~29|cout                                                           ;
;   42.000 ;   0.000 ; FF ; IC   ; 2      ; LABCELL_X19_Y16_N12        ; emu|spath|stub|u_h264_recon4x4|Add1~33|cin                                                            ;
;   42.372 ;   0.372 ; FR ; CELL ; 2      ; LABCELL_X19_Y16_N12        ; emu|spath|stub|u_h264_recon4x4|Add1~33|sumout                                                         ;
;   42.603 ;   0.231 ; RR ; IC   ; 1      ; LABCELL_X19_Y16_N39        ; emu|spath|stub|u_h264_recon4x4|recon[1][7]~92|datab                                                   ;
;   43.156 ;   0.553 ; RF ; CELL ; 1      ; LABCELL_X19_Y16_N39        ; emu|spath|stub|u_h264_recon4x4|recon[1][7]~92|combout                                                 ;
;   43.386 ;   0.230 ; FF ; IC   ; 1      ; LABCELL_X19_Y16_N48        ; emu|spath|stub|u_h264_recon4x4|recon[1][7]~0|datad                                                    ;
;   43.898 ;   0.512 ; FF ; CELL ; 10     ; LABCELL_X19_Y16_N48        ; emu|spath|stub|u_h264_recon4x4|recon[1][7]~0|combout                                                  ;
;   44.819 ;   0.921 ; FF ; IC   ; 1      ; LABCELL_X22_Y14_N42        ; emu|spath|stub|recon_dbg_comb[5]~181|datac                                                            ;
;   45.329 ;   0.510 ; FF ; CELL ; 1      ; LABCELL_X22_Y14_N42        ; emu|spath|stub|recon_dbg_comb[5]~181|combout                                                          ;
;   45.552 ;   0.223 ; FF ; IC   ; 1      ; LABCELL_X22_Y14_N0         ; emu|spath|stub|recon_dbg_comb[5]~246|datad                                                            ;
;   46.062 ;   0.510 ; FF ; CELL ; 1      ; LABCELL_X22_Y14_N0         ; emu|spath|stub|recon_dbg_comb[5]~246|combout                                                          ;
;   46.316 ;   0.254 ; FF ; IC   ; 1      ; LABCELL_X22_Y14_N54        ; emu|spath|stub|recon_dbg_comb[5]~254|datae                                                            ;
;   46.537 ;   0.221 ; FF ; CELL ; 1      ; LABCELL_X22_Y14_N54        ; emu|spath|stub|recon_dbg_comb[5]~254|combout                                                          ;
;   46.829 ;   0.292 ; FF ; IC   ; 1      ; LABCELL_X23_Y14_N12        ; emu|spath|stub|recon_dbg_comb[5]~208|dataa                                                            ;
;   47.394 ;   0.565 ; FR ; CELL ; 1      ; LABCELL_X23_Y14_N12        ; emu|spath|stub|recon_dbg_comb[5]~208|combout                                                          ;
;   47.394 ;   0.000 ; RR ; IC   ; 1      ; FF_X23_Y14_N13             ; emu|spath|stub|recon_dbg[5]|d                                                                         ;
;   47.654 ;   0.260 ; RR ; CELL ; 1      ; FF_X23_Y14_N13             ; emu:emu|stream_path:spath|decode_stub:stub|recon_dbg[5]                                               ;
+----------+---------+----+------+--------+----------------------------+-------------------------------------------------------------------------------------------------------+

+----------------------------------------------------------------------------------------------------------------------------------------------------+
; Data Required Path                                                                                                                                 ;
+----------+----------+----+------+--------+----------------------------+----------------------------------------------------------------------------+
; Total    ; Incr     ; RF ; Type ; Fanout ; Location                   ; Element                                                                    ;
+----------+----------+----+------+--------+----------------------------+----------------------------------------------------------------------------+
; 50.000   ; 50.000   ;    ;      ;        ;                            ; latch edge time                                                            ;
; 57.963   ; 7.963    ;    ;      ;        ;                            ; clock path                                                                 ;
;   50.000 ;   0.000  ;    ;      ;        ;                            ; source latency                                                             ;
;   50.000 ;   0.000  ;    ;      ; 1      ; PIN_Y13                    ; FPGA_CLK2_50                                                               ;
;   50.000 ;   0.000  ; RR ; IC   ; 1      ; IOIBUF_X56_Y0_N1           ; FPGA_CLK2_50~input|i                                                       ;
;   50.761 ;   0.761  ; RR ; CELL ; 2      ; IOIBUF_X56_Y0_N1           ; FPGA_CLK2_50~input|o                                                       ;
;   51.932 ;   1.171  ; RR ; IC   ; 1      ; PLLREFCLKSELECT_X89_Y7_N0  ; emu|pll|pll_inst|altera_pll_i|general[0].gpll~PLL_REFCLK_SELECT|clkin[0]   ;
;   52.240 ;   0.308  ; RR ; CELL ; 1      ; PLLREFCLKSELECT_X89_Y7_N0  ; emu|pll|pll_inst|altera_pll_i|general[0].gpll~PLL_REFCLK_SELECT|clkout     ;
;   52.240 ;   0.000  ; RR ; IC   ; 10     ; FRACTIONALPLL_X89_Y1_N0    ; emu|pll|pll_inst|altera_pll_i|general[0].gpll~FRACTIONAL_PLL|refclkin      ;
;   52.020 ;   -0.220 ; RR ; COMP ; 2      ; FRACTIONALPLL_X89_Y1_N0    ; emu|pll|pll_inst|altera_pll_i|general[0].gpll~FRACTIONAL_PLL|vcoph[0]      ;
;   52.020 ;   0.000  ; RR ; IC   ; 1      ; PLLOUTPUTCOUNTER_X89_Y5_N1 ; emu|pll|pll_inst|altera_pll_i|general[0].gpll~PLL_OUTPUT_COUNTER|vco0ph[0] ;
;   53.486 ;   1.466  ; RR ; CELL ; 3      ; PLLOUTPUTCOUNTER_X89_Y5_N1 ; emu|pll|pll_inst|altera_pll_i|general[0].gpll~PLL_OUTPUT_COUNTER|divclk    ;
;   54.393 ;   0.907  ; RR ; IC   ; 1      ; CLKCTRL_G4                 ; emu|pll|pll_inst|altera_pll_i|outclk_wire[0]~CLKENA0|inclk                 ;
;   54.672 ;   0.279  ; RR ; CELL ; 7784   ; CLKCTRL_G4                 ; emu|pll|pll_inst|altera_pll_i|outclk_wire[0]~CLKENA0|outclk                ;
;   56.515 ;   1.843  ; RR ; IC   ; 1      ; FF_X23_Y14_N13             ; emu|spath|stub|recon_dbg[5]|clk                                            ;
;   57.003 ;   0.488  ; RR ; CELL ; 1      ; FF_X23_Y14_N13             ; emu:emu|stream_path:spath|decode_stub:stub|recon_dbg[5]                    ;
;   57.963 ;   0.960  ;    ;      ;        ;                            ; clock pessimism removed                                                    ;
; 57.833   ; -0.130   ;    ;      ;        ;                            ; clock uncertainty                                                          ;
; 57.833   ; 0.000    ;    ; uTsu ; 1      ; FF_X23_Y14_N13             ; emu:emu|stream_path:spath|decode_stub:stub|recon_dbg[5]                    ;
+----------+----------+----+------+--------+----------------------------+----------------------------------------------------------------------------+

----------------------------
; Extra Fitter Information ;
----------------------------
HTML report is unavailable in plain text report export.


Path #9: Setup slack is 10.202 
===============================================================================
+----------------------------------------------------------------------------------------------+
; Path Summary                                                                                 ;
+--------------------+-------------------------------------------------------------------------+
; Property           ; Value                                                                   ;
+--------------------+-------------------------------------------------------------------------+
; From Node          ; emu:emu|stream_path:spath|decode_stub:stub|lat_qp[4]                    ;
; To Node            ; emu:emu|stream_path:spath|decode_stub:stub|recon_dbg[5]                 ;
; Launch Clock       ; emu|pll|pll_inst|altera_pll_i|general[0].gpll~PLL_OUTPUT_COUNTER|divclk ;
; Latch Clock        ; emu|pll|pll_inst|altera_pll_i|general[0].gpll~PLL_OUTPUT_COUNTER|divclk ;
; Data Arrival Time  ; 47.631                                                                  ;
; Data Required Time ; 57.833                                                                  ;
; Slack              ; 10.202                                                                  ;
+--------------------+-------------------------------------------------------------------------+

+--------------------------------------------------------------------------------------+
; Statistics                                                                           ;
+------------------------+--------+-------+-------------+------------+--------+--------+
; Property               ; Value  ; Count ; Total Delay ; % of Total ; Min    ; Max    ;
+------------------------+--------+-------+-------------+------------+--------+--------+
; Setup Relationship     ; 50.000 ;       ;             ;            ;        ;        ;
; Clock Skew             ; -0.492 ;       ;             ;            ;        ;        ;
; Data Delay             ; 39.176 ;       ;             ;            ;        ;        ;
; Number of Logic Levels ;        ; 22    ;             ;            ;        ;        ;
; Physical Delays        ;        ;       ;             ;            ;        ;        ;
;  Arrival Path          ;        ;       ;             ;            ;        ;        ;
;   Clock                ;        ;       ;             ;            ;        ;        ;
;    IC                  ;        ; 6     ; 4.635       ; 55         ; 0.000  ; 2.262  ;
;    Cell                ;        ; 6     ; 3.820       ; 45         ; 0.116  ; 1.745  ;
;   Data                 ;        ;       ;             ;            ;        ;        ;
;    IC                  ;        ; 36    ; 16.279      ; 42         ; 0.000  ; 1.876  ;
;    Cell                ;        ; 37    ; 22.897      ; 58         ; 0.000  ; 3.938  ;
;    uTco                ;        ; 1     ; 0.000       ; 0          ; 0.000  ; 0.000  ;
;  Required Path         ;        ;       ;             ;            ;        ;        ;
;   Clock                ;        ;       ;             ;            ;        ;        ;
;    IC                  ;        ; 6     ; 3.921       ; 54         ; 0.000  ; 1.843  ;
;    Cell                ;        ; 5     ; 3.302       ; 46         ; 0.279  ; 1.466  ;
;    PLL Compensation    ;        ; 1     ; -0.220      ; 0          ; -0.220 ; -0.220 ;
+------------------------+--------+-------+-------------+------------+--------+--------+
Note: Negative delays are omitted from totals when calculating percentages

+------------------------------------------------------------------------------------------------------------------------------------------------------------------------------+
; Data Arrival Path                                                                                                                                                            ;
+----------+---------+----+------+--------+----------------------------+-------------------------------------------------------------------------------------------------------+
; Total    ; Incr    ; RF ; Type ; Fanout ; Location                   ; Element                                                                                               ;
+----------+---------+----+------+--------+----------------------------+-------------------------------------------------------------------------------------------------------+
; 0.000    ; 0.000   ;    ;      ;        ;                            ; launch edge time                                                                                      ;
; 8.455    ; 8.455   ;    ;      ;        ;                            ; clock path                                                                                            ;
;   0.000  ;   0.000 ;    ;      ;        ;                            ; source latency                                                                                        ;
;   0.000  ;   0.000 ;    ;      ; 1      ; PIN_Y13                    ; FPGA_CLK2_50                                                                                          ;
;   0.000  ;   0.000 ; RR ; IC   ; 1      ; IOIBUF_X56_Y0_N1           ; FPGA_CLK2_50~input|i                                                                                  ;
;   0.761  ;   0.761 ; RR ; CELL ; 2      ; IOIBUF_X56_Y0_N1           ; FPGA_CLK2_50~input|o                                                                                  ;
;   2.096  ;   1.335 ; RR ; IC   ; 1      ; PLLREFCLKSELECT_X89_Y7_N0  ; emu|pll|pll_inst|altera_pll_i|general[0].gpll~PLL_REFCLK_SELECT|clkin[0]                              ;
;   2.429  ;   0.333 ; RR ; CELL ; 1      ; PLLREFCLKSELECT_X89_Y7_N0  ; emu|pll|pll_inst|altera_pll_i|general[0].gpll~PLL_REFCLK_SELECT|clkout                                ;
;   2.429  ;   0.000 ; RR ; IC   ; 10     ; FRACTIONALPLL_X89_Y1_N0    ; emu|pll|pll_inst|altera_pll_i|general[0].gpll~FRACTIONAL_PLL|refclkin                                 ;
;   2.545  ;   0.116 ; RR ; CELL ; 2      ; FRACTIONALPLL_X89_Y1_N0    ; emu|pll|pll_inst|altera_pll_i|general[0].gpll~FRACTIONAL_PLL|vcoph[0]                                 ;
;   2.545  ;   0.000 ; RR ; IC   ; 1      ; PLLOUTPUTCOUNTER_X89_Y5_N1 ; emu|pll|pll_inst|altera_pll_i|general[0].gpll~PLL_OUTPUT_COUNTER|vco0ph[0]                            ;
;   4.290  ;   1.745 ; RR ; CELL ; 3      ; PLLOUTPUTCOUNTER_X89_Y5_N1 ; emu|pll|pll_inst|altera_pll_i|general[0].gpll~PLL_OUTPUT_COUNTER|divclk                               ;
;   5.328  ;   1.038 ; RR ; IC   ; 1      ; CLKCTRL_G4                 ; emu|pll|pll_inst|altera_pll_i|outclk_wire[0]~CLKENA0|inclk                                            ;
;   5.632  ;   0.304 ; RR ; CELL ; 7784   ; CLKCTRL_G4                 ; emu|pll|pll_inst|altera_pll_i|outclk_wire[0]~CLKENA0|outclk                                           ;
;   7.894  ;   2.262 ; RR ; IC   ; 1      ; FF_X25_Y21_N50             ; emu|spath|stub|lat_qp[4]|clk                                                                          ;
;   8.455  ;   0.561 ; RR ; CELL ; 1      ; FF_X25_Y21_N50             ; emu:emu|stream_path:spath|decode_stub:stub|lat_qp[4]                                                  ;
; 47.631   ; 39.176  ;    ;      ;        ;                            ; data path                                                                                             ;
;   8.455  ;   0.000 ;    ; uTco ; 1      ; FF_X25_Y21_N50             ; emu:emu|stream_path:spath|decode_stub:stub|lat_qp[4]                                                  ;
;   8.455  ;   0.000 ; RR ; CELL ; 4      ; FF_X25_Y21_N50             ; emu|spath|stub|lat_qp[4]|q                                                                            ;
;   8.753  ;   0.298 ; RR ; IC   ; 2      ; MLABCELL_X25_Y21_N3        ; emu|spath|stub|u_h264_dequant4x4|Mod0|auto_generated|divider|divider|add_sub_2_result_int[1]~9|dataa  ;
;   10.004 ;   1.251 ; RR ; CELL ; 1      ; MLABCELL_X25_Y21_N3        ; emu|spath|stub|u_h264_dequant4x4|Mod0|auto_generated|divider|divider|add_sub_2_result_int[1]~9|sumout ;
;   10.221 ;   0.217 ; RR ; IC   ; 1      ; MLABCELL_X25_Y21_N57       ; emu|spath|stub|u_h264_dequant4x4|Mod0|auto_generated|divider|divider|StageOut[9]~9|dataa              ;
;   10.807 ;   0.586 ; RR ; CELL ; 2      ; MLABCELL_X25_Y21_N57       ; emu|spath|stub|u_h264_dequant4x4|Mod0|auto_generated|divider|divider|StageOut[9]~9|combout            ;
;   11.344 ;   0.537 ; RR ; IC   ; 2      ; LABCELL_X24_Y21_N51        ; emu|spath|stub|u_h264_dequant4x4|Mod0|auto_generated|divider|divider|op_4~21|datac                    ;
;   12.193 ;   0.849 ; RR ; CELL ; 1      ; LABCELL_X24_Y21_N51        ; emu|spath|stub|u_h264_dequant4x4|Mod0|auto_generated|divider|divider|op_4~21|cout                     ;
;   12.193 ;   0.000 ; RR ; IC   ; 1      ; LABCELL_X24_Y21_N54        ; emu|spath|stub|u_h264_dequant4x4|Mod0|auto_generated|divider|divider|op_4~10|cin                      ;
;   12.239 ;   0.046 ; RR ; CELL ; 1      ; LABCELL_X24_Y21_N54        ; emu|spath|stub|u_h264_dequant4x4|Mod0|auto_generated|divider|divider|op_4~10|cout                     ;
;   12.239 ;   0.000 ; RR ; IC   ; 1      ; LABCELL_X24_Y21_N57        ; emu|spath|stub|u_h264_dequant4x4|Mod0|auto_generated|divider|divider|op_4~1|cin                       ;
;   12.393 ;   0.154 ; RR ; CELL ; 6      ; LABCELL_X24_Y21_N57        ; emu|spath|stub|u_h264_dequant4x4|Mod0|auto_generated|divider|divider|op_4~1|sumout                    ;
;   12.613 ;   0.220 ; RR ; IC   ; 2      ; LABCELL_X24_Y21_N24        ; emu|spath|stub|u_h264_dequant4x4|Mod0|auto_generated|divider|divider|op_5~9|datab                     ;
;   13.690 ;   1.077 ; RR ; CELL ; 1      ; LABCELL_X24_Y21_N24        ; emu|spath|stub|u_h264_dequant4x4|Mod0|auto_generated|divider|divider|op_5~9|cout                      ;
;   13.690 ;   0.000 ; RR ; IC   ; 2      ; LABCELL_X24_Y21_N27        ; emu|spath|stub|u_h264_dequant4x4|Mod0|auto_generated|divider|divider|op_5~21|cin                      ;
;   13.690 ;   0.000 ; RR ; CELL ; 1      ; LABCELL_X24_Y21_N27        ; emu|spath|stub|u_h264_dequant4x4|Mod0|auto_generated|divider|divider|op_5~21|cout                     ;
;   13.690 ;   0.000 ; RR ; IC   ; 1      ; LABCELL_X24_Y21_N30        ; emu|spath|stub|u_h264_dequant4x4|Mod0|auto_generated|divider|divider|op_5~14|cin                      ;
;   13.790 ;   0.100 ; RR ; CELL ; 1      ; LABCELL_X24_Y21_N30        ; emu|spath|stub|u_h264_dequant4x4|Mod0|auto_generated|divider|divider|op_5~14|cout                     ;
;   13.790 ;   0.000 ; RR ; IC   ; 1      ; LABCELL_X24_Y21_N33        ; emu|spath|stub|u_h264_dequant4x4|Mod0|auto_generated|divider|divider|op_5~1|cin                       ;
;   13.944 ;   0.154 ; RR ; CELL ; 7      ; LABCELL_X24_Y21_N33        ; emu|spath|stub|u_h264_dequant4x4|Mod0|auto_generated|divider|divider|op_5~1|sumout                    ;
;   14.193 ;   0.249 ; RR ; IC   ; 2      ; LABCELL_X24_Y21_N6         ; emu|spath|stub|u_h264_dequant4x4|Mod0|auto_generated|divider|divider|op_6~9|dataa                     ;
;   15.275 ;   1.082 ; RR ; CELL ; 1      ; LABCELL_X24_Y21_N6         ; emu|spath|stub|u_h264_dequant4x4|Mod0|auto_generated|divider|divider|op_6~9|cout                      ;
;   15.275 ;   0.000 ; RR ; IC   ; 2      ; LABCELL_X24_Y21_N9         ; emu|spath|stub|u_h264_dequant4x4|Mod0|auto_generated|divider|divider|op_6~13|cin                      ;
;   15.275 ;   0.000 ; RR ; CELL ; 1      ; LABCELL_X24_Y21_N9         ; emu|spath|stub|u_h264_dequant4x4|Mod0|auto_generated|divider|divider|op_6~13|cout                     ;
;   15.275 ;   0.000 ; RR ; IC   ; 1      ; LABCELL_X24_Y21_N12        ; emu|spath|stub|u_h264_dequant4x4|Mod0|auto_generated|divider|divider|op_6~18|cin                      ;
;   15.325 ;   0.050 ; RR ; CELL ; 1      ; LABCELL_X24_Y21_N12        ; emu|spath|stub|u_h264_dequant4x4|Mod0|auto_generated|divider|divider|op_6~18|cout                     ;
;   15.325 ;   0.000 ; RR ; IC   ; 1      ; LABCELL_X24_Y21_N15        ; emu|spath|stub|u_h264_dequant4x4|Mod0|auto_generated|divider|divider|op_6~1|cin                       ;
;   15.479 ;   0.154 ; RF ; CELL ; 7      ; LABCELL_X24_Y21_N15        ; emu|spath|stub|u_h264_dequant4x4|Mod0|auto_generated|divider|divider|op_6~1|sumout                    ;
;   16.336 ;   0.857 ; FF ; IC   ; 1      ; LABCELL_X23_Y20_N3         ; emu|spath|stub|u_h264_dequant4x4|Mod0|auto_generated|divider|divider|StageOut[22]~4|datac             ;
;   16.822 ;   0.486 ; FF ; CELL ; 42     ; LABCELL_X23_Y20_N3         ; emu|spath|stub|u_h264_dequant4x4|Mod0|auto_generated|divider|divider|StageOut[22]~4|combout           ;
;   17.877 ;   1.055 ; FF ; IC   ; 1      ; LABCELL_X23_Y18_N45        ; emu|spath|stub|u_h264_dequant4x4|ShiftLeft2~17|datad                                                  ;
;   18.385 ;   0.508 ; FF ; CELL ; 1      ; LABCELL_X23_Y18_N45        ; emu|spath|stub|u_h264_dequant4x4|ShiftLeft2~17|combout                                                ;
;   18.606 ;   0.221 ; FF ; IC   ; 1      ; LABCELL_X23_Y18_N57        ; emu|spath|stub|u_h264_dequant4x4|ShiftLeft2~18|datad                                                  ;
;   18.989 ;   0.383 ; FF ; CELL ; 4      ; LABCELL_X23_Y18_N57        ; emu|spath|stub|u_h264_dequant4x4|ShiftLeft2~18|combout                                                ;
;   20.865 ;   1.876 ; FF ; IC   ; 22     ; DSP_X32_Y4_N0              ; emu|spath|stub|u_h264_dequant4x4|Mult7~8|ay[14]                                                       ;
;   24.803 ;   3.938 ; FF ; CELL ; 1      ; DSP_X32_Y4_N0              ; emu|spath|stub|u_h264_dequant4x4|Mult7~8|resulta[25]                                                  ;
;   26.062 ;   1.259 ; FF ; IC   ; 6      ; DSP_X32_Y2_N0              ; emu|spath|stub|u_h264_dequant4x4|Mult7~mult_hlmac|by[7]                                               ;
;   28.601 ;   2.539 ; FF ; CELL ; 1      ; DSP_X32_Y2_N0              ; emu|spath|stub|u_h264_dequant4x4|Mult7~mult_hlmac|resulta[0]                                          ;
;   29.598 ;   0.997 ; FF ; IC   ; 2      ; LABCELL_X31_Y6_N39         ; emu|spath|stub|u_h264_dequant4x4|Add8~57|datad                                                        ;
;   30.506 ;   0.908 ; FF ; CELL ; 3      ; LABCELL_X31_Y6_N39         ; emu|spath|stub|u_h264_dequant4x4|Add8~57|sumout                                                       ;
;   32.331 ;   1.825 ; FF ; IC   ; 2      ; LABCELL_X18_Y9_N39         ; emu|spath|stub|u_h264_idct4x4|Add7~25|datad                                                           ;
;   33.239 ;   0.908 ; FF ; CELL ; 2      ; LABCELL_X18_Y9_N39         ; emu|spath|stub|u_h264_idct4x4|Add7~25|sumout                                                          ;
;   34.020 ;   0.781 ; FF ; IC   ; 2      ; LABCELL_X19_Y10_N6         ; emu|spath|stub|u_h264_idct4x4|Add22~25|datac                                                          ;
;   34.906 ;   0.886 ; FF ; CELL ; 2      ; LABCELL_X19_Y10_N6         ; emu|spath|stub|u_h264_idct4x4|Add22~25|sumout                                                         ;
;   36.081 ;   1.175 ; FF ; IC   ; 2      ; LABCELL_X19_Y13_N6         ; emu|spath|stub|u_h264_idct4x4|Add40~25|dataf                                                          ;
;   37.209 ;   1.128 ; FF ; CELL ; 1      ; LABCELL_X19_Y13_N6         ; emu|spath|stub|u_h264_idct4x4|Add40~25|cout                                                           ;
;   37.209 ;   0.000 ; FF ; IC   ; 2      ; LABCELL_X19_Y13_N9         ; emu|spath|stub|u_h264_idct4x4|Add40~33|cin                                                            ;
;   37.209 ;   0.000 ; FF ; CELL ; 1      ; LABCELL_X19_Y13_N9         ; emu|spath|stub|u_h264_idct4x4|Add40~33|cout                                                           ;
;   37.209 ;   0.000 ; FF ; IC   ; 2      ; LABCELL_X19_Y13_N12        ; emu|spath|stub|u_h264_idct4x4|Add40~29|cin                                                            ;
;   37.254 ;   0.045 ; FF ; CELL ; 1      ; LABCELL_X19_Y13_N12        ; emu|spath|stub|u_h264_idct4x4|Add40~29|cout                                                           ;
;   37.254 ;   0.000 ; FF ; IC   ; 2      ; LABCELL_X19_Y13_N15        ; emu|spath|stub|u_h264_idct4x4|Add40~37|cin                                                            ;
;   37.254 ;   0.000 ; FF ; CELL ; 1      ; LABCELL_X19_Y13_N15        ; emu|spath|stub|u_h264_idct4x4|Add40~37|cout                                                           ;
;   37.254 ;   0.000 ; FF ; IC   ; 2      ; LABCELL_X19_Y13_N18        ; emu|spath|stub|u_h264_idct4x4|Add40~53|cin                                                            ;
;   37.609 ;   0.355 ; FF ; CELL ; 2      ; LABCELL_X19_Y13_N18        ; emu|spath|stub|u_h264_idct4x4|Add40~53|sumout                                                         ;
;   38.978 ;   1.369 ; FF ; IC   ; 2      ; LABCELL_X18_Y17_N18        ; emu|spath|stub|u_h264_idct4x4|Add53~57|datab                                                          ;
;   40.116 ;   1.138 ; FF ; CELL ; 2      ; LABCELL_X18_Y17_N18        ; emu|spath|stub|u_h264_idct4x4|Add53~57|sumout                                                         ;
;   41.308 ;   1.192 ; FF ; IC   ; 2      ; LABCELL_X19_Y16_N9         ; emu|spath|stub|u_h264_recon4x4|Add1~29|datad                                                          ;
;   41.977 ;   0.669 ; FF ; CELL ; 1      ; LABCELL_X19_Y16_N9         ; emu|spath|stub|u_h264_recon4x4|Add1~29|cout                                                           ;
;   41.977 ;   0.000 ; FF ; IC   ; 2      ; LABCELL_X19_Y16_N12        ; emu|spath|stub|u_h264_recon4x4|Add1~33|cin                                                            ;
;   42.349 ;   0.372 ; FR ; CELL ; 2      ; LABCELL_X19_Y16_N12        ; emu|spath|stub|u_h264_recon4x4|Add1~33|sumout                                                         ;
;   42.580 ;   0.231 ; RR ; IC   ; 1      ; LABCELL_X19_Y16_N39        ; emu|spath|stub|u_h264_recon4x4|recon[1][7]~92|datab                                                   ;
;   43.133 ;   0.553 ; RF ; CELL ; 1      ; LABCELL_X19_Y16_N39        ; emu|spath|stub|u_h264_recon4x4|recon[1][7]~92|combout                                                 ;
;   43.363 ;   0.230 ; FF ; IC   ; 1      ; LABCELL_X19_Y16_N48        ; emu|spath|stub|u_h264_recon4x4|recon[1][7]~0|datad                                                    ;
;   43.875 ;   0.512 ; FF ; CELL ; 10     ; LABCELL_X19_Y16_N48        ; emu|spath|stub|u_h264_recon4x4|recon[1][7]~0|combout                                                  ;
;   44.796 ;   0.921 ; FF ; IC   ; 1      ; LABCELL_X22_Y14_N42        ; emu|spath|stub|recon_dbg_comb[5]~181|datac                                                            ;
;   45.306 ;   0.510 ; FF ; CELL ; 1      ; LABCELL_X22_Y14_N42        ; emu|spath|stub|recon_dbg_comb[5]~181|combout                                                          ;
;   45.529 ;   0.223 ; FF ; IC   ; 1      ; LABCELL_X22_Y14_N0         ; emu|spath|stub|recon_dbg_comb[5]~246|datad                                                            ;
;   46.039 ;   0.510 ; FF ; CELL ; 1      ; LABCELL_X22_Y14_N0         ; emu|spath|stub|recon_dbg_comb[5]~246|combout                                                          ;
;   46.293 ;   0.254 ; FF ; IC   ; 1      ; LABCELL_X22_Y14_N54        ; emu|spath|stub|recon_dbg_comb[5]~254|datae                                                            ;
;   46.514 ;   0.221 ; FF ; CELL ; 1      ; LABCELL_X22_Y14_N54        ; emu|spath|stub|recon_dbg_comb[5]~254|combout                                                          ;
;   46.806 ;   0.292 ; FF ; IC   ; 1      ; LABCELL_X23_Y14_N12        ; emu|spath|stub|recon_dbg_comb[5]~208|dataa                                                            ;
;   47.371 ;   0.565 ; FR ; CELL ; 1      ; LABCELL_X23_Y14_N12        ; emu|spath|stub|recon_dbg_comb[5]~208|combout                                                          ;
;   47.371 ;   0.000 ; RR ; IC   ; 1      ; FF_X23_Y14_N13             ; emu|spath|stub|recon_dbg[5]|d                                                                         ;
;   47.631 ;   0.260 ; RR ; CELL ; 1      ; FF_X23_Y14_N13             ; emu:emu|stream_path:spath|decode_stub:stub|recon_dbg[5]                                               ;
+----------+---------+----+------+--------+----------------------------+-------------------------------------------------------------------------------------------------------+

+----------------------------------------------------------------------------------------------------------------------------------------------------+
; Data Required Path                                                                                                                                 ;
+----------+----------+----+------+--------+----------------------------+----------------------------------------------------------------------------+
; Total    ; Incr     ; RF ; Type ; Fanout ; Location                   ; Element                                                                    ;
+----------+----------+----+------+--------+----------------------------+----------------------------------------------------------------------------+
; 50.000   ; 50.000   ;    ;      ;        ;                            ; latch edge time                                                            ;
; 57.963   ; 7.963    ;    ;      ;        ;                            ; clock path                                                                 ;
;   50.000 ;   0.000  ;    ;      ;        ;                            ; source latency                                                             ;
;   50.000 ;   0.000  ;    ;      ; 1      ; PIN_Y13                    ; FPGA_CLK2_50                                                               ;
;   50.000 ;   0.000  ; RR ; IC   ; 1      ; IOIBUF_X56_Y0_N1           ; FPGA_CLK2_50~input|i                                                       ;
;   50.761 ;   0.761  ; RR ; CELL ; 2      ; IOIBUF_X56_Y0_N1           ; FPGA_CLK2_50~input|o                                                       ;
;   51.932 ;   1.171  ; RR ; IC   ; 1      ; PLLREFCLKSELECT_X89_Y7_N0  ; emu|pll|pll_inst|altera_pll_i|general[0].gpll~PLL_REFCLK_SELECT|clkin[0]   ;
;   52.240 ;   0.308  ; RR ; CELL ; 1      ; PLLREFCLKSELECT_X89_Y7_N0  ; emu|pll|pll_inst|altera_pll_i|general[0].gpll~PLL_REFCLK_SELECT|clkout     ;
;   52.240 ;   0.000  ; RR ; IC   ; 10     ; FRACTIONALPLL_X89_Y1_N0    ; emu|pll|pll_inst|altera_pll_i|general[0].gpll~FRACTIONAL_PLL|refclkin      ;
;   52.020 ;   -0.220 ; RR ; COMP ; 2      ; FRACTIONALPLL_X89_Y1_N0    ; emu|pll|pll_inst|altera_pll_i|general[0].gpll~FRACTIONAL_PLL|vcoph[0]      ;
;   52.020 ;   0.000  ; RR ; IC   ; 1      ; PLLOUTPUTCOUNTER_X89_Y5_N1 ; emu|pll|pll_inst|altera_pll_i|general[0].gpll~PLL_OUTPUT_COUNTER|vco0ph[0] ;
;   53.486 ;   1.466  ; RR ; CELL ; 3      ; PLLOUTPUTCOUNTER_X89_Y5_N1 ; emu|pll|pll_inst|altera_pll_i|general[0].gpll~PLL_OUTPUT_COUNTER|divclk    ;
;   54.393 ;   0.907  ; RR ; IC   ; 1      ; CLKCTRL_G4                 ; emu|pll|pll_inst|altera_pll_i|outclk_wire[0]~CLKENA0|inclk                 ;
;   54.672 ;   0.279  ; RR ; CELL ; 7784   ; CLKCTRL_G4                 ; emu|pll|pll_inst|altera_pll_i|outclk_wire[0]~CLKENA0|outclk                ;
;   56.515 ;   1.843  ; RR ; IC   ; 1      ; FF_X23_Y14_N13             ; emu|spath|stub|recon_dbg[5]|clk                                            ;
;   57.003 ;   0.488  ; RR ; CELL ; 1      ; FF_X23_Y14_N13             ; emu:emu|stream_path:spath|decode_stub:stub|recon_dbg[5]                    ;
;   57.963 ;   0.960  ;    ;      ;        ;                            ; clock pessimism removed                                                    ;
; 57.833   ; -0.130   ;    ;      ;        ;                            ; clock uncertainty                                                          ;
; 57.833   ; 0.000    ;    ; uTsu ; 1      ; FF_X23_Y14_N13             ; emu:emu|stream_path:spath|decode_stub:stub|recon_dbg[5]                    ;
+----------+----------+----+------+--------+----------------------------+----------------------------------------------------------------------------+

----------------------------
; Extra Fitter Information ;
----------------------------
HTML report is unavailable in plain text report export.


Path #10: Setup slack is 10.202 
===============================================================================
+----------------------------------------------------------------------------------------------+
; Path Summary                                                                                 ;
+--------------------+-------------------------------------------------------------------------+
; Property           ; Value                                                                   ;
+--------------------+-------------------------------------------------------------------------+
; From Node          ; emu:emu|stream_path:spath|decode_stub:stub|lat_qp[4]                    ;
; To Node            ; emu:emu|stream_path:spath|decode_stub:stub|recon_dbg[5]                 ;
; Launch Clock       ; emu|pll|pll_inst|altera_pll_i|general[0].gpll~PLL_OUTPUT_COUNTER|divclk ;
; Latch Clock        ; emu|pll|pll_inst|altera_pll_i|general[0].gpll~PLL_OUTPUT_COUNTER|divclk ;
; Data Arrival Time  ; 47.631                                                                  ;
; Data Required Time ; 57.833                                                                  ;
; Slack              ; 10.202                                                                  ;
+--------------------+-------------------------------------------------------------------------+

+--------------------------------------------------------------------------------------+
; Statistics                                                                           ;
+------------------------+--------+-------+-------------+------------+--------+--------+
; Property               ; Value  ; Count ; Total Delay ; % of Total ; Min    ; Max    ;
+------------------------+--------+-------+-------------+------------+--------+--------+
; Setup Relationship     ; 50.000 ;       ;             ;            ;        ;        ;
; Clock Skew             ; -0.492 ;       ;             ;            ;        ;        ;
; Data Delay             ; 39.176 ;       ;             ;            ;        ;        ;
; Number of Logic Levels ;        ; 22    ;             ;            ;        ;        ;
; Physical Delays        ;        ;       ;             ;            ;        ;        ;
;  Arrival Path          ;        ;       ;             ;            ;        ;        ;
;   Clock                ;        ;       ;             ;            ;        ;        ;
;    IC                  ;        ; 6     ; 4.635       ; 55         ; 0.000  ; 2.262  ;
;    Cell                ;        ; 6     ; 3.820       ; 45         ; 0.116  ; 1.745  ;
;   Data                 ;        ;       ;             ;            ;        ;        ;
;    IC                  ;        ; 35    ; 16.279      ; 42         ; 0.000  ; 1.876  ;
;    Cell                ;        ; 36    ; 22.897      ; 58         ; 0.000  ; 3.938  ;
;    uTco                ;        ; 1     ; 0.000       ; 0          ; 0.000  ; 0.000  ;
;  Required Path         ;        ;       ;             ;            ;        ;        ;
;   Clock                ;        ;       ;             ;            ;        ;        ;
;    IC                  ;        ; 6     ; 3.921       ; 54         ; 0.000  ; 1.843  ;
;    Cell                ;        ; 5     ; 3.302       ; 46         ; 0.279  ; 1.466  ;
;    PLL Compensation    ;        ; 1     ; -0.220      ; 0          ; -0.220 ; -0.220 ;
+------------------------+--------+-------+-------------+------------+--------+--------+
Note: Negative delays are omitted from totals when calculating percentages

+------------------------------------------------------------------------------------------------------------------------------------------------------------------------------+
; Data Arrival Path                                                                                                                                                            ;
+----------+---------+----+------+--------+----------------------------+-------------------------------------------------------------------------------------------------------+
; Total    ; Incr    ; RF ; Type ; Fanout ; Location                   ; Element                                                                                               ;
+----------+---------+----+------+--------+----------------------------+-------------------------------------------------------------------------------------------------------+
; 0.000    ; 0.000   ;    ;      ;        ;                            ; launch edge time                                                                                      ;
; 8.455    ; 8.455   ;    ;      ;        ;                            ; clock path                                                                                            ;
;   0.000  ;   0.000 ;    ;      ;        ;                            ; source latency                                                                                        ;
;   0.000  ;   0.000 ;    ;      ; 1      ; PIN_Y13                    ; FPGA_CLK2_50                                                                                          ;
;   0.000  ;   0.000 ; RR ; IC   ; 1      ; IOIBUF_X56_Y0_N1           ; FPGA_CLK2_50~input|i                                                                                  ;
;   0.761  ;   0.761 ; RR ; CELL ; 2      ; IOIBUF_X56_Y0_N1           ; FPGA_CLK2_50~input|o                                                                                  ;
;   2.096  ;   1.335 ; RR ; IC   ; 1      ; PLLREFCLKSELECT_X89_Y7_N0  ; emu|pll|pll_inst|altera_pll_i|general[0].gpll~PLL_REFCLK_SELECT|clkin[0]                              ;
;   2.429  ;   0.333 ; RR ; CELL ; 1      ; PLLREFCLKSELECT_X89_Y7_N0  ; emu|pll|pll_inst|altera_pll_i|general[0].gpll~PLL_REFCLK_SELECT|clkout                                ;
;   2.429  ;   0.000 ; RR ; IC   ; 10     ; FRACTIONALPLL_X89_Y1_N0    ; emu|pll|pll_inst|altera_pll_i|general[0].gpll~FRACTIONAL_PLL|refclkin                                 ;
;   2.545  ;   0.116 ; RR ; CELL ; 2      ; FRACTIONALPLL_X89_Y1_N0    ; emu|pll|pll_inst|altera_pll_i|general[0].gpll~FRACTIONAL_PLL|vcoph[0]                                 ;
;   2.545  ;   0.000 ; RR ; IC   ; 1      ; PLLOUTPUTCOUNTER_X89_Y5_N1 ; emu|pll|pll_inst|altera_pll_i|general[0].gpll~PLL_OUTPUT_COUNTER|vco0ph[0]                            ;
;   4.290  ;   1.745 ; RR ; CELL ; 3      ; PLLOUTPUTCOUNTER_X89_Y5_N1 ; emu|pll|pll_inst|altera_pll_i|general[0].gpll~PLL_OUTPUT_COUNTER|divclk                               ;
;   5.328  ;   1.038 ; RR ; IC   ; 1      ; CLKCTRL_G4                 ; emu|pll|pll_inst|altera_pll_i|outclk_wire[0]~CLKENA0|inclk                                            ;
;   5.632  ;   0.304 ; RR ; CELL ; 7784   ; CLKCTRL_G4                 ; emu|pll|pll_inst|altera_pll_i|outclk_wire[0]~CLKENA0|outclk                                           ;
;   7.894  ;   2.262 ; RR ; IC   ; 1      ; FF_X25_Y21_N50             ; emu|spath|stub|lat_qp[4]|clk                                                                          ;
;   8.455  ;   0.561 ; RR ; CELL ; 1      ; FF_X25_Y21_N50             ; emu:emu|stream_path:spath|decode_stub:stub|lat_qp[4]                                                  ;
; 47.631   ; 39.176  ;    ;      ;        ;                            ; data path                                                                                             ;
;   8.455  ;   0.000 ;    ; uTco ; 1      ; FF_X25_Y21_N50             ; emu:emu|stream_path:spath|decode_stub:stub|lat_qp[4]                                                  ;
;   8.455  ;   0.000 ; RR ; CELL ; 4      ; FF_X25_Y21_N50             ; emu|spath|stub|lat_qp[4]|q                                                                            ;
;   8.753  ;   0.298 ; RR ; IC   ; 2      ; MLABCELL_X25_Y21_N3        ; emu|spath|stub|u_h264_dequant4x4|Mod0|auto_generated|divider|divider|add_sub_2_result_int[1]~9|dataa  ;
;   10.004 ;   1.251 ; RR ; CELL ; 1      ; MLABCELL_X25_Y21_N3        ; emu|spath|stub|u_h264_dequant4x4|Mod0|auto_generated|divider|divider|add_sub_2_result_int[1]~9|sumout ;
;   10.221 ;   0.217 ; RR ; IC   ; 1      ; MLABCELL_X25_Y21_N57       ; emu|spath|stub|u_h264_dequant4x4|Mod0|auto_generated|divider|divider|StageOut[9]~9|dataa              ;
;   10.807 ;   0.586 ; RR ; CELL ; 2      ; MLABCELL_X25_Y21_N57       ; emu|spath|stub|u_h264_dequant4x4|Mod0|auto_generated|divider|divider|StageOut[9]~9|combout            ;
;   11.344 ;   0.537 ; RR ; IC   ; 2      ; LABCELL_X24_Y21_N51        ; emu|spath|stub|u_h264_dequant4x4|Mod0|auto_generated|divider|divider|op_4~21|datac                    ;
;   12.193 ;   0.849 ; RR ; CELL ; 1      ; LABCELL_X24_Y21_N51        ; emu|spath|stub|u_h264_dequant4x4|Mod0|auto_generated|divider|divider|op_4~21|cout                     ;
;   12.193 ;   0.000 ; RR ; IC   ; 1      ; LABCELL_X24_Y21_N54        ; emu|spath|stub|u_h264_dequant4x4|Mod0|auto_generated|divider|divider|op_4~10|cin                      ;
;   12.239 ;   0.046 ; RR ; CELL ; 1      ; LABCELL_X24_Y21_N54        ; emu|spath|stub|u_h264_dequant4x4|Mod0|auto_generated|divider|divider|op_4~10|cout                     ;
;   12.239 ;   0.000 ; RR ; IC   ; 1      ; LABCELL_X24_Y21_N57        ; emu|spath|stub|u_h264_dequant4x4|Mod0|auto_generated|divider|divider|op_4~1|cin                       ;
;   12.393 ;   0.154 ; RR ; CELL ; 6      ; LABCELL_X24_Y21_N57        ; emu|spath|stub|u_h264_dequant4x4|Mod0|auto_generated|divider|divider|op_4~1|sumout                    ;
;   12.613 ;   0.220 ; RR ; IC   ; 2      ; LABCELL_X24_Y21_N24        ; emu|spath|stub|u_h264_dequant4x4|Mod0|auto_generated|divider|divider|op_5~9|datab                     ;
;   13.690 ;   1.077 ; RR ; CELL ; 1      ; LABCELL_X24_Y21_N24        ; emu|spath|stub|u_h264_dequant4x4|Mod0|auto_generated|divider|divider|op_5~9|cout                      ;
;   13.690 ;   0.000 ; RR ; IC   ; 2      ; LABCELL_X24_Y21_N27        ; emu|spath|stub|u_h264_dequant4x4|Mod0|auto_generated|divider|divider|op_5~21|cin                      ;
;   13.690 ;   0.000 ; RR ; CELL ; 1      ; LABCELL_X24_Y21_N27        ; emu|spath|stub|u_h264_dequant4x4|Mod0|auto_generated|divider|divider|op_5~21|cout                     ;
;   13.690 ;   0.000 ; RR ; IC   ; 1      ; LABCELL_X24_Y21_N30        ; emu|spath|stub|u_h264_dequant4x4|Mod0|auto_generated|divider|divider|op_5~14|cin                      ;
;   13.790 ;   0.100 ; RR ; CELL ; 1      ; LABCELL_X24_Y21_N30        ; emu|spath|stub|u_h264_dequant4x4|Mod0|auto_generated|divider|divider|op_5~14|cout                     ;
;   13.790 ;   0.000 ; RR ; IC   ; 1      ; LABCELL_X24_Y21_N33        ; emu|spath|stub|u_h264_dequant4x4|Mod0|auto_generated|divider|divider|op_5~1|cin                       ;
;   13.944 ;   0.154 ; RR ; CELL ; 7      ; LABCELL_X24_Y21_N33        ; emu|spath|stub|u_h264_dequant4x4|Mod0|auto_generated|divider|divider|op_5~1|sumout                    ;
;   14.193 ;   0.249 ; RR ; IC   ; 2      ; LABCELL_X24_Y21_N9         ; emu|spath|stub|u_h264_dequant4x4|Mod0|auto_generated|divider|divider|op_6~13|dataa                    ;
;   15.275 ;   1.082 ; RR ; CELL ; 1      ; LABCELL_X24_Y21_N9         ; emu|spath|stub|u_h264_dequant4x4|Mod0|auto_generated|divider|divider|op_6~13|cout                     ;
;   15.275 ;   0.000 ; RR ; IC   ; 1      ; LABCELL_X24_Y21_N12        ; emu|spath|stub|u_h264_dequant4x4|Mod0|auto_generated|divider|divider|op_6~18|cin                      ;
;   15.325 ;   0.050 ; RR ; CELL ; 1      ; LABCELL_X24_Y21_N12        ; emu|spath|stub|u_h264_dequant4x4|Mod0|auto_generated|divider|divider|op_6~18|cout                     ;
;   15.325 ;   0.000 ; RR ; IC   ; 1      ; LABCELL_X24_Y21_N15        ; emu|spath|stub|u_h264_dequant4x4|Mod0|auto_generated|divider|divider|op_6~1|cin                       ;
;   15.479 ;   0.154 ; RF ; CELL ; 7      ; LABCELL_X24_Y21_N15        ; emu|spath|stub|u_h264_dequant4x4|Mod0|auto_generated|divider|divider|op_6~1|sumout                    ;
;   16.336 ;   0.857 ; FF ; IC   ; 1      ; LABCELL_X23_Y20_N3         ; emu|spath|stub|u_h264_dequant4x4|Mod0|auto_generated|divider|divider|StageOut[22]~4|datac             ;
;   16.822 ;   0.486 ; FF ; CELL ; 42     ; LABCELL_X23_Y20_N3         ; emu|spath|stub|u_h264_dequant4x4|Mod0|auto_generated|divider|divider|StageOut[22]~4|combout           ;
;   17.877 ;   1.055 ; FF ; IC   ; 1      ; LABCELL_X23_Y18_N45        ; emu|spath|stub|u_h264_dequant4x4|ShiftLeft2~17|datad                                                  ;
;   18.385 ;   0.508 ; FF ; CELL ; 1      ; LABCELL_X23_Y18_N45        ; emu|spath|stub|u_h264_dequant4x4|ShiftLeft2~17|combout                                                ;
;   18.606 ;   0.221 ; FF ; IC   ; 1      ; LABCELL_X23_Y18_N57        ; emu|spath|stub|u_h264_dequant4x4|ShiftLeft2~18|datad                                                  ;
;   18.989 ;   0.383 ; FF ; CELL ; 4      ; LABCELL_X23_Y18_N57        ; emu|spath|stub|u_h264_dequant4x4|ShiftLeft2~18|combout                                                ;
;   20.865 ;   1.876 ; FF ; IC   ; 22     ; DSP_X32_Y4_N0              ; emu|spath|stub|u_h264_dequant4x4|Mult7~8|ay[14]                                                       ;
;   24.803 ;   3.938 ; FF ; CELL ; 1      ; DSP_X32_Y4_N0              ; emu|spath|stub|u_h264_dequant4x4|Mult7~8|resulta[25]                                                  ;
;   26.062 ;   1.259 ; FF ; IC   ; 6      ; DSP_X32_Y2_N0              ; emu|spath|stub|u_h264_dequant4x4|Mult7~mult_hlmac|by[7]                                               ;
;   28.601 ;   2.539 ; FF ; CELL ; 1      ; DSP_X32_Y2_N0              ; emu|spath|stub|u_h264_dequant4x4|Mult7~mult_hlmac|resulta[0]                                          ;
;   29.598 ;   0.997 ; FF ; IC   ; 2      ; LABCELL_X31_Y6_N39         ; emu|spath|stub|u_h264_dequant4x4|Add8~57|datad                                                        ;
;   30.506 ;   0.908 ; FF ; CELL ; 3      ; LABCELL_X31_Y6_N39         ; emu|spath|stub|u_h264_dequant4x4|Add8~57|sumout                                                       ;
;   32.331 ;   1.825 ; FF ; IC   ; 2      ; LABCELL_X18_Y9_N39         ; emu|spath|stub|u_h264_idct4x4|Add7~25|datad                                                           ;
;   33.239 ;   0.908 ; FF ; CELL ; 2      ; LABCELL_X18_Y9_N39         ; emu|spath|stub|u_h264_idct4x4|Add7~25|sumout                                                          ;
;   34.020 ;   0.781 ; FF ; IC   ; 2      ; LABCELL_X19_Y10_N6         ; emu|spath|stub|u_h264_idct4x4|Add22~25|datac                                                          ;
;   34.906 ;   0.886 ; FF ; CELL ; 2      ; LABCELL_X19_Y10_N6         ; emu|spath|stub|u_h264_idct4x4|Add22~25|sumout                                                         ;
;   36.081 ;   1.175 ; FF ; IC   ; 2      ; LABCELL_X19_Y13_N6         ; emu|spath|stub|u_h264_idct4x4|Add40~25|dataf                                                          ;
;   37.209 ;   1.128 ; FF ; CELL ; 1      ; LABCELL_X19_Y13_N6         ; emu|spath|stub|u_h264_idct4x4|Add40~25|cout                                                           ;
;   37.209 ;   0.000 ; FF ; IC   ; 2      ; LABCELL_X19_Y13_N9         ; emu|spath|stub|u_h264_idct4x4|Add40~33|cin                                                            ;
;   37.209 ;   0.000 ; FF ; CELL ; 1      ; LABCELL_X19_Y13_N9         ; emu|spath|stub|u_h264_idct4x4|Add40~33|cout                                                           ;
;   37.209 ;   0.000 ; FF ; IC   ; 2      ; LABCELL_X19_Y13_N12        ; emu|spath|stub|u_h264_idct4x4|Add40~29|cin                                                            ;
;   37.254 ;   0.045 ; FF ; CELL ; 1      ; LABCELL_X19_Y13_N12        ; emu|spath|stub|u_h264_idct4x4|Add40~29|cout                                                           ;
;   37.254 ;   0.000 ; FF ; IC   ; 2      ; LABCELL_X19_Y13_N15        ; emu|spath|stub|u_h264_idct4x4|Add40~37|cin                                                            ;
;   37.254 ;   0.000 ; FF ; CELL ; 1      ; LABCELL_X19_Y13_N15        ; emu|spath|stub|u_h264_idct4x4|Add40~37|cout                                                           ;
;   37.254 ;   0.000 ; FF ; IC   ; 2      ; LABCELL_X19_Y13_N18        ; emu|spath|stub|u_h264_idct4x4|Add40~53|cin                                                            ;
;   37.609 ;   0.355 ; FF ; CELL ; 2      ; LABCELL_X19_Y13_N18        ; emu|spath|stub|u_h264_idct4x4|Add40~53|sumout                                                         ;
;   38.978 ;   1.369 ; FF ; IC   ; 2      ; LABCELL_X18_Y17_N18        ; emu|spath|stub|u_h264_idct4x4|Add53~57|datab                                                          ;
;   40.116 ;   1.138 ; FF ; CELL ; 2      ; LABCELL_X18_Y17_N18        ; emu|spath|stub|u_h264_idct4x4|Add53~57|sumout                                                         ;
;   41.308 ;   1.192 ; FF ; IC   ; 2      ; LABCELL_X19_Y16_N9         ; emu|spath|stub|u_h264_recon4x4|Add1~29|datad                                                          ;
;   41.977 ;   0.669 ; FF ; CELL ; 1      ; LABCELL_X19_Y16_N9         ; emu|spath|stub|u_h264_recon4x4|Add1~29|cout                                                           ;
;   41.977 ;   0.000 ; FF ; IC   ; 2      ; LABCELL_X19_Y16_N12        ; emu|spath|stub|u_h264_recon4x4|Add1~33|cin                                                            ;
;   42.349 ;   0.372 ; FR ; CELL ; 2      ; LABCELL_X19_Y16_N12        ; emu|spath|stub|u_h264_recon4x4|Add1~33|sumout                                                         ;
;   42.580 ;   0.231 ; RR ; IC   ; 1      ; LABCELL_X19_Y16_N39        ; emu|spath|stub|u_h264_recon4x4|recon[1][7]~92|datab                                                   ;
;   43.133 ;   0.553 ; RF ; CELL ; 1      ; LABCELL_X19_Y16_N39        ; emu|spath|stub|u_h264_recon4x4|recon[1][7]~92|combout                                                 ;
;   43.363 ;   0.230 ; FF ; IC   ; 1      ; LABCELL_X19_Y16_N48        ; emu|spath|stub|u_h264_recon4x4|recon[1][7]~0|datad                                                    ;
;   43.875 ;   0.512 ; FF ; CELL ; 10     ; LABCELL_X19_Y16_N48        ; emu|spath|stub|u_h264_recon4x4|recon[1][7]~0|combout                                                  ;
;   44.796 ;   0.921 ; FF ; IC   ; 1      ; LABCELL_X22_Y14_N42        ; emu|spath|stub|recon_dbg_comb[5]~181|datac                                                            ;
;   45.306 ;   0.510 ; FF ; CELL ; 1      ; LABCELL_X22_Y14_N42        ; emu|spath|stub|recon_dbg_comb[5]~181|combout                                                          ;
;   45.529 ;   0.223 ; FF ; IC   ; 1      ; LABCELL_X22_Y14_N0         ; emu|spath|stub|recon_dbg_comb[5]~246|datad                                                            ;
;   46.039 ;   0.510 ; FF ; CELL ; 1      ; LABCELL_X22_Y14_N0         ; emu|spath|stub|recon_dbg_comb[5]~246|combout                                                          ;
;   46.293 ;   0.254 ; FF ; IC   ; 1      ; LABCELL_X22_Y14_N54        ; emu|spath|stub|recon_dbg_comb[5]~254|datae                                                            ;
;   46.514 ;   0.221 ; FF ; CELL ; 1      ; LABCELL_X22_Y14_N54        ; emu|spath|stub|recon_dbg_comb[5]~254|combout                                                          ;
;   46.806 ;   0.292 ; FF ; IC   ; 1      ; LABCELL_X23_Y14_N12        ; emu|spath|stub|recon_dbg_comb[5]~208|dataa                                                            ;
;   47.371 ;   0.565 ; FR ; CELL ; 1      ; LABCELL_X23_Y14_N12        ; emu|spath|stub|recon_dbg_comb[5]~208|combout                                                          ;
;   47.371 ;   0.000 ; RR ; IC   ; 1      ; FF_X23_Y14_N13             ; emu|spath|stub|recon_dbg[5]|d                                                                         ;
;   47.631 ;   0.260 ; RR ; CELL ; 1      ; FF_X23_Y14_N13             ; emu:emu|stream_path:spath|decode_stub:stub|recon_dbg[5]                                               ;
+----------+---------+----+------+--------+----------------------------+-------------------------------------------------------------------------------------------------------+

+----------------------------------------------------------------------------------------------------------------------------------------------------+
; Data Required Path                                                                                                                                 ;
+----------+----------+----+------+--------+----------------------------+----------------------------------------------------------------------------+
; Total    ; Incr     ; RF ; Type ; Fanout ; Location                   ; Element                                                                    ;
+----------+----------+----+------+--------+----------------------------+----------------------------------------------------------------------------+
; 50.000   ; 50.000   ;    ;      ;        ;                            ; latch edge time                                                            ;
; 57.963   ; 7.963    ;    ;      ;        ;                            ; clock path                                                                 ;
;   50.000 ;   0.000  ;    ;      ;        ;                            ; source latency                                                             ;
;   50.000 ;   0.000  ;    ;      ; 1      ; PIN_Y13                    ; FPGA_CLK2_50                                                               ;
;   50.000 ;   0.000  ; RR ; IC   ; 1      ; IOIBUF_X56_Y0_N1           ; FPGA_CLK2_50~input|i                                                       ;
;   50.761 ;   0.761  ; RR ; CELL ; 2      ; IOIBUF_X56_Y0_N1           ; FPGA_CLK2_50~input|o                                                       ;
;   51.932 ;   1.171  ; RR ; IC   ; 1      ; PLLREFCLKSELECT_X89_Y7_N0  ; emu|pll|pll_inst|altera_pll_i|general[0].gpll~PLL_REFCLK_SELECT|clkin[0]   ;
;   52.240 ;   0.308  ; RR ; CELL ; 1      ; PLLREFCLKSELECT_X89_Y7_N0  ; emu|pll|pll_inst|altera_pll_i|general[0].gpll~PLL_REFCLK_SELECT|clkout     ;
;   52.240 ;   0.000  ; RR ; IC   ; 10     ; FRACTIONALPLL_X89_Y1_N0    ; emu|pll|pll_inst|altera_pll_i|general[0].gpll~FRACTIONAL_PLL|refclkin      ;
;   52.020 ;   -0.220 ; RR ; COMP ; 2      ; FRACTIONALPLL_X89_Y1_N0    ; emu|pll|pll_inst|altera_pll_i|general[0].gpll~FRACTIONAL_PLL|vcoph[0]      ;
;   52.020 ;   0.000  ; RR ; IC   ; 1      ; PLLOUTPUTCOUNTER_X89_Y5_N1 ; emu|pll|pll_inst|altera_pll_i|general[0].gpll~PLL_OUTPUT_COUNTER|vco0ph[0] ;
;   53.486 ;   1.466  ; RR ; CELL ; 3      ; PLLOUTPUTCOUNTER_X89_Y5_N1 ; emu|pll|pll_inst|altera_pll_i|general[0].gpll~PLL_OUTPUT_COUNTER|divclk    ;
;   54.393 ;   0.907  ; RR ; IC   ; 1      ; CLKCTRL_G4                 ; emu|pll|pll_inst|altera_pll_i|outclk_wire[0]~CLKENA0|inclk                 ;
;   54.672 ;   0.279  ; RR ; CELL ; 7784   ; CLKCTRL_G4                 ; emu|pll|pll_inst|altera_pll_i|outclk_wire[0]~CLKENA0|outclk                ;
;   56.515 ;   1.843  ; RR ; IC   ; 1      ; FF_X23_Y14_N13             ; emu|spath|stub|recon_dbg[5]|clk                                            ;
;   57.003 ;   0.488  ; RR ; CELL ; 1      ; FF_X23_Y14_N13             ; emu:emu|stream_path:spath|decode_stub:stub|recon_dbg[5]                    ;
;   57.963 ;   0.960  ;    ;      ;        ;                            ; clock pessimism removed                                                    ;
; 57.833   ; -0.130   ;    ;      ;        ;                            ; clock uncertainty                                                          ;
; 57.833   ; 0.000    ;    ; uTsu ; 1      ; FF_X23_Y14_N13             ; emu:emu|stream_path:spath|decode_stub:stub|recon_dbg[5]                    ;
+----------+----------+----+------+--------+----------------------------+----------------------------------------------------------------------------+

----------------------------
; Extra Fitter Information ;
----------------------------
HTML report is unavailable in plain text report export.


