Project: /home/flynnsbit/mplex-builds/slot14/Plex_MiSTer
Image: ghcr.io/raetro/quartus:mister
NUM_PARALLEL_PROCESSORS: set_global_assignment -name NUM_PARALLEL_PROCESSORS 2
Info: *******************************************************************
Info: Running Quartus Prime Shell
    Info: Version 17.0.2 Build 602 07/19/2017 SJ Lite Edition
    Info: Copyright (C) 2017  Intel Corporation. All rights reserved.
    Info: Your use of Intel Corporation's design tools, logic functions 
    Info: and other software and tools, and its AMPP partner logic 
    Info: functions, and any output files from any of the foregoing 
    Info: (including device programming or simulation files), and any 
    Info: associated documentation or information are expressly subject 
    Info: to the terms and conditions of the Intel Program License 
    Info: Subscription Agreement, the Intel Quartus Prime License Agreement,
    Info: the Intel MegaCore Function License Agreement, or other 
    Info: applicable license agreement, including, without limitation, 
    Info: that your use is for the sole purpose of programming logic 
    Info: devices manufactured by Intel and sold by Intel or its 
    Info: authorized distributors.  Please refer to the applicable 
    Info: agreement for further details.
    Info: Processing started: Tue Jul 28 00:03:54 2026
Info: Command: quartus_sh --flow compile Plex.qpf
Info: Quartus(args): compile Plex.qpf
Info: Project Name = /build/Plex
Info: Revision Name = Plex
Info: *******************************************************************
Info: Running Quartus Prime Shell
    Info: Version 17.0.2 Build 602 07/19/2017 SJ Lite Edition
    Info: Processing started: Tue Jul 28 00:03:54 2026
Info: Command: quartus_sh -t sys/build_id.tcl compile Plex Plex
Info: Quartus(args): compile Plex Plex
Info: Generated: /build/build_id.v: `define BUILD_DATE "260728"
Info (23030): Evaluation of Tcl script sys/build_id.tcl was successful
Info: Quartus Prime Shell was successful. 0 errors, 0 warnings
    Info: Peak virtual memory: 786 megabytes
    Info: Processing ended: Tue Jul 28 00:03:54 2026
    Info: Elapsed time: 00:00:00
    Info: Total CPU time (on all processors): 00:00:00
Info: *******************************************************************
Info: Running Quartus Prime Analysis & Synthesis
    Info: Version 17.0.2 Build 602 07/19/2017 SJ Lite Edition
    Info: Processing started: Tue Jul 28 00:03:56 2026
Info: Command: quartus_map --read_settings_files=on --write_settings_files=off Plex -c Plex
Info (16303): High Performance Effort optimization mode selected -- timing performance will be prioritized at the potential cost of increased compilation time
Info (20032): Parallel compilation is enabled and will use up to 2 processors
Info (12021): Found 1 design units, including 1 entities, in source file rtl/pll.v
    Info (12023): Found entity 1: pll File: /build/rtl/pll.v Line: 8
Info (12021): Found 1 design units, including 1 entities, in source file rtl/pll/pll_0002.v
    Info (12023): Found entity 1: pll_0002 File: /build/rtl/pll/pll_0002.v Line: 2
Info (12021): Found 1 design units, including 1 entities, in source file sys/pll_hdmi.v
    Info (12023): Found entity 1: pll_hdmi File: /build/sys/pll_hdmi.v Line: 8
Info (12021): Found 1 design units, including 1 entities, in source file sys/pll_hdmi/pll_hdmi_0002.v
    Info (12023): Found entity 1: pll_hdmi_0002 File: /build/sys/pll_hdmi/pll_hdmi_0002.v Line: 2
Info (12021): Found 1 design units, including 1 entities, in source file sys/pll_audio.v
    Info (12023): Found entity 1: pll_audio File: /build/sys/pll_audio.v Line: 8
Info (12021): Found 1 design units, including 1 entities, in source file sys/pll_audio/pll_audio_0002.v
    Info (12023): Found entity 1: pll_audio_0002 File: /build/sys/pll_audio/pll_audio_0002.v Line: 2
Info (12021): Found 1 design units, including 1 entities, in source file sys/pll_cfg/pll_cfg.v
    Info (12023): Found entity 1: pll_cfg File: /build/sys/pll_cfg/pll_cfg.v Line: 8
Info (12021): Found 1 design units, including 1 entities, in source file sys/pll_cfg/pll_cfg_hdmi.v
    Info (12023): Found entity 1: pll_cfg_hdmi File: /build/sys/pll_cfg/pll_cfg_hdmi.v Line: 16
Info (12021): Found 1 design units, including 1 entities, in source file sys/pll_cfg/altera_pll_reconfig_top.v
    Info (12023): Found entity 1: altera_pll_reconfig_top File: /build/sys/pll_cfg/altera_pll_reconfig_top.v Line: 16
Info (12021): Found 3 design units, including 3 entities, in source file sys/sys_top.v
    Info (12023): Found entity 1: sys_top File: /build/sys/sys_top.v Line: 22
    Info (12023): Found entity 2: sync_fix File: /build/sys/sys_top.v Line: 1882
    Info (12023): Found entity 3: csync File: /build/sys/sys_top.v Line: 1914
Info (12021): Found 2 design units, including 1 entities, in source file sys/ascal.vhd
    Info (12022): Found design unit 1: ascal-rtl File: /build/sys/ascal.vhd Line: 269
    Info (12023): Found entity 1: ascal File: /build/sys/ascal.vhd Line: 114
Info (12021): Found 2 design units, including 1 entities, in source file sys/pll_hdmi_adj.vhd
    Info (12022): Found design unit 1: pll_hdmi_adj-rtl File: /build/sys/pll_hdmi_adj.vhd Line: 53
    Info (12023): Found entity 1: pll_hdmi_adj File: /build/sys/pll_hdmi_adj.vhd Line: 21
Info (12021): Found 3 design units, including 3 entities, in source file sys/math.sv
    Info (12023): Found entity 1: sys_udiv File: /build/sys/math.sv Line: 3
    Info (12023): Found entity 2: sys_umul File: /build/sys/math.sv Line: 46
    Info (12023): Found entity 3: sys_umuldiv File: /build/sys/math.sv Line: 85
Info (12021): Found 5 design units, including 5 entities, in source file sys/hq2x.sv
    Info (12023): Found entity 1: Hq2x File: /build/sys/hq2x.sv Line: 13
    Info (12023): Found entity 2: hq2x_in File: /build/sys/hq2x.sv Line: 226
    Info (12023): Found entity 3: hq2x_buf File: /build/sys/hq2x.sv Line: 250
    Info (12023): Found entity 4: DiffCheck File: /build/sys/hq2x.sv Line: 271
    Info (12023): Found entity 5: Blend File: /build/sys/hq2x.sv Line: 298
Info (12021): Found 1 design units, including 1 entities, in source file sys/scandoubler.v
    Info (12023): Found entity 1: scandoubler File: /build/sys/scandoubler.v Line: 22
Info (12021): Found 1 design units, including 1 entities, in source file sys/scanlines.v
    Info (12023): Found entity 1: scanlines File: /build/sys/scanlines.v Line: 1
Info (12021): Found 1 design units, including 1 entities, in source file sys/shadowmask.sv
    Info (12023): Found entity 1: shadowmask File: /build/sys/shadowmask.sv Line: 1
Info (12021): Found 2 design units, including 2 entities, in source file sys/video_cleaner.sv
    Info (12023): Found entity 1: video_cleaner File: /build/sys/video_cleaner.sv Line: 12
    Info (12023): Found entity 2: s_fix File: /build/sys/video_cleaner.sv Line: 81
Info (12021): Found 2 design units, including 2 entities, in source file sys/gamma_corr.sv
    Info (12023): Found entity 1: gamma_corr File: /build/sys/gamma_corr.sv Line: 1
    Info (12023): Found entity 2: gamma_fast File: /build/sys/gamma_corr.sv Line: 62
Info (12021): Found 1 design units, including 1 entities, in source file sys/video_mixer.sv
    Info (12023): Found entity 1: video_mixer File: /build/sys/video_mixer.sv Line: 19
Info (12021): Found 2 design units, including 2 entities, in source file sys/video_freak.sv
    Info (12023): Found entity 1: video_freak File: /build/sys/video_freak.sv Line: 16
    Info (12023): Found entity 2: video_scale_int File: /build/sys/video_freak.sv Line: 141
Info (12021): Found 2 design units, including 2 entities, in source file sys/video_freezer.sv
    Info (12023): Found entity 1: video_freezer File: /build/sys/video_freezer.sv Line: 21
    Info (12023): Found entity 2: sync_lock File: /build/sys/video_freezer.sv Line: 80
Info (12021): Found 2 design units, including 2 entities, in source file sys/arcade_video.v
    Info (12023): Found entity 1: arcade_video File: /build/sys/arcade_video.v Line: 29
    Info (12023): Found entity 2: screen_rotate File: /build/sys/arcade_video.v Line: 168
Info (12021): Found 1 design units, including 1 entities, in source file sys/osd.v
    Info (12023): Found entity 1: osd File: /build/sys/osd.v Line: 4
Info (12021): Found 1 design units, including 1 entities, in source file sys/vga_out.sv
    Info (12023): Found entity 1: vga_out File: /build/sys/vga_out.sv Line: 2
Info (12021): Found 1 design units, including 1 entities, in source file sys/yc_out.sv
    Info (12023): Found entity 1: yc_out File: /build/sys/yc_out.sv Line: 27
Info (12021): Found 1 design units, including 1 entities, in source file sys/i2c.v
    Info (12023): Found entity 1: i2c File: /build/sys/i2c.v Line: 2
Info (12021): Found 1 design units, including 1 entities, in source file sys/alsa.sv
    Info (12023): Found entity 1: alsa File: /build/sys/alsa.sv Line: 22
Info (12021): Found 1 design units, including 1 entities, in source file sys/i2s.v
    Info (12023): Found entity 1: i2s File: /build/sys/i2s.v Line: 2
Info (12021): Found 1 design units, including 1 entities, in source file sys/spdif.v
    Info (12023): Found entity 1: spdif File: /build/sys/spdif.v Line: 33
Info (12021): Found 2 design units, including 2 entities, in source file sys/audio_out.sv
    Info (12023): Found entity 1: audio_out File: /build/sys/audio_out.sv Line: 22
    Info (12023): Found entity 2: aud_mix_top File: /build/sys/audio_out.sv Line: 281
Info (12021): Found 3 design units, including 3 entities, in source file sys/iir_filter.v
    Info (12023): Found entity 1: IIR_filter File: /build/sys/iir_filter.v Line: 22
    Info (12023): Found entity 2: iir_filter_tap File: /build/sys/iir_filter.v Line: 148
    Info (12023): Found entity 3: DC_blocker File: /build/sys/iir_filter.v Line: 189
Info (12021): Found 2 design units, including 2 entities, in source file sys/ltc2308.sv
    Info (12023): Found entity 1: ltc2308 File: /build/sys/ltc2308.sv Line: 28
    Info (12023): Found entity 2: ltc2308_tape File: /build/sys/ltc2308.sv Line: 105
Info (12021): Found 1 design units, including 1 entities, in source file sys/sigma_delta_dac.v
    Info (12023): Found entity 1: sigma_delta_dac File: /build/sys/sigma_delta_dac.v Line: 6
Info (12021): Found 1 design units, including 1 entities, in source file sys/mt32pi.sv
    Info (12023): Found entity 1: mt32pi File: /build/sys/mt32pi.sv Line: 8
Info (12021): Found 1 design units, including 1 entities, in source file sys/mcp23009.sv
    Info (12023): Found entity 1: mcp23009 File: /build/sys/mcp23009.sv Line: 5
Info (12021): Found 1 design units, including 1 entities, in source file sys/f2sdram_safe_terminator.sv
    Info (12023): Found entity 1: f2sdram_safe_terminator File: /build/sys/f2sdram_safe_terminator.sv Line: 55
Info (12021): Found 1 design units, including 1 entities, in source file sys/ddr_svc.sv
    Info (12023): Found entity 1: ddr_svc File: /build/sys/ddr_svc.sv Line: 23
Info (12021): Found 2 design units, including 2 entities, in source file sys/sysmem.sv
    Info (12023): Found entity 1: sysmem_lite File: /build/sys/sysmem.sv Line: 2
    Info (12023): Found entity 2: sysmem_HPS_fpga_interfaces File: /build/sys/sysmem.sv Line: 241
Info (12021): Found 1 design units, including 1 entities, in source file sys/sd_card.sv
    Info (12023): Found entity 1: sd_card File: /build/sys/sd_card.sv Line: 28
Info (12021): Found 4 design units, including 4 entities, in source file sys/hps_io.sv
    Info (12023): Found entity 1: hps_io File: /build/sys/hps_io.sv Line: 35
    Info (12023): Found entity 2: ps2_device File: /build/sys/hps_io.sv Line: 711
    Info (12023): Found entity 3: video_calc File: /build/sys/hps_io.sv Line: 854
    Info (12023): Found entity 4: confstr_rom File: /build/sys/hps_io.sv Line: 1022
Info (12021): Found 1 design units, including 1 entities, in source file rtl/present_cadence.sv
    Info (12023): Found entity 1: present_cadence File: /build/rtl/present_cadence.sv Line: 7
Info (12021): Found 1 design units, including 1 entities, in source file rtl/colorbars.sv
    Info (12023): Found entity 1: colorbars File: /build/rtl/colorbars.sv Line: 10
Info (12021): Found 1 design units, including 1 entities, in source file rtl/audio_tone.sv
    Info (12023): Found entity 1: audio_tone File: /build/rtl/audio_tone.sv Line: 4
Info (12021): Found 1 design units, including 1 entities, in source file rtl/audio_fifo.sv
    Info (12023): Found entity 1: audio_fifo File: /build/rtl/audio_fifo.sv Line: 9
Info (12021): Found 1 design units, including 1 entities, in source file rtl/async_fifo.sv
    Info (12023): Found entity 1: async_fifo File: /build/rtl/async_fifo.sv Line: 2
Info (12021): Found 1 design units, including 1 entities, in source file rtl/audio_ingest.sv
    Info (12023): Found entity 1: audio_ingest File: /build/rtl/audio_ingest.sv Line: 5
Info (12021): Found 1 design units, including 1 entities, in source file rtl/line_buf_ram.sv
    Info (12023): Found entity 1: line_buf_ram File: /build/rtl/line_buf_ram.sv Line: 2
Info (12021): Found 1 design units, including 1 entities, in source file rtl/frame_store.sv
    Info (12023): Found entity 1: frame_store File: /build/rtl/frame_store.sv Line: 7
Info (12021): Found 1 design units, including 1 entities, in source file rtl/ddr_frame_store.sv
    Info (12023): Found entity 1: ddr_frame_store File: /build/rtl/ddr_frame_store.sv Line: 7
Info (12021): Found 1 design units, including 1 entities, in source file rtl/frame_ingest.sv
    Info (12023): Found entity 1: frame_ingest File: /build/rtl/frame_ingest.sv Line: 4
Info (12021): Found 1 design units, including 1 entities, in source file rtl/ddram_frame_rd.sv
    Info (12023): Found entity 1: ddram_frame_rd File: /build/rtl/ddram_frame_rd.sv Line: 64
Info (12021): Found 1 design units, including 1 entities, in source file rtl/sdram.sv
    Info (12023): Found entity 1: sdram File: /build/rtl/sdram.sv Line: 19
Info (12021): Found 1 design units, including 1 entities, in source file rtl/sdram_memtest.sv
    Info (12023): Found entity 1: sdram_memtest File: /build/rtl/sdram_memtest.sv Line: 6
Info (12021): Found 1 design units, including 1 entities, in source file rtl/ddr_bus_arbiter.sv
    Info (12023): Found entity 1: ddr_bus_arbiter File: /build/rtl/ddr_bus_arbiter.sv Line: 23
Info (12021): Found 1 design units, including 1 entities, in source file rtl/ddr_bitstream_reader.sv
    Info (12023): Found entity 1: ddr_bitstream_reader File: /build/rtl/ddr_bitstream_reader.sv Line: 10
Info (12021): Found 1 design units, including 1 entities, in source file rtl/bitstream_fifo.sv
    Info (12023): Found entity 1: bitstream_fifo File: /build/rtl/bitstream_fifo.sv Line: 4
Info (12021): Found 1 design units, including 1 entities, in source file rtl/stream_ingest.sv
    Info (12023): Found entity 1: stream_ingest File: /build/rtl/stream_ingest.sv Line: 4
Info (12021): Found 1 design units, including 1 entities, in source file rtl/nalu_scanner.sv
    Info (12023): Found entity 1: nalu_scanner File: /build/rtl/nalu_scanner.sv Line: 4
Info (12021): Found 1 design units, including 1 entities, in source file rtl/sps_parser.sv
    Info (12023): Found entity 1: sps_parser File: /build/rtl/sps_parser.sv Line: 5
Info (12021): Found 1 design units, including 1 entities, in source file rtl/pps_parser.sv
    Info (12023): Found entity 1: pps_parser File: /build/rtl/pps_parser.sv Line: 3
Info (12021): Found 1 design units, including 1 entities, in source file rtl/slice_hdr_parser.sv
    Info (12023): Found entity 1: slice_hdr_parser File: /build/rtl/slice_hdr_parser.sv Line: 8
Info (12021): Found 2 design units, including 2 entities, in source file rtl/h264_cavlc_residual.sv
    Info (12023): Found entity 1: h264_cavlc_nc_predictor File: /build/rtl/h264_cavlc_residual.sv Line: 4
    Info (12023): Found entity 2: h264_cavlc_residual_block File: /build/rtl/h264_cavlc_residual.sv Line: 33
Info (12021): Found 3 design units, including 3 entities, in source file rtl/h264_iq_idct_4x4.sv
    Info (12023): Found entity 1: h264_dequant4x4 File: /build/rtl/h264_iq_idct_4x4.sv Line: 14
    Info (12023): Found entity 2: h264_idct4x4 File: /build/rtl/h264_iq_idct_4x4.sv Line: 109
    Info (12023): Found entity 3: h264_recon4x4 File: /build/rtl/h264_iq_idct_4x4.sv Line: 172
Info (12021): Found 4 design units, including 4 entities, in source file rtl/h264_intra_pred.sv
    Info (12023): Found entity 1: h264_intra4x4_pred File: /build/rtl/h264_intra_pred.sv Line: 7
    Info (12023): Found entity 2: h264_intra16x16_pred File: /build/rtl/h264_intra_pred.sv Line: 145
    Info (12023): Found entity 3: h264_chroma8x8_pred File: /build/rtl/h264_intra_pred.sv Line: 264
    Info (12023): Found entity 4: h264_intra_mode_guard File: /build/rtl/h264_intra_pred.sv Line: 393
Info (12021): Found 4 design units, including 4 entities, in source file rtl/h264_syntax_primitives.sv
    Info (12023): Found entity 1: h264_rbsp_filter File: /build/rtl/h264_syntax_primitives.sv Line: 4
    Info (12023): Found entity 2: h264_baseline_syntax_parser File: /build/rtl/h264_syntax_primitives.sv Line: 70
    Info (12023): Found entity 3: h264_exp_golomb_reader File: /build/rtl/h264_syntax_primitives.sv Line: 733
    Info (12023): Found entity 4: h264_sps_geometry_parser File: /build/rtl/h264_syntax_primitives.sv Line: 859
Info (12021): Found 5 design units, including 5 entities, in source file rtl/h264_deblock.sv
    Info (12023): Found entity 1: h264_deblock_bs File: /build/rtl/h264_deblock.sv Line: 9
    Info (12023): Found entity 2: h264_deblock_thresholds File: /build/rtl/h264_deblock.sv Line: 48
    Info (12023): Found entity 3: h264_deblock_edge File: /build/rtl/h264_deblock.sv Line: 152
    Info (12023): Found entity 4: h264_deblock_edge_pipe File: /build/rtl/h264_deblock.sv Line: 296
    Info (12023): Found entity 5: h264_deblock_writeback_ctrl File: /build/rtl/h264_deblock.sv Line: 393
Info (12021): Found 1 design units, including 1 entities, in source file rtl/h264_p_slice_modes.sv
    Info (12023): Found entity 1: h264_p_mb_type_decode File: /build/rtl/h264_p_slice_modes.sv Line: 3
Info (12021): Found 7 design units, including 7 entities, in source file rtl/h264_dpb.sv
    Info (12023): Found entity 1: h264_dpb_i420_addr File: /build/rtl/h264_dpb.sv Line: 5
    Info (12023): Found entity 2: h264_dpb_mb_write_addr File: /build/rtl/h264_dpb.sv Line: 29
    Info (12023): Found entity 3: h264_dpb_one_ref File: /build/rtl/h264_dpb.sv Line: 52
    Info (12023): Found entity 4: h264_luma_qpel_block_16x16 File: /build/rtl/h264_dpb.sv Line: 357
    Info (12023): Found entity 5: h264_chroma_epel_block_8x8 File: /build/rtl/h264_dpb.sv Line: 452
    Info (12023): Found entity 6: h264_inter_mc_16x16 File: /build/rtl/h264_dpb.sv Line: 498
    Info (12023): Found entity 7: h264_inter_mc_part File: /build/rtl/h264_dpb.sv Line: 526
Info (12021): Found 6 design units, including 6 entities, in source file rtl/h264_inter_pred.sv
    Info (12023): Found entity 1: h264_mv_pred_16x16 File: /build/rtl/h264_inter_pred.sv Line: 3
    Info (12023): Found entity 2: h264_mv_pred_part File: /build/rtl/h264_inter_pred.sv Line: 73
    Info (12023): Found entity 3: h264_luma_qpel_sample File: /build/rtl/h264_inter_pred.sv Line: 144
    Info (12023): Found entity 4: h264_chroma_epel_sample File: /build/rtl/h264_inter_pred.sv Line: 226
    Info (12023): Found entity 5: h264_ref_clamp File: /build/rtl/h264_inter_pred.sv Line: 245
    Info (12023): Found entity 6: h264_luma_ref_tap_addr File: /build/rtl/h264_inter_pred.sv Line: 264
Warning (10335): Unrecognized synthesis attribute "ram_style" at rtl/decode_stub.sv(434) File: /build/rtl/decode_stub.sv Line: 434
Info (12021): Found 1 design units, including 1 entities, in source file rtl/decode_stub.sv
    Info (12023): Found entity 1: decode_stub File: /build/rtl/decode_stub.sv Line: 7
Info (12021): Found 1 design units, including 1 entities, in source file rtl/stream_path.sv
    Info (12023): Found entity 1: stream_path File: /build/rtl/stream_path.sv Line: 4
Info (12021): Found 1 design units, including 1 entities, in source file rtl/present_core.sv
    Info (12023): Found entity 1: present_core File: /build/rtl/present_core.sv Line: 4
Info (12021): Found 1 design units, including 1 entities, in source file Plex.sv
    Info (12023): Found entity 1: emu File: /build/Plex.sv Line: 16
Info (12127): Elaborating entity "sys_top" for the top level hierarchy
Info (12128): Elaborating entity "mcp23009" for hierarchy "mcp23009:mcp23009" File: /build/sys/sys_top.v Line: 175
Info (12128): Elaborating entity "i2c" for hierarchy "mcp23009:mcp23009|i2c:i2c" File: /build/sys/mcp23009.sv Line: 41
Info (12128): Elaborating entity "sysmem_lite" for hierarchy "sysmem_lite:sysmem" File: /build/sys/sys_top.v Line: 650
Info (12128): Elaborating entity "f2sdram_safe_terminator" for hierarchy "sysmem_lite:sysmem|f2sdram_safe_terminator:f2sdram_safe_terminator_ram1" File: /build/sys/sysmem.sv Line: 91
Info (12128): Elaborating entity "f2sdram_safe_terminator" for hierarchy "sysmem_lite:sysmem|f2sdram_safe_terminator:f2sdram_safe_terminator_vbuf" File: /build/sys/sysmem.sv Line: 183
Info (12128): Elaborating entity "sysmem_HPS_fpga_interfaces" for hierarchy "sysmem_lite:sysmem|sysmem_HPS_fpga_interfaces:fpga_interfaces" File: /build/sys/sysmem.sv Line: 223
Info (12128): Elaborating entity "ddr_svc" for hierarchy "ddr_svc:ddr_svc" File: /build/sys/sys_top.v Line: 691
Info (12128): Elaborating entity "ascal" for hierarchy "ascal:ascal" File: /build/sys/sys_top.v Line: 830
Info (19000): Inferred 9 megafunctions from design logic
    Info (276029): Inferred altsyncram megafunction from the following design logic: "ascal:ascal|altsyncram:i_mem[0].r[7]__1" 
        Info (286033): Parameter OPERATION_MODE set to DUAL_PORT
        Info (286033): Parameter WIDTH_A set to 24
        Info (286033): Parameter WIDTHAD_A set to 11
        Info (286033): Parameter NUMWORDS_A set to 2048
        Info (286033): Parameter WIDTH_B set to 24
        Info (286033): Parameter WIDTHAD_B set to 11
        Info (286033): Parameter NUMWORDS_B set to 2048
        Info (286033): Parameter ADDRESS_ACLR_A set to NONE
        Info (286033): Parameter OUTDATA_REG_B set to UNREGISTERED
        Info (286033): Parameter ADDRESS_ACLR_B set to NONE
        Info (286033): Parameter OUTDATA_ACLR_B set to NONE
        Info (286033): Parameter ADDRESS_REG_B set to CLOCK0
        Info (286033): Parameter INDATA_ACLR_A set to NONE
        Info (286033): Parameter WRCONTROL_ACLR_A set to NONE
        Info (286033): Parameter READ_DURING_WRITE_MODE_MIXED_PORTS set to OLD_DATA
        Info (286033): Parameter RDCONTROL_REG_B set to CLOCK0
    Info (276029): Inferred altsyncram megafunction from the following design logic: "ascal:ascal|altsyncram:o_line0[0].r[7]__2" 
        Info (286033): Parameter OPERATION_MODE set to DUAL_PORT
        Info (286033): Parameter WIDTH_A set to 24
        Info (286033): Parameter WIDTHAD_A set to 11
        Info (286033): Parameter NUMWORDS_A set to 2048
        Info (286033): Parameter WIDTH_B set to 24
        Info (286033): Parameter WIDTHAD_B set to 11
        Info (286033): Parameter NUMWORDS_B set to 2048
        Info (286033): Parameter ADDRESS_ACLR_A set to NONE
        Info (286033): Parameter OUTDATA_REG_B set to UNREGISTERED
        Info (286033): Parameter ADDRESS_ACLR_B set to NONE
        Info (286033): Parameter OUTDATA_ACLR_B set to NONE
        Info (286033): Parameter ADDRESS_REG_B set to CLOCK0
        Info (286033): Parameter INDATA_ACLR_A set to NONE
        Info (286033): Parameter WRCONTROL_ACLR_A set to NONE
        Info (286033): Parameter READ_DURING_WRITE_MODE_MIXED_PORTS set to OLD_DATA
    Info (276029): Inferred altsyncram megafunction from the following design logic: "ascal:ascal|altsyncram:o_line1[0].r[7]__3" 
        Info (286033): Parameter OPERATION_MODE set to DUAL_PORT
        Info (286033): Parameter WIDTH_A set to 24
        Info (286033): Parameter WIDTHAD_A set to 11
        Info (286033): Parameter NUMWORDS_A set to 2048
        Info (286033): Parameter WIDTH_B set to 24
        Info (286033): Parameter WIDTHAD_B set to 11
        Info (286033): Parameter NUMWORDS_B set to 2048
        Info (286033): Parameter ADDRESS_ACLR_A set to NONE
        Info (286033): Parameter OUTDATA_REG_B set to UNREGISTERED
        Info (286033): Parameter ADDRESS_ACLR_B set to NONE
        Info (286033): Parameter OUTDATA_ACLR_B set to NONE
        Info (286033): Parameter ADDRESS_REG_B set to CLOCK0
        Info (286033): Parameter INDATA_ACLR_A set to NONE
        Info (286033): Parameter WRCONTROL_ACLR_A set to NONE
        Info (286033): Parameter READ_DURING_WRITE_MODE_MIXED_PORTS set to OLD_DATA
    Info (276029): Inferred altsyncram megafunction from the following design logic: "ascal:ascal|altsyncram:o_line2[0].r[7]__4" 
        Info (286033): Parameter OPERATION_MODE set to DUAL_PORT
        Info (286033): Parameter WIDTH_A set to 24
        Info (286033): Parameter WIDTHAD_A set to 11
        Info (286033): Parameter NUMWORDS_A set to 2048
        Info (286033): Parameter WIDTH_B set to 24
        Info (286033): Parameter WIDTHAD_B set to 11
        Info (286033): Parameter NUMWORDS_B set to 2048
        Info (286033): Parameter ADDRESS_ACLR_A set to NONE
        Info (286033): Parameter OUTDATA_REG_B set to UNREGISTERED
        Info (286033): Parameter ADDRESS_ACLR_B set to NONE
        Info (286033): Parameter OUTDATA_ACLR_B set to NONE
        Info (286033): Parameter ADDRESS_REG_B set to CLOCK0
        Info (286033): Parameter INDATA_ACLR_A set to NONE
        Info (286033): Parameter WRCONTROL_ACLR_A set to NONE
        Info (286033): Parameter READ_DURING_WRITE_MODE_MIXED_PORTS set to OLD_DATA
    Info (276029): Inferred altsyncram megafunction from the following design logic: "ascal:ascal|altsyncram:o_line3[0].r[7]__5" 
        Info (286033): Parameter OPERATION_MODE set to DUAL_PORT
        Info (286033): Parameter WIDTH_A set to 24
        Info (286033): Parameter WIDTHAD_A set to 11
        Info (286033): Parameter NUMWORDS_A set to 2048
        Info (286033): Parameter WIDTH_B set to 24
        Info (286033): Parameter WIDTHAD_B set to 11
        Info (286033): Parameter NUMWORDS_B set to 2048
        Info (286033): Parameter ADDRESS_ACLR_A set to NONE
        Info (286033): Parameter OUTDATA_REG_B set to UNREGISTERED
        Info (286033): Parameter ADDRESS_ACLR_B set to NONE
        Info (286033): Parameter OUTDATA_ACLR_B set to NONE
        Info (286033): Parameter ADDRESS_REG_B set to CLOCK0
        Info (286033): Parameter INDATA_ACLR_A set to NONE
        Info (286033): Parameter WRCONTROL_ACLR_A set to NONE
        Info (286033): Parameter READ_DURING_WRITE_MODE_MIXED_PORTS set to OLD_DATA
    Info (276029): Inferred altsyncram megafunction from the following design logic: "ascal:ascal|altsyncram:o_linf0[0].r[7]__6" 
        Info (286033): Parameter OPERATION_MODE set to DUAL_PORT
        Info (286033): Parameter WIDTH_A set to 24
        Info (286033): Parameter WIDTHAD_A set to 8
        Info (286033): Parameter NUMWORDS_A set to 256
        Info (286033): Parameter WIDTH_B set to 24
        Info (286033): Parameter WIDTHAD_B set to 8
        Info (286033): Parameter NUMWORDS_B set to 256
        Info (286033): Parameter ADDRESS_ACLR_A set to NONE
        Info (286033): Parameter OUTDATA_REG_B set to UNREGISTERED
        Info (286033): Parameter ADDRESS_ACLR_B set to NONE
        Info (286033): Parameter OUTDATA_ACLR_B set to NONE
        Info (286033): Parameter ADDRESS_REG_B set to CLOCK0
        Info (286033): Parameter INDATA_ACLR_A set to NONE
        Info (286033): Parameter WRCONTROL_ACLR_A set to NONE
        Info (286033): Parameter READ_DURING_WRITE_MODE_MIXED_PORTS set to OLD_DATA
    Info (276029): Inferred altsyncram megafunction from the following design logic: "ascal:ascal|altsyncram:o_linf1[0].r[7]__7" 
        Info (286033): Parameter OPERATION_MODE set to DUAL_PORT
        Info (286033): Parameter WIDTH_A set to 24
        Info (286033): Parameter WIDTHAD_A set to 8
        Info (286033): Parameter NUMWORDS_A set to 256
        Info (286033): Parameter WIDTH_B set to 24
        Info (286033): Parameter WIDTHAD_B set to 8
        Info (286033): Parameter NUMWORDS_B set to 256
        Info (286033): Parameter ADDRESS_ACLR_A set to NONE
        Info (286033): Parameter OUTDATA_REG_B set to UNREGISTERED
        Info (286033): Parameter ADDRESS_ACLR_B set to NONE
        Info (286033): Parameter OUTDATA_ACLR_B set to NONE
        Info (286033): Parameter ADDRESS_REG_B set to CLOCK0
        Info (286033): Parameter INDATA_ACLR_A set to NONE
        Info (286033): Parameter WRCONTROL_ACLR_A set to NONE
        Info (286033): Parameter READ_DURING_WRITE_MODE_MIXED_PORTS set to OLD_DATA
    Info (276029): Inferred altsyncram megafunction from the following design logic: "ascal:ascal|altsyncram:o_linf2[0].r[7]__8" 
        Info (286033): Parameter OPERATION_MODE set to DUAL_PORT
        Info (286033): Parameter WIDTH_A set to 24
        Info (286033): Parameter WIDTHAD_A set to 8
        Info (286033): Parameter NUMWORDS_A set to 256
        Info (286033): Parameter WIDTH_B set to 24
        Info (286033): Parameter WIDTHAD_B set to 8
        Info (286033): Parameter NUMWORDS_B set to 256
        Info (286033): Parameter ADDRESS_ACLR_A set to NONE
        Info (286033): Parameter OUTDATA_REG_B set to UNREGISTERED
        Info (286033): Parameter ADDRESS_ACLR_B set to NONE
        Info (286033): Parameter OUTDATA_ACLR_B set to NONE
        Info (286033): Parameter ADDRESS_REG_B set to CLOCK0
        Info (286033): Parameter INDATA_ACLR_A set to NONE
        Info (286033): Parameter WRCONTROL_ACLR_A set to NONE
        Info (286033): Parameter READ_DURING_WRITE_MODE_MIXED_PORTS set to OLD_DATA
    Info (276029): Inferred altsyncram megafunction from the following design logic: "ascal:ascal|altsyncram:o_linf3[0].r[7]__9" 
        Info (286033): Parameter OPERATION_MODE set to DUAL_PORT
        Info (286033): Parameter WIDTH_A set to 24
        Info (286033): Parameter WIDTHAD_A set to 8
        Info (286033): Parameter NUMWORDS_A set to 256
        Info (286033): Parameter WIDTH_B set to 24
        Info (286033): Parameter WIDTHAD_B set to 8
        Info (286033): Parameter NUMWORDS_B set to 256
        Info (286033): Parameter ADDRESS_ACLR_A set to NONE
        Info (286033): Parameter OUTDATA_REG_B set to UNREGISTERED
        Info (286033): Parameter ADDRESS_ACLR_B set to NONE
        Info (286033): Parameter OUTDATA_ACLR_B set to NONE
        Info (286033): Parameter ADDRESS_REG_B set to CLOCK0
        Info (286033): Parameter INDATA_ACLR_A set to NONE
        Info (286033): Parameter WRCONTROL_ACLR_A set to NONE
        Info (286033): Parameter READ_DURING_WRITE_MODE_MIXED_PORTS set to OLD_DATA
Info (12128): Elaborating entity "altsyncram" for hierarchy "ascal:ascal|altsyncram:i_mem[0].r[7]__1"
Info (12130): Elaborated megafunction instantiation "ascal:ascal|altsyncram:i_mem[0].r[7]__1"
Info (12133): Instantiated megafunction "ascal:ascal|altsyncram:i_mem[0].r[7]__1" with the following parameter:
    Info (12134): Parameter "OPERATION_MODE" = "DUAL_PORT"
    Info (12134): Parameter "WIDTH_A" = "24"
    Info (12134): Parameter "WIDTHAD_A" = "11"
    Info (12134): Parameter "NUMWORDS_A" = "2048"
    Info (12134): Parameter "WIDTH_B" = "24"
    Info (12134): Parameter "WIDTHAD_B" = "11"
    Info (12134): Parameter "NUMWORDS_B" = "2048"
    Info (12134): Parameter "ADDRESS_ACLR_A" = "NONE"
    Info (12134): Parameter "OUTDATA_REG_B" = "UNREGISTERED"
    Info (12134): Parameter "ADDRESS_ACLR_B" = "NONE"
    Info (12134): Parameter "OUTDATA_ACLR_B" = "NONE"
    Info (12134): Parameter "ADDRESS_REG_B" = "CLOCK0"
    Info (12134): Parameter "INDATA_ACLR_A" = "NONE"
    Info (12134): Parameter "WRCONTROL_ACLR_A" = "NONE"
    Info (12134): Parameter "READ_DURING_WRITE_MODE_MIXED_PORTS" = "OLD_DATA"
    Info (12134): Parameter "RDCONTROL_REG_B" = "CLOCK0"
Info (12021): Found 1 design units, including 1 entities, in source file db/altsyncram_89q1.tdf
    Info (12023): Found entity 1: altsyncram_89q1 File: /build/db/altsyncram_89q1.tdf Line: 28
Info (12128): Elaborating entity "altsyncram_89q1" for hierarchy "ascal:ascal|altsyncram:i_mem[0].r[7]__1|altsyncram_89q1:auto_generated" File: /opt/intelFPGA/quartus/libraries/megafunctions/altsyncram.tdf Line: 792
Info (12128): Elaborating entity "altsyncram" for hierarchy "ascal:ascal|altsyncram:o_line0[0].r[7]__2"
Info (12130): Elaborated megafunction instantiation "ascal:ascal|altsyncram:o_line0[0].r[7]__2"
Info (12133): Instantiated megafunction "ascal:ascal|altsyncram:o_line0[0].r[7]__2" with the following parameter:
    Info (12134): Parameter "OPERATION_MODE" = "DUAL_PORT"
    Info (12134): Parameter "WIDTH_A" = "24"
    Info (12134): Parameter "WIDTHAD_A" = "11"
    Info (12134): Parameter "NUMWORDS_A" = "2048"
    Info (12134): Parameter "WIDTH_B" = "24"
    Info (12134): Parameter "WIDTHAD_B" = "11"
    Info (12134): Parameter "NUMWORDS_B" = "2048"
    Info (12134): Parameter "ADDRESS_ACLR_A" = "NONE"
    Info (12134): Parameter "OUTDATA_REG_B" = "UNREGISTERED"
    Info (12134): Parameter "ADDRESS_ACLR_B" = "NONE"
    Info (12134): Parameter "OUTDATA_ACLR_B" = "NONE"
    Info (12134): Parameter "ADDRESS_REG_B" = "CLOCK0"
    Info (12134): Parameter "INDATA_ACLR_A" = "NONE"
    Info (12134): Parameter "WRCONTROL_ACLR_A" = "NONE"
    Info (12134): Parameter "READ_DURING_WRITE_MODE_MIXED_PORTS" = "OLD_DATA"
Info (12021): Found 1 design units, including 1 entities, in source file db/altsyncram_ccn1.tdf
    Info (12023): Found entity 1: altsyncram_ccn1 File: /build/db/altsyncram_ccn1.tdf Line: 28
Info (12128): Elaborating entity "altsyncram_ccn1" for hierarchy "ascal:ascal|altsyncram:o_line0[0].r[7]__2|altsyncram_ccn1:auto_generated" File: /opt/intelFPGA/quartus/libraries/megafunctions/altsyncram.tdf Line: 792
Info (12128): Elaborating entity "altsyncram" for hierarchy "ascal:ascal|altsyncram:o_linf0[0].r[7]__6"
Info (12130): Elaborated megafunction instantiation "ascal:ascal|altsyncram:o_linf0[0].r[7]__6"
Info (12133): Instantiated megafunction "ascal:ascal|altsyncram:o_linf0[0].r[7]__6" with the following parameter:
    Info (12134): Parameter "OPERATION_MODE" = "DUAL_PORT"
    Info (12134): Parameter "WIDTH_A" = "24"
    Info (12134): Parameter "WIDTHAD_A" = "8"
    Info (12134): Parameter "NUMWORDS_A" = "256"
    Info (12134): Parameter "WIDTH_B" = "24"
    Info (12134): Parameter "WIDTHAD_B" = "8"
    Info (12134): Parameter "NUMWORDS_B" = "256"
    Info (12134): Parameter "ADDRESS_ACLR_A" = "NONE"
    Info (12134): Parameter "OUTDATA_REG_B" = "UNREGISTERED"
    Info (12134): Parameter "ADDRESS_ACLR_B" = "NONE"
    Info (12134): Parameter "OUTDATA_ACLR_B" = "NONE"
    Info (12134): Parameter "ADDRESS_REG_B" = "CLOCK0"
    Info (12134): Parameter "INDATA_ACLR_A" = "NONE"
    Info (12134): Parameter "WRCONTROL_ACLR_A" = "NONE"
    Info (12134): Parameter "READ_DURING_WRITE_MODE_MIXED_PORTS" = "OLD_DATA"
Info (12021): Found 1 design units, including 1 entities, in source file db/altsyncram_m6n1.tdf
    Info (12023): Found entity 1: altsyncram_m6n1 File: /build/db/altsyncram_m6n1.tdf Line: 28
Info (12128): Elaborating entity "altsyncram_m6n1" for hierarchy "ascal:ascal|altsyncram:o_linf0[0].r[7]__6|altsyncram_m6n1:auto_generated" File: /opt/intelFPGA/quartus/libraries/megafunctions/altsyncram.tdf Line: 792
Info (12128): Elaborating entity "sys_umuldiv" for hierarchy "sys_umuldiv:ar_muldiv" File: /build/sys/sys_top.v Line: 890
Info (12128): Elaborating entity "sys_umul" for hierarchy "sys_umuldiv:ar_muldiv|sys_umul:umul" File: /build/sys/math.sv Line: 105
Info (12128): Elaborating entity "sys_udiv" for hierarchy "sys_umuldiv:ar_muldiv|sys_udiv:udiv" File: /build/sys/math.sv Line: 107
Info (12128): Elaborating entity "pll_hdmi_adj" for hierarchy "pll_hdmi_adj:pll_hdmi_adj" File: /build/sys/sys_top.v Line: 1015
Info (12128): Elaborating entity "pll_hdmi" for hierarchy "pll_hdmi:pll_hdmi" File: /build/sys/sys_top.v Line: 1049
Info (12128): Elaborating entity "pll_hdmi_0002" for hierarchy "pll_hdmi:pll_hdmi|pll_hdmi_0002:pll_hdmi_inst" File: /build/sys/pll_hdmi.v Line: 23
Info (12128): Elaborating entity "altera_pll" for hierarchy "pll_hdmi:pll_hdmi|pll_hdmi_0002:pll_hdmi_inst|altera_pll:altera_pll_i" File: /build/sys/pll_hdmi/pll_hdmi_0002.v Line: 239
Info (10008): Verilog HDL or VHDL information: EDA Netlist Writer cannot regroup multidimensional array "wire_to_nowhere_64" into its bus
Info (12130): Elaborated megafunction instantiation "pll_hdmi:pll_hdmi|pll_hdmi_0002:pll_hdmi_inst|altera_pll:altera_pll_i" File: /build/sys/pll_hdmi/pll_hdmi_0002.v Line: 239
Info (12133): Instantiated megafunction "pll_hdmi:pll_hdmi|pll_hdmi_0002:pll_hdmi_inst|altera_pll:altera_pll_i" with the following parameter: File: /build/sys/pll_hdmi/pll_hdmi_0002.v Line: 239
    Info (12134): Parameter "fractional_vco_multiplier" = "true"
    Info (12134): Parameter "reference_clock_frequency" = "50.0 MHz"
    Info (12134): Parameter "pll_fractional_cout" = "32"
    Info (12134): Parameter "pll_dsm_out_sel" = "1st_order"
    Info (12134): Parameter "operation_mode" = "direct"
    Info (12134): Parameter "number_of_clocks" = "1"
    Info (12134): Parameter "output_clock_frequency0" = "148.500000 MHz"
    Info (12134): Parameter "phase_shift0" = "0 ps"
    Info (12134): Parameter "duty_cycle0" = "50"
    Info (12134): Parameter "output_clock_frequency1" = "0 MHz"
    Info (12134): Parameter "phase_shift1" = "0 ps"
    Info (12134): Parameter "duty_cycle1" = "50"
    Info (12134): Parameter "output_clock_frequency2" = "0 MHz"
    Info (12134): Parameter "phase_shift2" = "0 ps"
    Info (12134): Parameter "duty_cycle2" = "50"
    Info (12134): Parameter "output_clock_frequency3" = "0 MHz"
    Info (12134): Parameter "phase_shift3" = "0 ps"
    Info (12134): Parameter "duty_cycle3" = "50"
    Info (12134): Parameter "output_clock_frequency4" = "0 MHz"
    Info (12134): Parameter "phase_shift4" = "0 ps"
    Info (12134): Parameter "duty_cycle4" = "50"
    Info (12134): Parameter "output_clock_frequency5" = "0 MHz"
    Info (12134): Parameter "phase_shift5" = "0 ps"
    Info (12134): Parameter "duty_cycle5" = "50"
    Info (12134): Parameter "output_clock_frequency6" = "0 MHz"
    Info (12134): Parameter "phase_shift6" = "0 ps"
    Info (12134): Parameter "duty_cycle6" = "50"
    Info (12134): Parameter "output_clock_frequency7" = "0 MHz"
    Info (12134): Parameter "phase_shift7" = "0 ps"
    Info (12134): Parameter "duty_cycle7" = "50"
    Info (12134): Parameter "output_clock_frequency8" = "0 MHz"
    Info (12134): Parameter "phase_shift8" = "0 ps"
    Info (12134): Parameter "duty_cycle8" = "50"
    Info (12134): Parameter "output_clock_frequency9" = "0 MHz"
    Info (12134): Parameter "phase_shift9" = "0 ps"
    Info (12134): Parameter "duty_cycle9" = "50"
    Info (12134): Parameter "output_clock_frequency10" = "0 MHz"
    Info (12134): Parameter "phase_shift10" = "0 ps"
    Info (12134): Parameter "duty_cycle10" = "50"
    Info (12134): Parameter "output_clock_frequency11" = "0 MHz"
    Info (12134): Parameter "phase_shift11" = "0 ps"
    Info (12134): Parameter "duty_cycle11" = "50"
    Info (12134): Parameter "output_clock_frequency12" = "0 MHz"
    Info (12134): Parameter "phase_shift12" = "0 ps"
    Info (12134): Parameter "duty_cycle12" = "50"
    Info (12134): Parameter "output_clock_frequency13" = "0 MHz"
    Info (12134): Parameter "phase_shift13" = "0 ps"
    Info (12134): Parameter "duty_cycle13" = "50"
    Info (12134): Parameter "output_clock_frequency14" = "0 MHz"
    Info (12134): Parameter "phase_shift14" = "0 ps"
    Info (12134): Parameter "duty_cycle14" = "50"
    Info (12134): Parameter "output_clock_frequency15" = "0 MHz"
    Info (12134): Parameter "phase_shift15" = "0 ps"
    Info (12134): Parameter "duty_cycle15" = "50"
    Info (12134): Parameter "output_clock_frequency16" = "0 MHz"
    Info (12134): Parameter "phase_shift16" = "0 ps"
    Info (12134): Parameter "duty_cycle16" = "50"
    Info (12134): Parameter "output_clock_frequency17" = "0 MHz"
    Info (12134): Parameter "phase_shift17" = "0 ps"
    Info (12134): Parameter "duty_cycle17" = "50"
    Info (12134): Parameter "pll_type" = "Cyclone V"
    Info (12134): Parameter "pll_subtype" = "Reconfigurable"
    Info (12134): Parameter "m_cnt_hi_div" = "4"
    Info (12134): Parameter "m_cnt_lo_div" = "4"
    Info (12134): Parameter "n_cnt_hi_div" = "256"
    Info (12134): Parameter "n_cnt_lo_div" = "256"
    Info (12134): Parameter "m_cnt_bypass_en" = "false"
    Info (12134): Parameter "n_cnt_bypass_en" = "true"
    Info (12134): Parameter "m_cnt_odd_div_duty_en" = "false"
    Info (12134): Parameter "n_cnt_odd_div_duty_en" = "false"
    Info (12134): Parameter "c_cnt_hi_div0" = "2"
    Info (12134): Parameter "c_cnt_lo_div0" = "1"
    Info (12134): Parameter "c_cnt_prst0" = "1"
    Info (12134): Parameter "c_cnt_ph_mux_prst0" = "0"
    Info (12134): Parameter "c_cnt_in_src0" = "ph_mux_clk"
    Info (12134): Parameter "c_cnt_bypass_en0" = "false"
    Info (12134): Parameter "c_cnt_odd_div_duty_en0" = "true"
    Info (12134): Parameter "c_cnt_hi_div1" = "1"
    Info (12134): Parameter "c_cnt_lo_div1" = "1"
    Info (12134): Parameter "c_cnt_prst1" = "1"
    Info (12134): Parameter "c_cnt_ph_mux_prst1" = "0"
    Info (12134): Parameter "c_cnt_in_src1" = "ph_mux_clk"
    Info (12134): Parameter "c_cnt_bypass_en1" = "true"
    Info (12134): Parameter "c_cnt_odd_div_duty_en1" = "false"
    Info (12134): Parameter "c_cnt_hi_div2" = "1"
    Info (12134): Parameter "c_cnt_lo_div2" = "1"
    Info (12134): Parameter "c_cnt_prst2" = "1"
    Info (12134): Parameter "c_cnt_ph_mux_prst2" = "0"
    Info (12134): Parameter "c_cnt_in_src2" = "ph_mux_clk"
    Info (12134): Parameter "c_cnt_bypass_en2" = "true"
    Info (12134): Parameter "c_cnt_odd_div_duty_en2" = "false"
    Info (12134): Parameter "c_cnt_hi_div3" = "1"
    Info (12134): Parameter "c_cnt_lo_div3" = "1"
    Info (12134): Parameter "c_cnt_prst3" = "1"
    Info (12134): Parameter "c_cnt_ph_mux_prst3" = "0"
    Info (12134): Parameter "c_cnt_in_src3" = "ph_mux_clk"
    Info (12134): Parameter "c_cnt_bypass_en3" = "true"
    Info (12134): Parameter "c_cnt_odd_div_duty_en3" = "false"
    Info (12134): Parameter "c_cnt_hi_div4" = "1"
    Info (12134): Parameter "c_cnt_lo_div4" = "1"
    Info (12134): Parameter "c_cnt_prst4" = "1"
    Info (12134): Parameter "c_cnt_ph_mux_prst4" = "0"
    Info (12134): Parameter "c_cnt_in_src4" = "ph_mux_clk"
    Info (12134): Parameter "c_cnt_bypass_en4" = "true"
    Info (12134): Parameter "c_cnt_odd_div_duty_en4" = "false"
    Info (12134): Parameter "c_cnt_hi_div5" = "1"
    Info (12134): Parameter "c_cnt_lo_div5" = "1"
    Info (12134): Parameter "c_cnt_prst5" = "1"
    Info (12134): Parameter "c_cnt_ph_mux_prst5" = "0"
    Info (12134): Parameter "c_cnt_in_src5" = "ph_mux_clk"
    Info (12134): Parameter "c_cnt_bypass_en5" = "true"
    Info (12134): Parameter "c_cnt_odd_div_duty_en5" = "false"
    Info (12134): Parameter "c_cnt_hi_div6" = "1"
    Info (12134): Parameter "c_cnt_lo_div6" = "1"
    Info (12134): Parameter "c_cnt_prst6" = "1"
    Info (12134): Parameter "c_cnt_ph_mux_prst6" = "0"
    Info (12134): Parameter "c_cnt_in_src6" = "ph_mux_clk"
    Info (12134): Parameter "c_cnt_bypass_en6" = "true"
    Info (12134): Parameter "c_cnt_odd_div_duty_en6" = "false"
    Info (12134): Parameter "c_cnt_hi_div7" = "1"
    Info (12134): Parameter "c_cnt_lo_div7" = "1"
    Info (12134): Parameter "c_cnt_prst7" = "1"
    Info (12134): Parameter "c_cnt_ph_mux_prst7" = "0"
    Info (12134): Parameter "c_cnt_in_src7" = "ph_mux_clk"
    Info (12134): Parameter "c_cnt_bypass_en7" = "true"
    Info (12134): Parameter "c_cnt_odd_div_duty_en7" = "false"
    Info (12134): Parameter "c_cnt_hi_div8" = "1"
    Info (12134): Parameter "c_cnt_lo_div8" = "1"
    Info (12134): Parameter "c_cnt_prst8" = "1"
    Info (12134): Parameter "c_cnt_ph_mux_prst8" = "0"
    Info (12134): Parameter "c_cnt_in_src8" = "ph_mux_clk"
    Info (12134): Parameter "c_cnt_bypass_en8" = "true"
    Info (12134): Parameter "c_cnt_odd_div_duty_en8" = "false"
    Info (12134): Parameter "c_cnt_hi_div9" = "1"
    Info (12134): Parameter "c_cnt_lo_div9" = "1"
    Info (12134): Parameter "c_cnt_prst9" = "1"
    Info (12134): Parameter "c_cnt_ph_mux_prst9" = "0"
    Info (12134): Parameter "c_cnt_in_src9" = "ph_mux_clk"
    Info (12134): Parameter "c_cnt_bypass_en9" = "true"
    Info (12134): Parameter "c_cnt_odd_div_duty_en9" = "false"
    Info (12134): Parameter "c_cnt_hi_div10" = "1"
    Info (12134): Parameter "c_cnt_lo_div10" = "1"
    Info (12134): Parameter "c_cnt_prst10" = "1"
    Info (12134): Parameter "c_cnt_ph_mux_prst10" = "0"
    Info (12134): Parameter "c_cnt_in_src10" = "ph_mux_clk"
    Info (12134): Parameter "c_cnt_bypass_en10" = "true"
    Info (12134): Parameter "c_cnt_odd_div_duty_en10" = "false"
    Info (12134): Parameter "c_cnt_hi_div11" = "1"
    Info (12134): Parameter "c_cnt_lo_div11" = "1"
    Info (12134): Parameter "c_cnt_prst11" = "1"
    Info (12134): Parameter "c_cnt_ph_mux_prst11" = "0"
    Info (12134): Parameter "c_cnt_in_src11" = "ph_mux_clk"
    Info (12134): Parameter "c_cnt_bypass_en11" = "true"
    Info (12134): Parameter "c_cnt_odd_div_duty_en11" = "false"
    Info (12134): Parameter "c_cnt_hi_div12" = "1"
    Info (12134): Parameter "c_cnt_lo_div12" = "1"
    Info (12134): Parameter "c_cnt_prst12" = "1"
    Info (12134): Parameter "c_cnt_ph_mux_prst12" = "0"
    Info (12134): Parameter "c_cnt_in_src12" = "ph_mux_clk"
    Info (12134): Parameter "c_cnt_bypass_en12" = "true"
    Info (12134): Parameter "c_cnt_odd_div_duty_en12" = "false"
    Info (12134): Parameter "c_cnt_hi_div13" = "1"
    Info (12134): Parameter "c_cnt_lo_div13" = "1"
    Info (12134): Parameter "c_cnt_prst13" = "1"
    Info (12134): Parameter "c_cnt_ph_mux_prst13" = "0"
    Info (12134): Parameter "c_cnt_in_src13" = "ph_mux_clk"
    Info (12134): Parameter "c_cnt_bypass_en13" = "true"
    Info (12134): Parameter "c_cnt_odd_div_duty_en13" = "false"
    Info (12134): Parameter "c_cnt_hi_div14" = "1"
    Info (12134): Parameter "c_cnt_lo_div14" = "1"
    Info (12134): Parameter "c_cnt_prst14" = "1"
    Info (12134): Parameter "c_cnt_ph_mux_prst14" = "0"
    Info (12134): Parameter "c_cnt_in_src14" = "ph_mux_clk"
    Info (12134): Parameter "c_cnt_bypass_en14" = "true"
    Info (12134): Parameter "c_cnt_odd_div_duty_en14" = "false"
    Info (12134): Parameter "c_cnt_hi_div15" = "1"
    Info (12134): Parameter "c_cnt_lo_div15" = "1"
    Info (12134): Parameter "c_cnt_prst15" = "1"
    Info (12134): Parameter "c_cnt_ph_mux_prst15" = "0"
    Info (12134): Parameter "c_cnt_in_src15" = "ph_mux_clk"
    Info (12134): Parameter "c_cnt_bypass_en15" = "true"
    Info (12134): Parameter "c_cnt_odd_div_duty_en15" = "false"
    Info (12134): Parameter "c_cnt_hi_div16" = "1"
    Info (12134): Parameter "c_cnt_lo_div16" = "1"
    Info (12134): Parameter "c_cnt_prst16" = "1"
    Info (12134): Parameter "c_cnt_ph_mux_prst16" = "0"
    Info (12134): Parameter "c_cnt_in_src16" = "ph_mux_clk"
    Info (12134): Parameter "c_cnt_bypass_en16" = "true"
    Info (12134): Parameter "c_cnt_odd_div_duty_en16" = "false"
    Info (12134): Parameter "c_cnt_hi_div17" = "1"
    Info (12134): Parameter "c_cnt_lo_div17" = "1"
    Info (12134): Parameter "c_cnt_prst17" = "1"
    Info (12134): Parameter "c_cnt_ph_mux_prst17" = "0"
    Info (12134): Parameter "c_cnt_in_src17" = "ph_mux_clk"
    Info (12134): Parameter "c_cnt_bypass_en17" = "true"
    Info (12134): Parameter "c_cnt_odd_div_duty_en17" = "false"
    Info (12134): Parameter "pll_vco_div" = "2"
    Info (12134): Parameter "pll_cp_current" = "20"
    Info (12134): Parameter "pll_bwctrl" = "4000"
    Info (12134): Parameter "pll_output_clk_frequency" = "445.499999 MHz"
    Info (12134): Parameter "pll_fractional_division" = "3908420153"
    Info (12134): Parameter "mimic_fbclk_type" = "none"
    Info (12134): Parameter "pll_fbclk_mux_1" = "glb"
    Info (12134): Parameter "pll_fbclk_mux_2" = "m_cnt"
    Info (12134): Parameter "pll_m_cnt_in_src" = "ph_mux_clk"
    Info (12134): Parameter "pll_slf_rst" = "true"
Info (12128): Elaborating entity "dps_extra_kick" for hierarchy "pll_hdmi:pll_hdmi|pll_hdmi_0002:pll_hdmi_inst|altera_pll:altera_pll_i|dps_extra_kick:dps_extra_inst" File: /opt/intelFPGA/quartus/libraries/megafunctions/altera_pll.v Line: 769
Info (12131): Elaborated megafunction instantiation "pll_hdmi:pll_hdmi|pll_hdmi_0002:pll_hdmi_inst|altera_pll:altera_pll_i|dps_extra_kick:dps_extra_inst", which is child of megafunction instantiation "pll_hdmi:pll_hdmi|pll_hdmi_0002:pll_hdmi_inst|altera_pll:altera_pll_i" File: /opt/intelFPGA/quartus/libraries/megafunctions/altera_pll.v Line: 769
Info (12128): Elaborating entity "dprio_init" for hierarchy "pll_hdmi:pll_hdmi|pll_hdmi_0002:pll_hdmi_inst|altera_pll:altera_pll_i|dprio_init:dprio_init_inst" File: /opt/intelFPGA/quartus/libraries/megafunctions/altera_pll.v Line: 784
Info (12131): Elaborated megafunction instantiation "pll_hdmi:pll_hdmi|pll_hdmi_0002:pll_hdmi_inst|altera_pll:altera_pll_i|dprio_init:dprio_init_inst", which is child of megafunction instantiation "pll_hdmi:pll_hdmi|pll_hdmi_0002:pll_hdmi_inst|altera_pll:altera_pll_i" File: /opt/intelFPGA/quartus/libraries/megafunctions/altera_pll.v Line: 784
Info (12128): Elaborating entity "altera_pll_dps_lcell_comb" for hierarchy "pll_hdmi:pll_hdmi|pll_hdmi_0002:pll_hdmi_inst|altera_pll:altera_pll_i|altera_pll_dps_lcell_comb:lcell_cntsel_int_0" File: /opt/intelFPGA/quartus/libraries/megafunctions/altera_pll.v Line: 1961
Info (12131): Elaborated megafunction instantiation "pll_hdmi:pll_hdmi|pll_hdmi_0002:pll_hdmi_inst|altera_pll:altera_pll_i|altera_pll_dps_lcell_comb:lcell_cntsel_int_0", which is child of megafunction instantiation "pll_hdmi:pll_hdmi|pll_hdmi_0002:pll_hdmi_inst|altera_pll:altera_pll_i" File: /opt/intelFPGA/quartus/libraries/megafunctions/altera_pll.v Line: 1961
Info (12128): Elaborating entity "altera_pll_dps_lcell_comb" for hierarchy "pll_hdmi:pll_hdmi|pll_hdmi_0002:pll_hdmi_inst|altera_pll:altera_pll_i|altera_pll_dps_lcell_comb:lcell_cntsel_int_1" File: /opt/intelFPGA/quartus/libraries/megafunctions/altera_pll.v Line: 1972
Info (12131): Elaborated megafunction instantiation "pll_hdmi:pll_hdmi|pll_hdmi_0002:pll_hdmi_inst|altera_pll:altera_pll_i|altera_pll_dps_lcell_comb:lcell_cntsel_int_1", which is child of megafunction instantiation "pll_hdmi:pll_hdmi|pll_hdmi_0002:pll_hdmi_inst|altera_pll:altera_pll_i" File: /opt/intelFPGA/quartus/libraries/megafunctions/altera_pll.v Line: 1972
Info (12128): Elaborating entity "altera_pll_dps_lcell_comb" for hierarchy "pll_hdmi:pll_hdmi|pll_hdmi_0002:pll_hdmi_inst|altera_pll:altera_pll_i|altera_pll_dps_lcell_comb:lcell_cntsel_int_2" File: /opt/intelFPGA/quartus/libraries/megafunctions/altera_pll.v Line: 1983
Info (12131): Elaborated megafunction instantiation "pll_hdmi:pll_hdmi|pll_hdmi_0002:pll_hdmi_inst|altera_pll:altera_pll_i|altera_pll_dps_lcell_comb:lcell_cntsel_int_2", which is child of megafunction instantiation "pll_hdmi:pll_hdmi|pll_hdmi_0002:pll_hdmi_inst|altera_pll:altera_pll_i" File: /opt/intelFPGA/quartus/libraries/megafunctions/altera_pll.v Line: 1983
Info (12128): Elaborating entity "altera_pll_dps_lcell_comb" for hierarchy "pll_hdmi:pll_hdmi|pll_hdmi_0002:pll_hdmi_inst|altera_pll:altera_pll_i|altera_pll_dps_lcell_comb:lcell_cntsel_int_3" File: /opt/intelFPGA/quartus/libraries/megafunctions/altera_pll.v Line: 1994
Info (12131): Elaborated megafunction instantiation "pll_hdmi:pll_hdmi|pll_hdmi_0002:pll_hdmi_inst|altera_pll:altera_pll_i|altera_pll_dps_lcell_comb:lcell_cntsel_int_3", which is child of megafunction instantiation "pll_hdmi:pll_hdmi|pll_hdmi_0002:pll_hdmi_inst|altera_pll:altera_pll_i" File: /opt/intelFPGA/quartus/libraries/megafunctions/altera_pll.v Line: 1994
Info (12128): Elaborating entity "altera_pll_dps_lcell_comb" for hierarchy "pll_hdmi:pll_hdmi|pll_hdmi_0002:pll_hdmi_inst|altera_pll:altera_pll_i|altera_pll_dps_lcell_comb:lcell_cntsel_int_4" File: /opt/intelFPGA/quartus/libraries/megafunctions/altera_pll.v Line: 2005
Info (12131): Elaborated megafunction instantiation "pll_hdmi:pll_hdmi|pll_hdmi_0002:pll_hdmi_inst|altera_pll:altera_pll_i|altera_pll_dps_lcell_comb:lcell_cntsel_int_4", which is child of megafunction instantiation "pll_hdmi:pll_hdmi|pll_hdmi_0002:pll_hdmi_inst|altera_pll:altera_pll_i" File: /opt/intelFPGA/quartus/libraries/megafunctions/altera_pll.v Line: 2005
Info (12128): Elaborating entity "pll_cfg_hdmi" for hierarchy "pll_cfg_hdmi:pll_cfg_hdmi" File: /build/sys/sys_top.v Line: 1084
Info (12128): Elaborating entity "altera_std_synchronizer" for hierarchy "pll_cfg_hdmi:pll_cfg_hdmi|altera_std_synchronizer:altera_std_synchronizer_inst" File: /build/sys/pll_cfg/pll_cfg_hdmi.v Line: 271
Info (12130): Elaborated megafunction instantiation "pll_cfg_hdmi:pll_cfg_hdmi|altera_std_synchronizer:altera_std_synchronizer_inst" File: /build/sys/pll_cfg/pll_cfg_hdmi.v Line: 271
Info (12133): Instantiated megafunction "pll_cfg_hdmi:pll_cfg_hdmi|altera_std_synchronizer:altera_std_synchronizer_inst" with the following parameter: File: /build/sys/pll_cfg/pll_cfg_hdmi.v Line: 271
    Info (12134): Parameter "depth" = "3"
Info (12128): Elaborating entity "dyn_phase_shift" for hierarchy "pll_cfg_hdmi:pll_cfg_hdmi|dyn_phase_shift:dyn_phase_shift_inst" File: /build/sys/pll_cfg/pll_cfg_hdmi.v Line: 1169
Info (12128): Elaborating entity "generic_lcell_comb" for hierarchy "pll_cfg_hdmi:pll_cfg_hdmi|dyn_phase_shift:dyn_phase_shift_inst|generic_lcell_comb:lcell_cnt_sel_0" File: /build/sys/pll_cfg/altera_pll_reconfig_core.v Line: 2060
Info (12128): Elaborating entity "generic_lcell_comb" for hierarchy "pll_cfg_hdmi:pll_cfg_hdmi|dyn_phase_shift:dyn_phase_shift_inst|generic_lcell_comb:lcell_cnt_sel_1" File: /build/sys/pll_cfg/altera_pll_reconfig_core.v Line: 2071
Info (12128): Elaborating entity "generic_lcell_comb" for hierarchy "pll_cfg_hdmi:pll_cfg_hdmi|dyn_phase_shift:dyn_phase_shift_inst|generic_lcell_comb:lcell_cnt_sel_2" File: /build/sys/pll_cfg/altera_pll_reconfig_core.v Line: 2082
Info (12128): Elaborating entity "generic_lcell_comb" for hierarchy "pll_cfg_hdmi:pll_cfg_hdmi|dyn_phase_shift:dyn_phase_shift_inst|generic_lcell_comb:lcell_cnt_sel_3" File: /build/sys/pll_cfg/altera_pll_reconfig_core.v Line: 2093
Info (12128): Elaborating entity "generic_lcell_comb" for hierarchy "pll_cfg_hdmi:pll_cfg_hdmi|dyn_phase_shift:dyn_phase_shift_inst|generic_lcell_comb:lcell_cnt_sel_4" File: /build/sys/pll_cfg/altera_pll_reconfig_core.v Line: 2104
Info (12128): Elaborating entity "self_reset" for hierarchy "pll_cfg_hdmi:pll_cfg_hdmi|self_reset:self_reset_inst" File: /build/sys/pll_cfg/pll_cfg_hdmi.v Line: 1173
Info (12128): Elaborating entity "dprio_mux" for hierarchy "pll_cfg_hdmi:pll_cfg_hdmi|dprio_mux:dprio_mux_inst" File: /build/sys/pll_cfg/pll_cfg_hdmi.v Line: 1211
Info (12128): Elaborating entity "fpll_dprio_init" for hierarchy "pll_cfg_hdmi:pll_cfg_hdmi|fpll_dprio_init:fpll_dprio_init_inst" File: /build/sys/pll_cfg/pll_cfg_hdmi.v Line: 1230
Info (12128): Elaborating entity "shadowmask" for hierarchy "shadowmask:HDMI_shadowmask" File: /build/sys/sys_top.v Line: 1178
Info (12128): Elaborating entity "osd" for hierarchy "osd:hdmi_osd" File: /build/sys/sys_top.v Line: 1201
Info (12128): Elaborating entity "csync" for hierarchy "csync:csync_hdmi" File: /build/sys/sys_top.v Line: 1204
Info (12128): Elaborating entity "altddio_out" for hierarchy "altddio_out:hdmiclk_ddr" File: /build/sys/sys_top.v Line: 1297
Info (12130): Elaborated megafunction instantiation "altddio_out:hdmiclk_ddr" File: /build/sys/sys_top.v Line: 1297
Info (12133): Instantiated megafunction "altddio_out:hdmiclk_ddr" with the following parameter: File: /build/sys/sys_top.v Line: 1297
    Info (12134): Parameter "extend_oe_disable" = "OFF"
    Info (12134): Parameter "intended_device_family" = "Cyclone V"
    Info (12134): Parameter "invert_output" = "OFF"
    Info (12134): Parameter "lpm_hint" = "UNUSED"
    Info (12134): Parameter "lpm_type" = "altddio_out"
    Info (12134): Parameter "oe_reg" = "UNREGISTERED"
    Info (12134): Parameter "power_up_high" = "OFF"
    Info (12134): Parameter "width" = "1"
Info (12021): Found 1 design units, including 1 entities, in source file db/ddio_out_b2j.tdf
    Info (12023): Found entity 1: ddio_out_b2j File: /build/db/ddio_out_b2j.tdf Line: 28
Info (12128): Elaborating entity "ddio_out_b2j" for hierarchy "altddio_out:hdmiclk_ddr|ddio_out_b2j:auto_generated" File: /opt/intelFPGA/quartus/libraries/megafunctions/altddio_out.tdf Line: 101
Info (12128): Elaborating entity "altddio_out" for hierarchy "altddio_out:vgaclk_ddr" File: /build/sys/sys_top.v Line: 1378
Info (12130): Elaborated megafunction instantiation "altddio_out:vgaclk_ddr" File: /build/sys/sys_top.v Line: 1378
Info (12133): Instantiated megafunction "altddio_out:vgaclk_ddr" with the following parameter: File: /build/sys/sys_top.v Line: 1378
    Info (12134): Parameter "extend_oe_disable" = "OFF"
    Info (12134): Parameter "intended_device_family" = "Cyclone V"
    Info (12134): Parameter "invert_output" = "OFF"
    Info (12134): Parameter "lpm_hint" = "UNUSED"
    Info (12134): Parameter "lpm_type" = "altddio_out"
    Info (12134): Parameter "oe_reg" = "UNREGISTERED"
    Info (12134): Parameter "power_up_high" = "OFF"
    Info (12134): Parameter "width" = "1"
Info (12021): Found 1 design units, including 1 entities, in source file db/ddio_out_1oj.tdf
    Info (12023): Found entity 1: ddio_out_1oj File: /build/db/ddio_out_1oj.tdf Line: 30
Info (12128): Elaborating entity "ddio_out_1oj" for hierarchy "altddio_out:vgaclk_ddr|ddio_out_1oj:auto_generated" File: /opt/intelFPGA/quartus/libraries/megafunctions/altddio_out.tdf Line: 101
Info (12128): Elaborating entity "scanlines" for hierarchy "scanlines:VGA_scanlines" File: /build/sys/sys_top.v Line: 1399
Info (12128): Elaborating entity "yc_out" for hierarchy "yc_out:yc_out" File: /build/sys/sys_top.v Line: 1452
Info (12128): Elaborating entity "vga_out" for hierarchy "vga_out:vga_scaler_out" File: /build/sys/sys_top.v Line: 1487
Info (12128): Elaborating entity "pll_audio" for hierarchy "pll_audio:pll_audio" File: /build/sys/sys_top.v Line: 1577
Info (12128): Elaborating entity "pll_audio_0002" for hierarchy "pll_audio:pll_audio|pll_audio_0002:pll_audio_inst" File: /build/sys/pll_audio.v Line: 19
Info (12128): Elaborating entity "altera_pll" for hierarchy "pll_audio:pll_audio|pll_audio_0002:pll_audio_inst|altera_pll:altera_pll_i" File: /build/sys/pll_audio/pll_audio_0002.v Line: 85
Info (10008): Verilog HDL or VHDL information: EDA Netlist Writer cannot regroup multidimensional array "wire_to_nowhere_64" into its bus
Info (12130): Elaborated megafunction instantiation "pll_audio:pll_audio|pll_audio_0002:pll_audio_inst|altera_pll:altera_pll_i" File: /build/sys/pll_audio/pll_audio_0002.v Line: 85
Info (12133): Instantiated megafunction "pll_audio:pll_audio|pll_audio_0002:pll_audio_inst|altera_pll:altera_pll_i" with the following parameter: File: /build/sys/pll_audio/pll_audio_0002.v Line: 85
    Info (12134): Parameter "fractional_vco_multiplier" = "true"
    Info (12134): Parameter "reference_clock_frequency" = "50.0 MHz"
    Info (12134): Parameter "operation_mode" = "direct"
    Info (12134): Parameter "number_of_clocks" = "1"
    Info (12134): Parameter "output_clock_frequency0" = "24.576000 MHz"
    Info (12134): Parameter "phase_shift0" = "0 ps"
    Info (12134): Parameter "duty_cycle0" = "50"
    Info (12134): Parameter "output_clock_frequency1" = "0 MHz"
    Info (12134): Parameter "phase_shift1" = "0 ps"
    Info (12134): Parameter "duty_cycle1" = "50"
    Info (12134): Parameter "output_clock_frequency2" = "0 MHz"
    Info (12134): Parameter "phase_shift2" = "0 ps"
    Info (12134): Parameter "duty_cycle2" = "50"
    Info (12134): Parameter "output_clock_frequency3" = "0 MHz"
    Info (12134): Parameter "phase_shift3" = "0 ps"
    Info (12134): Parameter "duty_cycle3" = "50"
    Info (12134): Parameter "output_clock_frequency4" = "0 MHz"
    Info (12134): Parameter "phase_shift4" = "0 ps"
    Info (12134): Parameter "duty_cycle4" = "50"
    Info (12134): Parameter "output_clock_frequency5" = "0 MHz"
    Info (12134): Parameter "phase_shift5" = "0 ps"
    Info (12134): Parameter "duty_cycle5" = "50"
    Info (12134): Parameter "output_clock_frequency6" = "0 MHz"
    Info (12134): Parameter "phase_shift6" = "0 ps"
    Info (12134): Parameter "duty_cycle6" = "50"
    Info (12134): Parameter "output_clock_frequency7" = "0 MHz"
    Info (12134): Parameter "phase_shift7" = "0 ps"
    Info (12134): Parameter "duty_cycle7" = "50"
    Info (12134): Parameter "output_clock_frequency8" = "0 MHz"
    Info (12134): Parameter "phase_shift8" = "0 ps"
    Info (12134): Parameter "duty_cycle8" = "50"
    Info (12134): Parameter "output_clock_frequency9" = "0 MHz"
    Info (12134): Parameter "phase_shift9" = "0 ps"
    Info (12134): Parameter "duty_cycle9" = "50"
    Info (12134): Parameter "output_clock_frequency10" = "0 MHz"
    Info (12134): Parameter "phase_shift10" = "0 ps"
    Info (12134): Parameter "duty_cycle10" = "50"
    Info (12134): Parameter "output_clock_frequency11" = "0 MHz"
    Info (12134): Parameter "phase_shift11" = "0 ps"
    Info (12134): Parameter "duty_cycle11" = "50"
    Info (12134): Parameter "output_clock_frequency12" = "0 MHz"
    Info (12134): Parameter "phase_shift12" = "0 ps"
    Info (12134): Parameter "duty_cycle12" = "50"
    Info (12134): Parameter "output_clock_frequency13" = "0 MHz"
    Info (12134): Parameter "phase_shift13" = "0 ps"
    Info (12134): Parameter "duty_cycle13" = "50"
    Info (12134): Parameter "output_clock_frequency14" = "0 MHz"
    Info (12134): Parameter "phase_shift14" = "0 ps"
    Info (12134): Parameter "duty_cycle14" = "50"
    Info (12134): Parameter "output_clock_frequency15" = "0 MHz"
    Info (12134): Parameter "phase_shift15" = "0 ps"
    Info (12134): Parameter "duty_cycle15" = "50"
    Info (12134): Parameter "output_clock_frequency16" = "0 MHz"
    Info (12134): Parameter "phase_shift16" = "0 ps"
    Info (12134): Parameter "duty_cycle16" = "50"
    Info (12134): Parameter "output_clock_frequency17" = "0 MHz"
    Info (12134): Parameter "phase_shift17" = "0 ps"
    Info (12134): Parameter "duty_cycle17" = "50"
    Info (12134): Parameter "pll_type" = "General"
    Info (12134): Parameter "pll_subtype" = "General"
Info (12128): Elaborating entity "audio_out" for hierarchy "audio_out:audio_out" File: /build/sys/sys_top.v Line: 1616
Info (12128): Elaborating entity "i2s" for hierarchy "audio_out:audio_out|i2s:i2s" File: /build/sys/audio_out.sv Line: 109
Info (12128): Elaborating entity "spdif" for hierarchy "audio_out:audio_out|spdif:toslink" File: /build/sys/audio_out.sv Line: 120
Info (12128): Elaborating entity "sigma_delta_dac" for hierarchy "audio_out:audio_out|sigma_delta_dac:sd_l" File: /build/sys/audio_out.sv Line: 128
Info (12128): Elaborating entity "IIR_filter" for hierarchy "audio_out:audio_out|IIR_filter:IIR_filter" File: /build/sys/audio_out.sv Line: 221
Info (12128): Elaborating entity "iir_filter_tap" for hierarchy "audio_out:audio_out|IIR_filter:IIR_filter|iir_filter_tap:iir_tap_0" File: /build/sys/iir_filter.v Line: 82
Info (12128): Elaborating entity "DC_blocker" for hierarchy "audio_out:audio_out|DC_blocker:dcb_l" File: /build/sys/audio_out.sv Line: 232
Info (12128): Elaborating entity "aud_mix_top" for hierarchy "audio_out:audio_out|aud_mix_top:audmix_l" File: /build/sys/audio_out.sv Line: 260
Info (12128): Elaborating entity "alsa" for hierarchy "alsa:alsa" File: /build/sys/sys_top.v Line: 1656
Info (12128): Elaborating entity "sync_fix" for hierarchy "sync_fix:sync_v" File: /build/sys/sys_top.v Line: 1707
Info (12128): Elaborating entity "emu" for hierarchy "emu:emu" File: /build/sys/sys_top.v Line: 1876
Warning (10036): Verilog HDL or VHDL warning at Plex.sv(227): object "content_width" assigned a value but never read File: /build/Plex.sv Line: 227
Warning (10036): Verilog HDL or VHDL warning at Plex.sv(228): object "content_height" assigned a value but never read File: /build/Plex.sv Line: 228
Warning (10036): Verilog HDL or VHDL warning at Plex.sv(313): object "sdram_read_sample" assigned a value but never read File: /build/Plex.sv Line: 313
Warning (10036): Verilog HDL or VHDL warning at Plex.sv(314): object "sdram_first_fail_valid" assigned a value but never read File: /build/Plex.sv Line: 314
Warning (10036): Verilog HDL or VHDL warning at Plex.sv(315): object "sdram_first_fail_addr" assigned a value but never read File: /build/Plex.sv Line: 315
Warning (10036): Verilog HDL or VHDL warning at Plex.sv(316): object "sdram_first_fail_expect" assigned a value but never read File: /build/Plex.sv Line: 316
Warning (10036): Verilog HDL or VHDL warning at Plex.sv(318): object "sdram_test_pass" assigned a value but never read File: /build/Plex.sv Line: 318
Warning (10036): Verilog HDL or VHDL warning at Plex.sv(321): object "sdram_test_active" assigned a value but never read File: /build/Plex.sv Line: 321
Warning (10036): Verilog HDL or VHDL warning at Plex.sv(874): object "st_res_word" assigned a value but never read File: /build/Plex.sv Line: 874
Warning (10036): Verilog HDL or VHDL warning at Plex.sv(1003): object "_unused" assigned a value but never read File: /build/Plex.sv Line: 1003
Info (12128): Elaborating entity "hps_io" for hierarchy "emu:emu|hps_io:hps_io" File: /build/Plex.sv Line: 150
Info (10264): Verilog HDL Case Statement information at hps_io.sv(417): all case item expressions in this case statement are onehot File: /build/sys/hps_io.sv Line: 417
Info (10264): Verilog HDL Case Statement information at hps_io.sv(446): all case item expressions in this case statement are onehot File: /build/sys/hps_io.sv Line: 446
Info (12128): Elaborating entity "video_calc" for hierarchy "emu:emu|hps_io:hps_io|video_calc:video_calc" File: /build/sys/hps_io.sv Line: 236
Info (12128): Elaborating entity "pll" for hierarchy "emu:emu|pll:pll" File: /build/Plex.sv Line: 219
Info (12128): Elaborating entity "pll_0002" for hierarchy "emu:emu|pll:pll|pll_0002:pll_inst" File: /build/rtl/pll.v Line: 24
Info (12128): Elaborating entity "altera_pll" for hierarchy "emu:emu|pll:pll|pll_0002:pll_inst|altera_pll:altera_pll_i" File: /build/rtl/pll/pll_0002.v Line: 109
Info (10008): Verilog HDL or VHDL information: EDA Netlist Writer cannot regroup multidimensional array "wire_to_nowhere_64" into its bus
Info (12130): Elaborated megafunction instantiation "emu:emu|pll:pll|pll_0002:pll_inst|altera_pll:altera_pll_i" File: /build/rtl/pll/pll_0002.v Line: 109
Info (12133): Instantiated megafunction "emu:emu|pll:pll|pll_0002:pll_inst|altera_pll:altera_pll_i" with the following parameter: File: /build/rtl/pll/pll_0002.v Line: 109
    Info (12134): Parameter "fractional_vco_multiplier" = "false"
    Info (12134): Parameter "reference_clock_frequency" = "50.0 MHz"
    Info (12134): Parameter "operation_mode" = "direct"
    Info (12134): Parameter "number_of_clocks" = "3"
    Info (12134): Parameter "output_clock_frequency0" = "20.000000 MHz"
    Info (12134): Parameter "phase_shift0" = "0 ps"
    Info (12134): Parameter "duty_cycle0" = "50"
    Info (12134): Parameter "output_clock_frequency1" = "142.000000 MHz"
    Info (12134): Parameter "phase_shift1" = "0 ps"
    Info (12134): Parameter "duty_cycle1" = "50"
    Info (12134): Parameter "output_clock_frequency2" = "90.000000 MHz"
    Info (12134): Parameter "phase_shift2" = "0 ps"
    Info (12134): Parameter "duty_cycle2" = "50"
    Info (12134): Parameter "output_clock_frequency3" = "0 MHz"
    Info (12134): Parameter "phase_shift3" = "0 ps"
    Info (12134): Parameter "duty_cycle3" = "50"
    Info (12134): Parameter "output_clock_frequency4" = "0 MHz"
    Info (12134): Parameter "phase_shift4" = "0 ps"
    Info (12134): Parameter "duty_cycle4" = "50"
    Info (12134): Parameter "output_clock_frequency5" = "0 MHz"
    Info (12134): Parameter "phase_shift5" = "0 ps"
    Info (12134): Parameter "duty_cycle5" = "50"
    Info (12134): Parameter "output_clock_frequency6" = "0 MHz"
    Info (12134): Parameter "phase_shift6" = "0 ps"
    Info (12134): Parameter "duty_cycle6" = "50"
    Info (12134): Parameter "output_clock_frequency7" = "0 MHz"
    Info (12134): Parameter "phase_shift7" = "0 ps"
    Info (12134): Parameter "duty_cycle7" = "50"
    Info (12134): Parameter "output_clock_frequency8" = "0 MHz"
    Info (12134): Parameter "phase_shift8" = "0 ps"
    Info (12134): Parameter "duty_cycle8" = "50"
    Info (12134): Parameter "output_clock_frequency9" = "0 MHz"
    Info (12134): Parameter "phase_shift9" = "0 ps"
    Info (12134): Parameter "duty_cycle9" = "50"
    Info (12134): Parameter "output_clock_frequency10" = "0 MHz"
    Info (12134): Parameter "phase_shift10" = "0 ps"
    Info (12134): Parameter "duty_cycle10" = "50"
    Info (12134): Parameter "output_clock_frequency11" = "0 MHz"
    Info (12134): Parameter "phase_shift11" = "0 ps"
    Info (12134): Parameter "duty_cycle11" = "50"
    Info (12134): Parameter "output_clock_frequency12" = "0 MHz"
    Info (12134): Parameter "phase_shift12" = "0 ps"
    Info (12134): Parameter "duty_cycle12" = "50"
    Info (12134): Parameter "output_clock_frequency13" = "0 MHz"
    Info (12134): Parameter "phase_shift13" = "0 ps"
    Info (12134): Parameter "duty_cycle13" = "50"
    Info (12134): Parameter "output_clock_frequency14" = "0 MHz"
    Info (12134): Parameter "phase_shift14" = "0 ps"
    Info (12134): Parameter "duty_cycle14" = "50"
    Info (12134): Parameter "output_clock_frequency15" = "0 MHz"
    Info (12134): Parameter "phase_shift15" = "0 ps"
    Info (12134): Parameter "duty_cycle15" = "50"
    Info (12134): Parameter "output_clock_frequency16" = "0 MHz"
    Info (12134): Parameter "phase_shift16" = "0 ps"
    Info (12134): Parameter "duty_cycle16" = "50"
    Info (12134): Parameter "output_clock_frequency17" = "0 MHz"
    Info (12134): Parameter "phase_shift17" = "0 ps"
    Info (12134): Parameter "duty_cycle17" = "50"
    Info (12134): Parameter "pll_type" = "General"
    Info (12134): Parameter "pll_subtype" = "General"
Info (12128): Elaborating entity "frame_ingest" for hierarchy "emu:emu|frame_ingest:finst" File: /build/Plex.sv Line: 464
Info (12128): Elaborating entity "audio_ingest" for hierarchy "emu:emu|audio_ingest:ainst" File: /build/Plex.sv Line: 549
Info (10264): Verilog HDL Case Statement information at audio_ingest.sv(49): all case item expressions in this case statement are onehot File: /build/rtl/audio_ingest.sv Line: 49
Info (12128): Elaborating entity "stream_path" for hierarchy "emu:emu|stream_path:spath" File: /build/Plex.sv Line: 654
Warning (10036): Verilog HDL or VHDL warning at stream_path.sv(339): object "_keep" assigned a value but never read File: /build/rtl/stream_path.sv Line: 339
Info (12128): Elaborating entity "stream_ingest" for hierarchy "emu:emu|stream_path:spath|stream_ingest:si" File: /build/rtl/stream_path.sv Line: 108
Info (12128): Elaborating entity "ddr_bitstream_reader" for hierarchy "emu:emu|stream_path:spath|ddr_bitstream_reader:ddr_stream" File: /build/rtl/stream_path.sv Line: 139
Info (10264): Verilog HDL Case Statement information at ddr_bitstream_reader.sv(310): all case item expressions in this case statement are onehot File: /build/rtl/ddr_bitstream_reader.sv Line: 310
Info (12128): Elaborating entity "bitstream_fifo" for hierarchy "emu:emu|stream_path:spath|bitstream_fifo:bfifo" File: /build/rtl/stream_path.sv Line: 152
Info (12128): Elaborating entity "nalu_scanner" for hierarchy "emu:emu|stream_path:spath|nalu_scanner:scan" File: /build/rtl/stream_path.sv Line: 177
Info (12128): Elaborating entity "sps_parser" for hierarchy "emu:emu|stream_path:spath|sps_parser:sps" File: /build/rtl/stream_path.sv Line: 198
Info (12128): Elaborating entity "pps_parser" for hierarchy "emu:emu|stream_path:spath|pps_parser:pps" File: /build/rtl/stream_path.sv Line: 211
Info (12128): Elaborating entity "slice_hdr_parser" for hierarchy "emu:emu|stream_path:spath|slice_hdr_parser:slp" File: /build/rtl/stream_path.sv Line: 272
Warning (10036): Verilog HDL or VHDL warning at slice_hdr_parser.sv(97): object "i4_need_rem" assigned a value but never read File: /build/rtl/slice_hdr_parser.sv Line: 97
Warning (10036): Verilog HDL or VHDL warning at slice_hdr_parser.sv(98): object "cbp_me" assigned a value but never read File: /build/rtl/slice_hdr_parser.sv Line: 98
Warning (10036): Verilog HDL or VHDL warning at slice_hdr_parser.sv(114): object "suf_left" assigned a value but never read File: /build/rtl/slice_hdr_parser.sv Line: 114
Warning (10036): Verilog HDL or VHDL warning at slice_hdr_parser.sv(124): object "tok_ok" assigned a value but never read File: /build/rtl/slice_hdr_parser.sv Line: 124
Warning (10036): Verilog HDL or VHDL warning at slice_hdr_parser.sv(128): object "place_did" assigned a value but never read File: /build/rtl/slice_hdr_parser.sv Line: 128
Warning (10036): Verilog HDL or VHDL warning at slice_hdr_parser.sv(129): object "csum_i" assigned a value but never read File: /build/rtl/slice_hdr_parser.sv Line: 129
Warning (10036): Verilog HDL or VHDL warning at slice_hdr_parser.sv(131): object "place_csum_r" assigned a value but never read File: /build/rtl/slice_hdr_parser.sv Line: 131
Warning (10036): Verilog HDL or VHDL warning at slice_hdr_parser.sv(132): object "place_dc_r" assigned a value but never read File: /build/rtl/slice_hdr_parser.sv Line: 132
Warning (10230): Verilog HDL assignment warning at slice_hdr_parser.sv(154): truncated value with size 17 to match size of target (16) File: /build/rtl/slice_hdr_parser.sv Line: 154
Info (12128): Elaborating entity "decode_stub" for hierarchy "emu:emu|stream_path:spath|decode_stub:stub" File: /build/rtl/stream_path.sv Line: 328
Warning (10036): Verilog HDL or VHDL warning at decode_stub.sv(75): object "lat_mb_w" assigned a value but never read File: /build/rtl/decode_stub.sv Line: 75
Warning (10036): Verilog HDL or VHDL warning at decode_stub.sv(75): object "lat_mb_h" assigned a value but never read File: /build/rtl/decode_stub.sv Line: 75
Warning (10036): Verilog HDL or VHDL warning at decode_stub.sv(248): object "inter_diag_ok" assigned a value but never read File: /build/rtl/decode_stub.sv Line: 248
Warning (10036): Verilog HDL or VHDL warning at decode_stub.sv(527): object "_keep_dpb_mc" assigned a value but never read File: /build/rtl/decode_stub.sv Line: 527
Warning (10036): Verilog HDL or VHDL warning at decode_stub.sv(532): object "_slice_valid_observe" assigned a value but never read File: /build/rtl/decode_stub.sv Line: 532
Warning (10230): Verilog HDL assignment warning at decode_stub.sv(189): truncated value with size 32 to match size of target (8) File: /build/rtl/decode_stub.sv Line: 189
Info (12128): Elaborating entity "h264_dequant4x4" for hierarchy "emu:emu|stream_path:spath|decode_stub:stub|h264_dequant4x4:u_h264_dequant4x4" File: /build/rtl/decode_stub.sv Line: 163
Warning (10230): Verilog HDL assignment warning at h264_iq_idct_4x4.sv(81): truncated value with size 32 to match size of target (3) File: /build/rtl/h264_iq_idct_4x4.sv Line: 81
Warning (10230): Verilog HDL assignment warning at h264_iq_idct_4x4.sv(82): truncated value with size 32 to match size of target (4) File: /build/rtl/h264_iq_idct_4x4.sv Line: 82
Info (12128): Elaborating entity "h264_idct4x4" for hierarchy "emu:emu|stream_path:spath|decode_stub:stub|h264_idct4x4:u_h264_idct4x4" File: /build/rtl/decode_stub.sv Line: 168
Info (12128): Elaborating entity "h264_recon4x4" for hierarchy "emu:emu|stream_path:spath|decode_stub:stub|h264_recon4x4:u_h264_recon4x4" File: /build/rtl/decode_stub.sv Line: 174
Info (12128): Elaborating entity "h264_mv_pred_16x16" for hierarchy "emu:emu|stream_path:spath|decode_stub:stub|h264_mv_pred_16x16:u_inter_mv_diag" File: /build/rtl/decode_stub.sv Line: 205
Warning (10036): Verilog HDL or VHDL warning at h264_inter_pred.sv(28): object "avail_count" assigned a value but never read File: /build/rtl/h264_inter_pred.sv Line: 28
Info (12128): Elaborating entity "h264_mv_pred_part" for hierarchy "emu:emu|stream_path:spath|decode_stub:stub|h264_mv_pred_part:u_inter_part_diag" File: /build/rtl/decode_stub.sv Line: 217
Warning (10036): Verilog HDL or VHDL warning at h264_inter_pred.sv(141): object "_keep_part_modes" assigned a value but never read File: /build/rtl/h264_inter_pred.sv Line: 141
Info (12128): Elaborating entity "h264_luma_qpel_sample" for hierarchy "emu:emu|stream_path:spath|decode_stub:stub|h264_luma_qpel_sample:u_inter_luma_diag" File: /build/rtl/decode_stub.sv Line: 221
Info (12128): Elaborating entity "h264_chroma_epel_sample" for hierarchy "emu:emu|stream_path:spath|decode_stub:stub|h264_chroma_epel_sample:u_inter_chroma_diag" File: /build/rtl/decode_stub.sv Line: 226
Info (12128): Elaborating entity "h264_luma_ref_tap_addr" for hierarchy "emu:emu|stream_path:spath|decode_stub:stub|h264_luma_ref_tap_addr:u_inter_fetch_diag" File: /build/rtl/decode_stub.sv Line: 231
Info (12128): Elaborating entity "h264_ref_clamp" for hierarchy "emu:emu|stream_path:spath|decode_stub:stub|h264_luma_ref_tap_addr:u_inter_fetch_diag|h264_ref_clamp:u_clamp" File: /build/rtl/h264_inter_pred.sv Line: 284
Info (12128): Elaborating entity "h264_deblock_writeback_ctrl" for hierarchy "emu:emu|stream_path:spath|decode_stub:stub|h264_deblock_writeback_ctrl:u_stream_dpb_wb" File: /build/rtl/decode_stub.sv Line: 467
Info (12128): Elaborating entity "h264_dpb_one_ref" for hierarchy "emu:emu|stream_path:spath|decode_stub:stub|h264_dpb_one_ref:u_stream_dpb" File: /build/rtl/decode_stub.sv Line: 503
Info (10264): Verilog HDL Case Statement information at h264_dpb.sv(261): all case item expressions in this case statement are onehot File: /build/rtl/h264_dpb.sv Line: 261
Info (12128): Elaborating entity "h264_dpb_mb_write_addr" for hierarchy "emu:emu|stream_path:spath|decode_stub:stub|h264_dpb_one_ref:u_stream_dpb|h264_dpb_mb_write_addr:u_write_addr" File: /build/rtl/h264_dpb.sv Line: 124
Info (12128): Elaborating entity "h264_dpb_i420_addr" for hierarchy "emu:emu|stream_path:spath|decode_stub:stub|h264_dpb_one_ref:u_stream_dpb|h264_dpb_mb_write_addr:u_write_addr|h264_dpb_i420_addr:u_addr" File: /build/rtl/h264_dpb.sv Line: 49
Info (12128): Elaborating entity "h264_inter_mc_part" for hierarchy "emu:emu|stream_path:spath|decode_stub:stub|h264_inter_mc_part:u_stream_mc" File: /build/rtl/decode_stub.sv Line: 515
Info (12128): Elaborating entity "h264_inter_mc_16x16" for hierarchy "emu:emu|stream_path:spath|decode_stub:stub|h264_inter_mc_part:u_stream_mc|h264_inter_mc_16x16:u_full" File: /build/rtl/h264_dpb.sv Line: 556
Info (12128): Elaborating entity "h264_luma_qpel_block_16x16" for hierarchy "emu:emu|stream_path:spath|decode_stub:stub|h264_inter_mc_part:u_stream_mc|h264_inter_mc_16x16:u_full|h264_luma_qpel_block_16x16:u_luma" File: /build/rtl/h264_dpb.sv Line: 513
Info (12128): Elaborating entity "h264_chroma_epel_block_8x8" for hierarchy "emu:emu|stream_path:spath|decode_stub:stub|h264_inter_mc_part:u_stream_mc|h264_inter_mc_16x16:u_full|h264_chroma_epel_block_8x8:u_chroma_u" File: /build/rtl/h264_dpb.sv Line: 518
Info (12128): Elaborating entity "present_core" for hierarchy "emu:emu|present_core:present" File: /build/Plex.sv Line: 780
Warning (10036): Verilog HDL or VHDL warning at present_core.sv(221): object "wr_done" assigned a value but never read File: /build/rtl/present_core.sv Line: 221
Info (12128): Elaborating entity "present_cadence" for hierarchy "emu:emu|present_core:present|present_cadence:cadence" File: /build/rtl/present_core.sv Line: 125
Info (12128): Elaborating entity "colorbars" for hierarchy "emu:emu|present_core:present|colorbars:bars" File: /build/rtl/present_core.sv Line: 153
Warning (10230): Verilog HDL assignment warning at colorbars.sv(131): truncated value with size 13 to match size of target (3) File: /build/rtl/colorbars.sv Line: 131
Info (12128): Elaborating entity "ddr_frame_store" for hierarchy "emu:emu|present_core:present|ddr_frame_store:fstore" File: /build/rtl/present_core.sv Line: 290
Info (12128): Elaborating entity "line_buf_ram" for hierarchy "emu:emu|present_core:present|ddr_frame_store:fstore|line_buf_ram:gen_line[0].yram" File: /build/rtl/ddr_frame_store.sv Line: 171
Info (12128): Elaborating entity "line_buf_ram" for hierarchy "emu:emu|present_core:present|ddr_frame_store:fstore|line_buf_ram:gen_line[0].uram" File: /build/rtl/ddr_frame_store.sv Line: 175
Info (12128): Elaborating entity "async_fifo" for hierarchy "emu:emu|present_core:present|ddr_frame_store:fstore|async_fifo:input_fifo" File: /build/rtl/ddr_frame_store.sv Line: 490
Info (12128): Elaborating entity "audio_tone" for hierarchy "emu:emu|present_core:present|audio_tone:tone" File: /build/rtl/present_core.sv Line: 403
Info (12128): Elaborating entity "audio_fifo" for hierarchy "emu:emu|present_core:present|audio_fifo:afifo" File: /build/rtl/present_core.sv Line: 421
Info (12128): Elaborating entity "ddr_bus_arbiter" for hierarchy "emu:emu|ddr_bus_arbiter:ddr_arb" File: /build/Plex.sv Line: 815
Info (12128): Elaborating entity "async_fifo" for hierarchy "emu:emu|ddr_bus_arbiter:ddr_arb|async_fifo:m1_rsp_fifo" File: /build/rtl/ddr_bus_arbiter.sv Line: 154
Warning (14284): Synthesized away the following node(s):
    Warning (14285): Synthesized away the following LCELL buffer node(s):
        Warning (14320): Synthesized away node "pll_hdmi:pll_hdmi|pll_hdmi_0002:pll_hdmi_inst|altera_pll:altera_pll_i|cntsel_temp[4]" File: /opt/intelFPGA/quartus/libraries/megafunctions/altera_pll.v Line: 425
        Warning (14320): Synthesized away node "pll_hdmi:pll_hdmi|pll_hdmi_0002:pll_hdmi_inst|altera_pll:altera_pll_i|cntsel_temp[3]" File: /opt/intelFPGA/quartus/libraries/megafunctions/altera_pll.v Line: 425
        Warning (14320): Synthesized away node "pll_hdmi:pll_hdmi|pll_hdmi_0002:pll_hdmi_inst|altera_pll:altera_pll_i|cntsel_temp[2]" File: /opt/intelFPGA/quartus/libraries/megafunctions/altera_pll.v Line: 425
        Warning (14320): Synthesized away node "pll_hdmi:pll_hdmi|pll_hdmi_0002:pll_hdmi_inst|altera_pll:altera_pll_i|cntsel_temp[1]" File: /opt/intelFPGA/quartus/libraries/megafunctions/altera_pll.v Line: 425
        Warning (14320): Synthesized away node "pll_hdmi:pll_hdmi|pll_hdmi_0002:pll_hdmi_inst|altera_pll:altera_pll_i|cntsel_temp[0]" File: /opt/intelFPGA/quartus/libraries/megafunctions/altera_pll.v Line: 425
        Warning (14320): Synthesized away node "pll_hdmi:pll_hdmi|pll_hdmi_0002:pll_hdmi_inst|altera_pll:altera_pll_i|gnd" File: /opt/intelFPGA/quartus/libraries/megafunctions/altera_pll.v Line: 427
    Warning (14285): Synthesized away the following PLL node(s):
        Warning (14320): Synthesized away node "emu:emu|pll:pll|pll_0002:pll_inst|altera_pll:altera_pll_i|outclk_wire[1]" File: /opt/intelFPGA/quartus/libraries/megafunctions/altera_pll.v Line: 749
Info (19018): Gated clocks are found and converted to use clock enables
    Info (19019): Convert gated clock comb~synth
Info (286030): Timing-Driven Synthesis is running
Info (276014): Found 2 instances of uninferred RAM logic
    Info (276009): RAM logic "emu:emu|ddr_bus_arbiter:ddr_arb|async_fifo:m1_rsp_fifo|mem" is uninferred due to unsupported read-during-write behavior File: /build/rtl/async_fifo.sv Line: 21
    Info (276009): RAM logic "emu:emu|present_core:present|ddr_frame_store:fstore|async_fifo:input_fifo|mem" is uninferred due to unsupported read-during-write behavior File: /build/rtl/async_fifo.sv Line: 21
Warning (13046): Tri-state node(s) do not directly drive top-level pin(s)
    Warning (13049): Converted tri-state buffer "emu:emu|SD_CS" feeding internal logic into a wire File: /build/sys/emu_ports.vh Line: 95
Info (19000): Inferred 68 megafunctions from design logic
    Info (276029): Inferred altsyncram megafunction from the following design logic: "emu:emu|present_core:present|audio_fifo:afifo|mem_rtl_0" 
        Info (286033): Parameter OPERATION_MODE set to DUAL_PORT
        Info (286033): Parameter WIDTH_A set to 32
        Info (286033): Parameter WIDTHAD_A set to 11
        Info (286033): Parameter NUMWORDS_A set to 2048
        Info (286033): Parameter WIDTH_B set to 32
        Info (286033): Parameter WIDTHAD_B set to 11
        Info (286033): Parameter NUMWORDS_B set to 2048
        Info (286033): Parameter ADDRESS_ACLR_A set to NONE
        Info (286033): Parameter OUTDATA_REG_B set to UNREGISTERED
        Info (286033): Parameter ADDRESS_ACLR_B set to NONE
        Info (286033): Parameter OUTDATA_ACLR_B set to NONE
        Info (286033): Parameter ADDRESS_REG_B set to CLOCK1
        Info (286033): Parameter INDATA_ACLR_A set to NONE
        Info (286033): Parameter WRCONTROL_ACLR_A set to NONE
        Info (286033): Parameter RAM_BLOCK_TYPE set to M10K
    Info (276029): Inferred altsyncram megafunction from the following design logic: "emu:emu|present_core:present|ddr_frame_store:fstore|line_buf_ram:gen_line[15].vram|mem_rtl_0" 
        Info (286033): Parameter OPERATION_MODE set to DUAL_PORT
        Info (286033): Parameter WIDTH_A set to 64
        Info (286033): Parameter WIDTHAD_A set to 6
        Info (286033): Parameter NUMWORDS_A set to 39
        Info (286033): Parameter WIDTH_B set to 64
        Info (286033): Parameter WIDTHAD_B set to 6
        Info (286033): Parameter NUMWORDS_B set to 39
        Info (286033): Parameter ADDRESS_ACLR_A set to NONE
        Info (286033): Parameter OUTDATA_REG_B set to UNREGISTERED
        Info (286033): Parameter ADDRESS_ACLR_B set to NONE
        Info (286033): Parameter OUTDATA_ACLR_B set to NONE
        Info (286033): Parameter ADDRESS_REG_B set to CLOCK1
        Info (286033): Parameter INDATA_ACLR_A set to NONE
        Info (286033): Parameter WRCONTROL_ACLR_A set to NONE
        Info (286033): Parameter RAM_BLOCK_TYPE set to M10K
    Info (276029): Inferred altsyncram megafunction from the following design logic: "emu:emu|present_core:present|ddr_frame_store:fstore|line_buf_ram:gen_line[15].uram|mem_rtl_0" 
        Info (286033): Parameter OPERATION_MODE set to DUAL_PORT
        Info (286033): Parameter WIDTH_A set to 64
        Info (286033): Parameter WIDTHAD_A set to 6
        Info (286033): Parameter NUMWORDS_A set to 39
        Info (286033): Parameter WIDTH_B set to 64
        Info (286033): Parameter WIDTHAD_B set to 6
        Info (286033): Parameter NUMWORDS_B set to 39
        Info (286033): Parameter ADDRESS_ACLR_A set to NONE
        Info (286033): Parameter OUTDATA_REG_B set to UNREGISTERED
        Info (286033): Parameter ADDRESS_ACLR_B set to NONE
        Info (286033): Parameter OUTDATA_ACLR_B set to NONE
        Info (286033): Parameter ADDRESS_REG_B set to CLOCK1
        Info (286033): Parameter INDATA_ACLR_A set to NONE
        Info (286033): Parameter WRCONTROL_ACLR_A set to NONE
        Info (286033): Parameter RAM_BLOCK_TYPE set to M10K
    Info (276029): Inferred altsyncram megafunction from the following design logic: "emu:emu|present_core:present|ddr_frame_store:fstore|line_buf_ram:gen_line[15].yram|mem_rtl_0" 
        Info (286033): Parameter OPERATION_MODE set to DUAL_PORT
        Info (286033): Parameter WIDTH_A set to 64
        Info (286033): Parameter WIDTHAD_A set to 7
        Info (286033): Parameter NUMWORDS_A set to 78
        Info (286033): Parameter WIDTH_B set to 64
        Info (286033): Parameter WIDTHAD_B set to 7
        Info (286033): Parameter NUMWORDS_B set to 78
        Info (286033): Parameter ADDRESS_ACLR_A set to NONE
        Info (286033): Parameter OUTDATA_REG_B set to UNREGISTERED
        Info (286033): Parameter ADDRESS_ACLR_B set to NONE
        Info (286033): Parameter OUTDATA_ACLR_B set to NONE
        Info (286033): Parameter ADDRESS_REG_B set to CLOCK1
        Info (286033): Parameter INDATA_ACLR_A set to NONE
        Info (286033): Parameter WRCONTROL_ACLR_A set to NONE
        Info (286033): Parameter RAM_BLOCK_TYPE set to M10K
    Info (276029): Inferred altsyncram megafunction from the following design logic: "emu:emu|present_core:present|ddr_frame_store:fstore|line_buf_ram:gen_line[14].vram|mem_rtl_0" 
        Info (286033): Parameter OPERATION_MODE set to DUAL_PORT
        Info (286033): Parameter WIDTH_A set to 64
        Info (286033): Parameter WIDTHAD_A set to 6
        Info (286033): Parameter NUMWORDS_A set to 39
        Info (286033): Parameter WIDTH_B set to 64
        Info (286033): Parameter WIDTHAD_B set to 6
        Info (286033): Parameter NUMWORDS_B set to 39
        Info (286033): Parameter ADDRESS_ACLR_A set to NONE
        Info (286033): Parameter OUTDATA_REG_B set to UNREGISTERED
        Info (286033): Parameter ADDRESS_ACLR_B set to NONE
        Info (286033): Parameter OUTDATA_ACLR_B set to NONE
        Info (286033): Parameter ADDRESS_REG_B set to CLOCK1
        Info (286033): Parameter INDATA_ACLR_A set to NONE
        Info (286033): Parameter WRCONTROL_ACLR_A set to NONE
        Info (286033): Parameter RAM_BLOCK_TYPE set to M10K
    Info (276029): Inferred altsyncram megafunction from the following design logic: "emu:emu|present_core:present|ddr_frame_store:fstore|line_buf_ram:gen_line[14].uram|mem_rtl_0" 
        Info (286033): Parameter OPERATION_MODE set to DUAL_PORT
        Info (286033): Parameter WIDTH_A set to 64
        Info (286033): Parameter WIDTHAD_A set to 6
        Info (286033): Parameter NUMWORDS_A set to 39
        Info (286033): Parameter WIDTH_B set to 64
        Info (286033): Parameter WIDTHAD_B set to 6
        Info (286033): Parameter NUMWORDS_B set to 39
        Info (286033): Parameter ADDRESS_ACLR_A set to NONE
        Info (286033): Parameter OUTDATA_REG_B set to UNREGISTERED
        Info (286033): Parameter ADDRESS_ACLR_B set to NONE
        Info (286033): Parameter OUTDATA_ACLR_B set to NONE
        Info (286033): Parameter ADDRESS_REG_B set to CLOCK1
        Info (286033): Parameter INDATA_ACLR_A set to NONE
        Info (286033): Parameter WRCONTROL_ACLR_A set to NONE
        Info (286033): Parameter RAM_BLOCK_TYPE set to M10K
    Info (276029): Inferred altsyncram megafunction from the following design logic: "emu:emu|present_core:present|ddr_frame_store:fstore|line_buf_ram:gen_line[14].yram|mem_rtl_0" 
        Info (286033): Parameter OPERATION_MODE set to DUAL_PORT
        Info (286033): Parameter WIDTH_A set to 64
        Info (286033): Parameter WIDTHAD_A set to 7
        Info (286033): Parameter NUMWORDS_A set to 78
        Info (286033): Parameter WIDTH_B set to 64
        Info (286033): Parameter WIDTHAD_B set to 7
        Info (286033): Parameter NUMWORDS_B set to 78
        Info (286033): Parameter ADDRESS_ACLR_A set to NONE
        Info (286033): Parameter OUTDATA_REG_B set to UNREGISTERED
        Info (286033): Parameter ADDRESS_ACLR_B set to NONE
        Info (286033): Parameter OUTDATA_ACLR_B set to NONE
        Info (286033): Parameter ADDRESS_REG_B set to CLOCK1
        Info (286033): Parameter INDATA_ACLR_A set to NONE
        Info (286033): Parameter WRCONTROL_ACLR_A set to NONE
        Info (286033): Parameter RAM_BLOCK_TYPE set to M10K
    Info (276029): Inferred altsyncram megafunction from the following design logic: "emu:emu|present_core:present|ddr_frame_store:fstore|line_buf_ram:gen_line[13].vram|mem_rtl_0" 
        Info (286033): Parameter OPERATION_MODE set to DUAL_PORT
        Info (286033): Parameter WIDTH_A set to 64
        Info (286033): Parameter WIDTHAD_A set to 6
        Info (286033): Parameter NUMWORDS_A set to 39
        Info (286033): Parameter WIDTH_B set to 64
        Info (286033): Parameter WIDTHAD_B set to 6
        Info (286033): Parameter NUMWORDS_B set to 39
        Info (286033): Parameter ADDRESS_ACLR_A set to NONE
        Info (286033): Parameter OUTDATA_REG_B set to UNREGISTERED
        Info (286033): Parameter ADDRESS_ACLR_B set to NONE
        Info (286033): Parameter OUTDATA_ACLR_B set to NONE
        Info (286033): Parameter ADDRESS_REG_B set to CLOCK1
        Info (286033): Parameter INDATA_ACLR_A set to NONE
        Info (286033): Parameter WRCONTROL_ACLR_A set to NONE
        Info (286033): Parameter RAM_BLOCK_TYPE set to M10K
    Info (276029): Inferred altsyncram megafunction from the following design logic: "emu:emu|present_core:present|ddr_frame_store:fstore|line_buf_ram:gen_line[13].uram|mem_rtl_0" 
        Info (286033): Parameter OPERATION_MODE set to DUAL_PORT
        Info (286033): Parameter WIDTH_A set to 64
        Info (286033): Parameter WIDTHAD_A set to 6
        Info (286033): Parameter NUMWORDS_A set to 39
        Info (286033): Parameter WIDTH_B set to 64
        Info (286033): Parameter WIDTHAD_B set to 6
        Info (286033): Parameter NUMWORDS_B set to 39
        Info (286033): Parameter ADDRESS_ACLR_A set to NONE
        Info (286033): Parameter OUTDATA_REG_B set to UNREGISTERED
        Info (286033): Parameter ADDRESS_ACLR_B set to NONE
        Info (286033): Parameter OUTDATA_ACLR_B set to NONE
        Info (286033): Parameter ADDRESS_REG_B set to CLOCK1
        Info (286033): Parameter INDATA_ACLR_A set to NONE
        Info (286033): Parameter WRCONTROL_ACLR_A set to NONE
        Info (286033): Parameter RAM_BLOCK_TYPE set to M10K
    Info (276029): Inferred altsyncram megafunction from the following design logic: "emu:emu|present_core:present|ddr_frame_store:fstore|line_buf_ram:gen_line[13].yram|mem_rtl_0" 
        Info (286033): Parameter OPERATION_MODE set to DUAL_PORT
        Info (286033): Parameter WIDTH_A set to 64
        Info (286033): Parameter WIDTHAD_A set to 7
        Info (286033): Parameter NUMWORDS_A set to 78
        Info (286033): Parameter WIDTH_B set to 64
        Info (286033): Parameter WIDTHAD_B set to 7
        Info (286033): Parameter NUMWORDS_B set to 78
        Info (286033): Parameter ADDRESS_ACLR_A set to NONE
        Info (286033): Parameter OUTDATA_REG_B set to UNREGISTERED
        Info (286033): Parameter ADDRESS_ACLR_B set to NONE
        Info (286033): Parameter OUTDATA_ACLR_B set to NONE
        Info (286033): Parameter ADDRESS_REG_B set to CLOCK1
        Info (286033): Parameter INDATA_ACLR_A set to NONE
        Info (286033): Parameter WRCONTROL_ACLR_A set to NONE
        Info (286033): Parameter RAM_BLOCK_TYPE set to M10K
    Info (276029): Inferred altsyncram megafunction from the following design logic: "emu:emu|present_core:present|ddr_frame_store:fstore|line_buf_ram:gen_line[12].vram|mem_rtl_0" 
        Info (286033): Parameter OPERATION_MODE set to DUAL_PORT
        Info (286033): Parameter WIDTH_A set to 64
        Info (286033): Parameter WIDTHAD_A set to 6
        Info (286033): Parameter NUMWORDS_A set to 39
        Info (286033): Parameter WIDTH_B set to 64
        Info (286033): Parameter WIDTHAD_B set to 6
        Info (286033): Parameter NUMWORDS_B set to 39
        Info (286033): Parameter ADDRESS_ACLR_A set to NONE
        Info (286033): Parameter OUTDATA_REG_B set to UNREGISTERED
        Info (286033): Parameter ADDRESS_ACLR_B set to NONE
        Info (286033): Parameter OUTDATA_ACLR_B set to NONE
        Info (286033): Parameter ADDRESS_REG_B set to CLOCK1
        Info (286033): Parameter INDATA_ACLR_A set to NONE
        Info (286033): Parameter WRCONTROL_ACLR_A set to NONE
        Info (286033): Parameter RAM_BLOCK_TYPE set to M10K
    Info (276029): Inferred altsyncram megafunction from the following design logic: "emu:emu|present_core:present|ddr_frame_store:fstore|line_buf_ram:gen_line[12].uram|mem_rtl_0" 
        Info (286033): Parameter OPERATION_MODE set to DUAL_PORT
        Info (286033): Parameter WIDTH_A set to 64
        Info (286033): Parameter WIDTHAD_A set to 6
        Info (286033): Parameter NUMWORDS_A set to 39
        Info (286033): Parameter WIDTH_B set to 64
        Info (286033): Parameter WIDTHAD_B set to 6
        Info (286033): Parameter NUMWORDS_B set to 39
        Info (286033): Parameter ADDRESS_ACLR_A set to NONE
        Info (286033): Parameter OUTDATA_REG_B set to UNREGISTERED
        Info (286033): Parameter ADDRESS_ACLR_B set to NONE
        Info (286033): Parameter OUTDATA_ACLR_B set to NONE
        Info (286033): Parameter ADDRESS_REG_B set to CLOCK1
        Info (286033): Parameter INDATA_ACLR_A set to NONE
        Info (286033): Parameter WRCONTROL_ACLR_A set to NONE
        Info (286033): Parameter RAM_BLOCK_TYPE set to M10K
    Info (276029): Inferred altsyncram megafunction from the following design logic: "emu:emu|present_core:present|ddr_frame_store:fstore|line_buf_ram:gen_line[12].yram|mem_rtl_0" 
        Info (286033): Parameter OPERATION_MODE set to DUAL_PORT
        Info (286033): Parameter WIDTH_A set to 64
        Info (286033): Parameter WIDTHAD_A set to 7
        Info (286033): Parameter NUMWORDS_A set to 78
        Info (286033): Parameter WIDTH_B set to 64
        Info (286033): Parameter WIDTHAD_B set to 7
        Info (286033): Parameter NUMWORDS_B set to 78
        Info (286033): Parameter ADDRESS_ACLR_A set to NONE
        Info (286033): Parameter OUTDATA_REG_B set to UNREGISTERED
        Info (286033): Parameter ADDRESS_ACLR_B set to NONE
        Info (286033): Parameter OUTDATA_ACLR_B set to NONE
        Info (286033): Parameter ADDRESS_REG_B set to CLOCK1
        Info (286033): Parameter INDATA_ACLR_A set to NONE
        Info (286033): Parameter WRCONTROL_ACLR_A set to NONE
        Info (286033): Parameter RAM_BLOCK_TYPE set to M10K
    Info (276029): Inferred altsyncram megafunction from the following design logic: "emu:emu|present_core:present|ddr_frame_store:fstore|line_buf_ram:gen_line[11].vram|mem_rtl_0" 
        Info (286033): Parameter OPERATION_MODE set to DUAL_PORT
        Info (286033): Parameter WIDTH_A set to 64
        Info (286033): Parameter WIDTHAD_A set to 6
        Info (286033): Parameter NUMWORDS_A set to 39
        Info (286033): Parameter WIDTH_B set to 64
        Info (286033): Parameter WIDTHAD_B set to 6
        Info (286033): Parameter NUMWORDS_B set to 39
        Info (286033): Parameter ADDRESS_ACLR_A set to NONE
        Info (286033): Parameter OUTDATA_REG_B set to UNREGISTERED
        Info (286033): Parameter ADDRESS_ACLR_B set to NONE
        Info (286033): Parameter OUTDATA_ACLR_B set to NONE
        Info (286033): Parameter ADDRESS_REG_B set to CLOCK1
        Info (286033): Parameter INDATA_ACLR_A set to NONE
        Info (286033): Parameter WRCONTROL_ACLR_A set to NONE
        Info (286033): Parameter RAM_BLOCK_TYPE set to M10K
    Info (276029): Inferred altsyncram megafunction from the following design logic: "emu:emu|present_core:present|ddr_frame_store:fstore|line_buf_ram:gen_line[11].uram|mem_rtl_0" 
        Info (286033): Parameter OPERATION_MODE set to DUAL_PORT
        Info (286033): Parameter WIDTH_A set to 64
        Info (286033): Parameter WIDTHAD_A set to 6
        Info (286033): Parameter NUMWORDS_A set to 39
        Info (286033): Parameter WIDTH_B set to 64
        Info (286033): Parameter WIDTHAD_B set to 6
        Info (286033): Parameter NUMWORDS_B set to 39
        Info (286033): Parameter ADDRESS_ACLR_A set to NONE
        Info (286033): Parameter OUTDATA_REG_B set to UNREGISTERED
        Info (286033): Parameter ADDRESS_ACLR_B set to NONE
        Info (286033): Parameter OUTDATA_ACLR_B set to NONE
        Info (286033): Parameter ADDRESS_REG_B set to CLOCK1
        Info (286033): Parameter INDATA_ACLR_A set to NONE
        Info (286033): Parameter WRCONTROL_ACLR_A set to NONE
        Info (286033): Parameter RAM_BLOCK_TYPE set to M10K
    Info (276029): Inferred altsyncram megafunction from the following design logic: "emu:emu|present_core:present|ddr_frame_store:fstore|line_buf_ram:gen_line[11].yram|mem_rtl_0" 
        Info (286033): Parameter OPERATION_MODE set to DUAL_PORT
        Info (286033): Parameter WIDTH_A set to 64
        Info (286033): Parameter WIDTHAD_A set to 7
        Info (286033): Parameter NUMWORDS_A set to 78
        Info (286033): Parameter WIDTH_B set to 64
        Info (286033): Parameter WIDTHAD_B set to 7
        Info (286033): Parameter NUMWORDS_B set to 78
        Info (286033): Parameter ADDRESS_ACLR_A set to NONE
        Info (286033): Parameter OUTDATA_REG_B set to UNREGISTERED
        Info (286033): Parameter ADDRESS_ACLR_B set to NONE
        Info (286033): Parameter OUTDATA_ACLR_B set to NONE
        Info (286033): Parameter ADDRESS_REG_B set to CLOCK1
        Info (286033): Parameter INDATA_ACLR_A set to NONE
        Info (286033): Parameter WRCONTROL_ACLR_A set to NONE
        Info (286033): Parameter RAM_BLOCK_TYPE set to M10K
    Info (276029): Inferred altsyncram megafunction from the following design logic: "emu:emu|present_core:present|ddr_frame_store:fstore|line_buf_ram:gen_line[10].vram|mem_rtl_0" 
        Info (286033): Parameter OPERATION_MODE set to DUAL_PORT
        Info (286033): Parameter WIDTH_A set to 64
        Info (286033): Parameter WIDTHAD_A set to 6
        Info (286033): Parameter NUMWORDS_A set to 39
        Info (286033): Parameter WIDTH_B set to 64
        Info (286033): Parameter WIDTHAD_B set to 6
        Info (286033): Parameter NUMWORDS_B set to 39
        Info (286033): Parameter ADDRESS_ACLR_A set to NONE
        Info (286033): Parameter OUTDATA_REG_B set to UNREGISTERED
        Info (286033): Parameter ADDRESS_ACLR_B set to NONE
        Info (286033): Parameter OUTDATA_ACLR_B set to NONE
        Info (286033): Parameter ADDRESS_REG_B set to CLOCK1
        Info (286033): Parameter INDATA_ACLR_A set to NONE
        Info (286033): Parameter WRCONTROL_ACLR_A set to NONE
        Info (286033): Parameter RAM_BLOCK_TYPE set to M10K
    Info (276029): Inferred altsyncram megafunction from the following design logic: "emu:emu|present_core:present|ddr_frame_store:fstore|line_buf_ram:gen_line[10].uram|mem_rtl_0" 
        Info (286033): Parameter OPERATION_MODE set to DUAL_PORT
        Info (286033): Parameter WIDTH_A set to 64
        Info (286033): Parameter WIDTHAD_A set to 6
        Info (286033): Parameter NUMWORDS_A set to 39
        Info (286033): Parameter WIDTH_B set to 64
        Info (286033): Parameter WIDTHAD_B set to 6
        Info (286033): Parameter NUMWORDS_B set to 39
        Info (286033): Parameter ADDRESS_ACLR_A set to NONE
        Info (286033): Parameter OUTDATA_REG_B set to UNREGISTERED
        Info (286033): Parameter ADDRESS_ACLR_B set to NONE
        Info (286033): Parameter OUTDATA_ACLR_B set to NONE
        Info (286033): Parameter ADDRESS_REG_B set to CLOCK1
        Info (286033): Parameter INDATA_ACLR_A set to NONE
        Info (286033): Parameter WRCONTROL_ACLR_A set to NONE
        Info (286033): Parameter RAM_BLOCK_TYPE set to M10K
    Info (276029): Inferred altsyncram megafunction from the following design logic: "emu:emu|present_core:present|ddr_frame_store:fstore|line_buf_ram:gen_line[10].yram|mem_rtl_0" 
        Info (286033): Parameter OPERATION_MODE set to DUAL_PORT
        Info (286033): Parameter WIDTH_A set to 64
        Info (286033): Parameter WIDTHAD_A set to 7
        Info (286033): Parameter NUMWORDS_A set to 78
        Info (286033): Parameter WIDTH_B set to 64
        Info (286033): Parameter WIDTHAD_B set to 7
        Info (286033): Parameter NUMWORDS_B set to 78
        Info (286033): Parameter ADDRESS_ACLR_A set to NONE
        Info (286033): Parameter OUTDATA_REG_B set to UNREGISTERED
        Info (286033): Parameter ADDRESS_ACLR_B set to NONE
        Info (286033): Parameter OUTDATA_ACLR_B set to NONE
        Info (286033): Parameter ADDRESS_REG_B set to CLOCK1
        Info (286033): Parameter INDATA_ACLR_A set to NONE
        Info (286033): Parameter WRCONTROL_ACLR_A set to NONE
        Info (286033): Parameter RAM_BLOCK_TYPE set to M10K
    Info (276029): Inferred altsyncram megafunction from the following design logic: "emu:emu|present_core:present|ddr_frame_store:fstore|line_buf_ram:gen_line[9].vram|mem_rtl_0" 
        Info (286033): Parameter OPERATION_MODE set to DUAL_PORT
        Info (286033): Parameter WIDTH_A set to 64
        Info (286033): Parameter WIDTHAD_A set to 6
        Info (286033): Parameter NUMWORDS_A set to 39
        Info (286033): Parameter WIDTH_B set to 64
        Info (286033): Parameter WIDTHAD_B set to 6
        Info (286033): Parameter NUMWORDS_B set to 39
        Info (286033): Parameter ADDRESS_ACLR_A set to NONE
        Info (286033): Parameter OUTDATA_REG_B set to UNREGISTERED
        Info (286033): Parameter ADDRESS_ACLR_B set to NONE
        Info (286033): Parameter OUTDATA_ACLR_B set to NONE
        Info (286033): Parameter ADDRESS_REG_B set to CLOCK1
        Info (286033): Parameter INDATA_ACLR_A set to NONE
        Info (286033): Parameter WRCONTROL_ACLR_A set to NONE
        Info (286033): Parameter RAM_BLOCK_TYPE set to M10K
    Info (276029): Inferred altsyncram megafunction from the following design logic: "emu:emu|present_core:present|ddr_frame_store:fstore|line_buf_ram:gen_line[9].uram|mem_rtl_0" 
        Info (286033): Parameter OPERATION_MODE set to DUAL_PORT
        Info (286033): Parameter WIDTH_A set to 64
        Info (286033): Parameter WIDTHAD_A set to 6
        Info (286033): Parameter NUMWORDS_A set to 39
        Info (286033): Parameter WIDTH_B set to 64
        Info (286033): Parameter WIDTHAD_B set to 6
        Info (286033): Parameter NUMWORDS_B set to 39
        Info (286033): Parameter ADDRESS_ACLR_A set to NONE
        Info (286033): Parameter OUTDATA_REG_B set to UNREGISTERED
        Info (286033): Parameter ADDRESS_ACLR_B set to NONE
        Info (286033): Parameter OUTDATA_ACLR_B set to NONE
        Info (286033): Parameter ADDRESS_REG_B set to CLOCK1
        Info (286033): Parameter INDATA_ACLR_A set to NONE
        Info (286033): Parameter WRCONTROL_ACLR_A set to NONE
        Info (286033): Parameter RAM_BLOCK_TYPE set to M10K
    Info (276029): Inferred altsyncram megafunction from the following design logic: "emu:emu|present_core:present|ddr_frame_store:fstore|line_buf_ram:gen_line[9].yram|mem_rtl_0" 
        Info (286033): Parameter OPERATION_MODE set to DUAL_PORT
        Info (286033): Parameter WIDTH_A set to 64
        Info (286033): Parameter WIDTHAD_A set to 7
        Info (286033): Parameter NUMWORDS_A set to 78
        Info (286033): Parameter WIDTH_B set to 64
        Info (286033): Parameter WIDTHAD_B set to 7
        Info (286033): Parameter NUMWORDS_B set to 78
        Info (286033): Parameter ADDRESS_ACLR_A set to NONE
        Info (286033): Parameter OUTDATA_REG_B set to UNREGISTERED
        Info (286033): Parameter ADDRESS_ACLR_B set to NONE
        Info (286033): Parameter OUTDATA_ACLR_B set to NONE
        Info (286033): Parameter ADDRESS_REG_B set to CLOCK1
        Info (286033): Parameter INDATA_ACLR_A set to NONE
        Info (286033): Parameter WRCONTROL_ACLR_A set to NONE
        Info (286033): Parameter RAM_BLOCK_TYPE set to M10K
    Info (276029): Inferred altsyncram megafunction from the following design logic: "emu:emu|present_core:present|ddr_frame_store:fstore|line_buf_ram:gen_line[8].vram|mem_rtl_0" 
        Info (286033): Parameter OPERATION_MODE set to DUAL_PORT
        Info (286033): Parameter WIDTH_A set to 64
        Info (286033): Parameter WIDTHAD_A set to 6
        Info (286033): Parameter NUMWORDS_A set to 39
        Info (286033): Parameter WIDTH_B set to 64
        Info (286033): Parameter WIDTHAD_B set to 6
        Info (286033): Parameter NUMWORDS_B set to 39
        Info (286033): Parameter ADDRESS_ACLR_A set to NONE
        Info (286033): Parameter OUTDATA_REG_B set to UNREGISTERED
        Info (286033): Parameter ADDRESS_ACLR_B set to NONE
        Info (286033): Parameter OUTDATA_ACLR_B set to NONE
        Info (286033): Parameter ADDRESS_REG_B set to CLOCK1
        Info (286033): Parameter INDATA_ACLR_A set to NONE
        Info (286033): Parameter WRCONTROL_ACLR_A set to NONE
        Info (286033): Parameter RAM_BLOCK_TYPE set to M10K
    Info (276029): Inferred altsyncram megafunction from the following design logic: "emu:emu|present_core:present|ddr_frame_store:fstore|line_buf_ram:gen_line[8].uram|mem_rtl_0" 
        Info (286033): Parameter OPERATION_MODE set to DUAL_PORT
        Info (286033): Parameter WIDTH_A set to 64
        Info (286033): Parameter WIDTHAD_A set to 6
        Info (286033): Parameter NUMWORDS_A set to 39
        Info (286033): Parameter WIDTH_B set to 64
        Info (286033): Parameter WIDTHAD_B set to 6
        Info (286033): Parameter NUMWORDS_B set to 39
        Info (286033): Parameter ADDRESS_ACLR_A set to NONE
        Info (286033): Parameter OUTDATA_REG_B set to UNREGISTERED
        Info (286033): Parameter ADDRESS_ACLR_B set to NONE
        Info (286033): Parameter OUTDATA_ACLR_B set to NONE
        Info (286033): Parameter ADDRESS_REG_B set to CLOCK1
        Info (286033): Parameter INDATA_ACLR_A set to NONE
        Info (286033): Parameter WRCONTROL_ACLR_A set to NONE
        Info (286033): Parameter RAM_BLOCK_TYPE set to M10K
    Info (276029): Inferred altsyncram megafunction from the following design logic: "emu:emu|present_core:present|ddr_frame_store:fstore|line_buf_ram:gen_line[8].yram|mem_rtl_0" 
        Info (286033): Parameter OPERATION_MODE set to DUAL_PORT
        Info (286033): Parameter WIDTH_A set to 64
        Info (286033): Parameter WIDTHAD_A set to 7
        Info (286033): Parameter NUMWORDS_A set to 78
        Info (286033): Parameter WIDTH_B set to 64
        Info (286033): Parameter WIDTHAD_B set to 7
        Info (286033): Parameter NUMWORDS_B set to 78
        Info (286033): Parameter ADDRESS_ACLR_A set to NONE
        Info (286033): Parameter OUTDATA_REG_B set to UNREGISTERED
        Info (286033): Parameter ADDRESS_ACLR_B set to NONE
        Info (286033): Parameter OUTDATA_ACLR_B set to NONE
        Info (286033): Parameter ADDRESS_REG_B set to CLOCK1
        Info (286033): Parameter INDATA_ACLR_A set to NONE
        Info (286033): Parameter WRCONTROL_ACLR_A set to NONE
        Info (286033): Parameter RAM_BLOCK_TYPE set to M10K
    Info (276029): Inferred altsyncram megafunction from the following design logic: "emu:emu|present_core:present|ddr_frame_store:fstore|line_buf_ram:gen_line[7].vram|mem_rtl_0" 
        Info (286033): Parameter OPERATION_MODE set to DUAL_PORT
        Info (286033): Parameter WIDTH_A set to 64
        Info (286033): Parameter WIDTHAD_A set to 6
        Info (286033): Parameter NUMWORDS_A set to 39
        Info (286033): Parameter WIDTH_B set to 64
        Info (286033): Parameter WIDTHAD_B set to 6
        Info (286033): Parameter NUMWORDS_B set to 39
        Info (286033): Parameter ADDRESS_ACLR_A set to NONE
        Info (286033): Parameter OUTDATA_REG_B set to UNREGISTERED
        Info (286033): Parameter ADDRESS_ACLR_B set to NONE
        Info (286033): Parameter OUTDATA_ACLR_B set to NONE
        Info (286033): Parameter ADDRESS_REG_B set to CLOCK1
        Info (286033): Parameter INDATA_ACLR_A set to NONE
        Info (286033): Parameter WRCONTROL_ACLR_A set to NONE
        Info (286033): Parameter RAM_BLOCK_TYPE set to M10K
    Info (276029): Inferred altsyncram megafunction from the following design logic: "emu:emu|present_core:present|ddr_frame_store:fstore|line_buf_ram:gen_line[7].uram|mem_rtl_0" 
        Info (286033): Parameter OPERATION_MODE set to DUAL_PORT
        Info (286033): Parameter WIDTH_A set to 64
        Info (286033): Parameter WIDTHAD_A set to 6
        Info (286033): Parameter NUMWORDS_A set to 39
        Info (286033): Parameter WIDTH_B set to 64
        Info (286033): Parameter WIDTHAD_B set to 6
        Info (286033): Parameter NUMWORDS_B set to 39
        Info (286033): Parameter ADDRESS_ACLR_A set to NONE
        Info (286033): Parameter OUTDATA_REG_B set to UNREGISTERED
        Info (286033): Parameter ADDRESS_ACLR_B set to NONE
        Info (286033): Parameter OUTDATA_ACLR_B set to NONE
        Info (286033): Parameter ADDRESS_REG_B set to CLOCK1
        Info (286033): Parameter INDATA_ACLR_A set to NONE
        Info (286033): Parameter WRCONTROL_ACLR_A set to NONE
        Info (286033): Parameter RAM_BLOCK_TYPE set to M10K
    Info (276029): Inferred altsyncram megafunction from the following design logic: "emu:emu|present_core:present|ddr_frame_store:fstore|line_buf_ram:gen_line[7].yram|mem_rtl_0" 
        Info (286033): Parameter OPERATION_MODE set to DUAL_PORT
        Info (286033): Parameter WIDTH_A set to 64
        Info (286033): Parameter WIDTHAD_A set to 7
        Info (286033): Parameter NUMWORDS_A set to 78
        Info (286033): Parameter WIDTH_B set to 64
        Info (286033): Parameter WIDTHAD_B set to 7
        Info (286033): Parameter NUMWORDS_B set to 78
        Info (286033): Parameter ADDRESS_ACLR_A set to NONE
        Info (286033): Parameter OUTDATA_REG_B set to UNREGISTERED
        Info (286033): Parameter ADDRESS_ACLR_B set to NONE
        Info (286033): Parameter OUTDATA_ACLR_B set to NONE
        Info (286033): Parameter ADDRESS_REG_B set to CLOCK1
        Info (286033): Parameter INDATA_ACLR_A set to NONE
        Info (286033): Parameter WRCONTROL_ACLR_A set to NONE
        Info (286033): Parameter RAM_BLOCK_TYPE set to M10K
    Info (276029): Inferred altsyncram megafunction from the following design logic: "emu:emu|present_core:present|ddr_frame_store:fstore|line_buf_ram:gen_line[6].vram|mem_rtl_0" 
        Info (286033): Parameter OPERATION_MODE set to DUAL_PORT
        Info (286033): Parameter WIDTH_A set to 64
        Info (286033): Parameter WIDTHAD_A set to 6
        Info (286033): Parameter NUMWORDS_A set to 39
        Info (286033): Parameter WIDTH_B set to 64
        Info (286033): Parameter WIDTHAD_B set to 6
        Info (286033): Parameter NUMWORDS_B set to 39
        Info (286033): Parameter ADDRESS_ACLR_A set to NONE
        Info (286033): Parameter OUTDATA_REG_B set to UNREGISTERED
        Info (286033): Parameter ADDRESS_ACLR_B set to NONE
        Info (286033): Parameter OUTDATA_ACLR_B set to NONE
        Info (286033): Parameter ADDRESS_REG_B set to CLOCK1
        Info (286033): Parameter INDATA_ACLR_A set to NONE
        Info (286033): Parameter WRCONTROL_ACLR_A set to NONE
        Info (286033): Parameter RAM_BLOCK_TYPE set to M10K
    Info (276029): Inferred altsyncram megafunction from the following design logic: "emu:emu|present_core:present|ddr_frame_store:fstore|line_buf_ram:gen_line[6].uram|mem_rtl_0" 
        Info (286033): Parameter OPERATION_MODE set to DUAL_PORT
        Info (286033): Parameter WIDTH_A set to 64
        Info (286033): Parameter WIDTHAD_A set to 6
        Info (286033): Parameter NUMWORDS_A set to 39
        Info (286033): Parameter WIDTH_B set to 64
        Info (286033): Parameter WIDTHAD_B set to 6
        Info (286033): Parameter NUMWORDS_B set to 39
        Info (286033): Parameter ADDRESS_ACLR_A set to NONE
        Info (286033): Parameter OUTDATA_REG_B set to UNREGISTERED
        Info (286033): Parameter ADDRESS_ACLR_B set to NONE
        Info (286033): Parameter OUTDATA_ACLR_B set to NONE
        Info (286033): Parameter ADDRESS_REG_B set to CLOCK1
        Info (286033): Parameter INDATA_ACLR_A set to NONE
        Info (286033): Parameter WRCONTROL_ACLR_A set to NONE
        Info (286033): Parameter RAM_BLOCK_TYPE set to M10K
    Info (276029): Inferred altsyncram megafunction from the following design logic: "emu:emu|present_core:present|ddr_frame_store:fstore|line_buf_ram:gen_line[6].yram|mem_rtl_0" 
        Info (286033): Parameter OPERATION_MODE set to DUAL_PORT
        Info (286033): Parameter WIDTH_A set to 64
        Info (286033): Parameter WIDTHAD_A set to 7
        Info (286033): Parameter NUMWORDS_A set to 78
        Info (286033): Parameter WIDTH_B set to 64
        Info (286033): Parameter WIDTHAD_B set to 7
        Info (286033): Parameter NUMWORDS_B set to 78
        Info (286033): Parameter ADDRESS_ACLR_A set to NONE
        Info (286033): Parameter OUTDATA_REG_B set to UNREGISTERED
        Info (286033): Parameter ADDRESS_ACLR_B set to NONE
        Info (286033): Parameter OUTDATA_ACLR_B set to NONE
        Info (286033): Parameter ADDRESS_REG_B set to CLOCK1
        Info (286033): Parameter INDATA_ACLR_A set to NONE
        Info (286033): Parameter WRCONTROL_ACLR_A set to NONE
        Info (286033): Parameter RAM_BLOCK_TYPE set to M10K
    Info (276029): Inferred altsyncram megafunction from the following design logic: "emu:emu|present_core:present|ddr_frame_store:fstore|line_buf_ram:gen_line[5].vram|mem_rtl_0" 
        Info (286033): Parameter OPERATION_MODE set to DUAL_PORT
        Info (286033): Parameter WIDTH_A set to 64
        Info (286033): Parameter WIDTHAD_A set to 6
        Info (286033): Parameter NUMWORDS_A set to 39
        Info (286033): Parameter WIDTH_B set to 64
        Info (286033): Parameter WIDTHAD_B set to 6
        Info (286033): Parameter NUMWORDS_B set to 39
        Info (286033): Parameter ADDRESS_ACLR_A set to NONE
        Info (286033): Parameter OUTDATA_REG_B set to UNREGISTERED
        Info (286033): Parameter ADDRESS_ACLR_B set to NONE
        Info (286033): Parameter OUTDATA_ACLR_B set to NONE
        Info (286033): Parameter ADDRESS_REG_B set to CLOCK1
        Info (286033): Parameter INDATA_ACLR_A set to NONE
        Info (286033): Parameter WRCONTROL_ACLR_A set to NONE
        Info (286033): Parameter RAM_BLOCK_TYPE set to M10K
    Info (276029): Inferred altsyncram megafunction from the following design logic: "emu:emu|present_core:present|ddr_frame_store:fstore|line_buf_ram:gen_line[5].uram|mem_rtl_0" 
        Info (286033): Parameter OPERATION_MODE set to DUAL_PORT
        Info (286033): Parameter WIDTH_A set to 64
        Info (286033): Parameter WIDTHAD_A set to 6
        Info (286033): Parameter NUMWORDS_A set to 39
        Info (286033): Parameter WIDTH_B set to 64
        Info (286033): Parameter WIDTHAD_B set to 6
        Info (286033): Parameter NUMWORDS_B set to 39
        Info (286033): Parameter ADDRESS_ACLR_A set to NONE
        Info (286033): Parameter OUTDATA_REG_B set to UNREGISTERED
        Info (286033): Parameter ADDRESS_ACLR_B set to NONE
        Info (286033): Parameter OUTDATA_ACLR_B set to NONE
        Info (286033): Parameter ADDRESS_REG_B set to CLOCK1
        Info (286033): Parameter INDATA_ACLR_A set to NONE
        Info (286033): Parameter WRCONTROL_ACLR_A set to NONE
        Info (286033): Parameter RAM_BLOCK_TYPE set to M10K
    Info (276029): Inferred altsyncram megafunction from the following design logic: "emu:emu|present_core:present|ddr_frame_store:fstore|line_buf_ram:gen_line[5].yram|mem_rtl_0" 
        Info (286033): Parameter OPERATION_MODE set to DUAL_PORT
        Info (286033): Parameter WIDTH_A set to 64
        Info (286033): Parameter WIDTHAD_A set to 7
        Info (286033): Parameter NUMWORDS_A set to 78
        Info (286033): Parameter WIDTH_B set to 64
        Info (286033): Parameter WIDTHAD_B set to 7
        Info (286033): Parameter NUMWORDS_B set to 78
        Info (286033): Parameter ADDRESS_ACLR_A set to NONE
        Info (286033): Parameter OUTDATA_REG_B set to UNREGISTERED
        Info (286033): Parameter ADDRESS_ACLR_B set to NONE
        Info (286033): Parameter OUTDATA_ACLR_B set to NONE
        Info (286033): Parameter ADDRESS_REG_B set to CLOCK1
        Info (286033): Parameter INDATA_ACLR_A set to NONE
        Info (286033): Parameter WRCONTROL_ACLR_A set to NONE
        Info (286033): Parameter RAM_BLOCK_TYPE set to M10K
    Info (276029): Inferred altsyncram megafunction from the following design logic: "emu:emu|present_core:present|ddr_frame_store:fstore|line_buf_ram:gen_line[4].vram|mem_rtl_0" 
        Info (286033): Parameter OPERATION_MODE set to DUAL_PORT
        Info (286033): Parameter WIDTH_A set to 64
        Info (286033): Parameter WIDTHAD_A set to 6
        Info (286033): Parameter NUMWORDS_A set to 39
        Info (286033): Parameter WIDTH_B set to 64
        Info (286033): Parameter WIDTHAD_B set to 6
        Info (286033): Parameter NUMWORDS_B set to 39
        Info (286033): Parameter ADDRESS_ACLR_A set to NONE
        Info (286033): Parameter OUTDATA_REG_B set to UNREGISTERED
        Info (286033): Parameter ADDRESS_ACLR_B set to NONE
        Info (286033): Parameter OUTDATA_ACLR_B set to NONE
        Info (286033): Parameter ADDRESS_REG_B set to CLOCK1
        Info (286033): Parameter INDATA_ACLR_A set to NONE
        Info (286033): Parameter WRCONTROL_ACLR_A set to NONE
        Info (286033): Parameter RAM_BLOCK_TYPE set to M10K
    Info (276029): Inferred altsyncram megafunction from the following design logic: "emu:emu|present_core:present|ddr_frame_store:fstore|line_buf_ram:gen_line[4].uram|mem_rtl_0" 
        Info (286033): Parameter OPERATION_MODE set to DUAL_PORT
        Info (286033): Parameter WIDTH_A set to 64
        Info (286033): Parameter WIDTHAD_A set to 6
        Info (286033): Parameter NUMWORDS_A set to 39
        Info (286033): Parameter WIDTH_B set to 64
        Info (286033): Parameter WIDTHAD_B set to 6
        Info (286033): Parameter NUMWORDS_B set to 39
        Info (286033): Parameter ADDRESS_ACLR_A set to NONE
        Info (286033): Parameter OUTDATA_REG_B set to UNREGISTERED
        Info (286033): Parameter ADDRESS_ACLR_B set to NONE
        Info (286033): Parameter OUTDATA_ACLR_B set to NONE
        Info (286033): Parameter ADDRESS_REG_B set to CLOCK1
        Info (286033): Parameter INDATA_ACLR_A set to NONE
        Info (286033): Parameter WRCONTROL_ACLR_A set to NONE
        Info (286033): Parameter RAM_BLOCK_TYPE set to M10K
    Info (276029): Inferred altsyncram megafunction from the following design logic: "emu:emu|present_core:present|ddr_frame_store:fstore|line_buf_ram:gen_line[4].yram|mem_rtl_0" 
        Info (286033): Parameter OPERATION_MODE set to DUAL_PORT
        Info (286033): Parameter WIDTH_A set to 64
        Info (286033): Parameter WIDTHAD_A set to 7
        Info (286033): Parameter NUMWORDS_A set to 78
        Info (286033): Parameter WIDTH_B set to 64
        Info (286033): Parameter WIDTHAD_B set to 7
        Info (286033): Parameter NUMWORDS_B set to 78
        Info (286033): Parameter ADDRESS_ACLR_A set to NONE
        Info (286033): Parameter OUTDATA_REG_B set to UNREGISTERED
        Info (286033): Parameter ADDRESS_ACLR_B set to NONE
        Info (286033): Parameter OUTDATA_ACLR_B set to NONE
        Info (286033): Parameter ADDRESS_REG_B set to CLOCK1
        Info (286033): Parameter INDATA_ACLR_A set to NONE
        Info (286033): Parameter WRCONTROL_ACLR_A set to NONE
        Info (286033): Parameter RAM_BLOCK_TYPE set to M10K
    Info (276029): Inferred altsyncram megafunction from the following design logic: "emu:emu|present_core:present|ddr_frame_store:fstore|line_buf_ram:gen_line[3].vram|mem_rtl_0" 
        Info (286033): Parameter OPERATION_MODE set to DUAL_PORT
        Info (286033): Parameter WIDTH_A set to 64
        Info (286033): Parameter WIDTHAD_A set to 6
        Info (286033): Parameter NUMWORDS_A set to 39
        Info (286033): Parameter WIDTH_B set to 64
        Info (286033): Parameter WIDTHAD_B set to 6
        Info (286033): Parameter NUMWORDS_B set to 39
        Info (286033): Parameter ADDRESS_ACLR_A set to NONE
        Info (286033): Parameter OUTDATA_REG_B set to UNREGISTERED
        Info (286033): Parameter ADDRESS_ACLR_B set to NONE
        Info (286033): Parameter OUTDATA_ACLR_B set to NONE
        Info (286033): Parameter ADDRESS_REG_B set to CLOCK1
        Info (286033): Parameter INDATA_ACLR_A set to NONE
        Info (286033): Parameter WRCONTROL_ACLR_A set to NONE
        Info (286033): Parameter RAM_BLOCK_TYPE set to M10K
    Info (276029): Inferred altsyncram megafunction from the following design logic: "emu:emu|present_core:present|ddr_frame_store:fstore|line_buf_ram:gen_line[3].uram|mem_rtl_0" 
        Info (286033): Parameter OPERATION_MODE set to DUAL_PORT
        Info (286033): Parameter WIDTH_A set to 64
        Info (286033): Parameter WIDTHAD_A set to 6
        Info (286033): Parameter NUMWORDS_A set to 39
        Info (286033): Parameter WIDTH_B set to 64
        Info (286033): Parameter WIDTHAD_B set to 6
        Info (286033): Parameter NUMWORDS_B set to 39
        Info (286033): Parameter ADDRESS_ACLR_A set to NONE
        Info (286033): Parameter OUTDATA_REG_B set to UNREGISTERED
        Info (286033): Parameter ADDRESS_ACLR_B set to NONE
        Info (286033): Parameter OUTDATA_ACLR_B set to NONE
        Info (286033): Parameter ADDRESS_REG_B set to CLOCK1
        Info (286033): Parameter INDATA_ACLR_A set to NONE
        Info (286033): Parameter WRCONTROL_ACLR_A set to NONE
        Info (286033): Parameter RAM_BLOCK_TYPE set to M10K
    Info (276029): Inferred altsyncram megafunction from the following design logic: "emu:emu|present_core:present|ddr_frame_store:fstore|line_buf_ram:gen_line[3].yram|mem_rtl_0" 
        Info (286033): Parameter OPERATION_MODE set to DUAL_PORT
        Info (286033): Parameter WIDTH_A set to 64
        Info (286033): Parameter WIDTHAD_A set to 7
        Info (286033): Parameter NUMWORDS_A set to 78
        Info (286033): Parameter WIDTH_B set to 64
        Info (286033): Parameter WIDTHAD_B set to 7
        Info (286033): Parameter NUMWORDS_B set to 78
        Info (286033): Parameter ADDRESS_ACLR_A set to NONE
        Info (286033): Parameter OUTDATA_REG_B set to UNREGISTERED
        Info (286033): Parameter ADDRESS_ACLR_B set to NONE
        Info (286033): Parameter OUTDATA_ACLR_B set to NONE
        Info (286033): Parameter ADDRESS_REG_B set to CLOCK1
        Info (286033): Parameter INDATA_ACLR_A set to NONE
        Info (286033): Parameter WRCONTROL_ACLR_A set to NONE
        Info (286033): Parameter RAM_BLOCK_TYPE set to M10K
    Info (276029): Inferred altsyncram megafunction from the following design logic: "emu:emu|present_core:present|ddr_frame_store:fstore|line_buf_ram:gen_line[2].vram|mem_rtl_0" 
        Info (286033): Parameter OPERATION_MODE set to DUAL_PORT
        Info (286033): Parameter WIDTH_A set to 64
        Info (286033): Parameter WIDTHAD_A set to 6
        Info (286033): Parameter NUMWORDS_A set to 39
        Info (286033): Parameter WIDTH_B set to 64
        Info (286033): Parameter WIDTHAD_B set to 6
        Info (286033): Parameter NUMWORDS_B set to 39
        Info (286033): Parameter ADDRESS_ACLR_A set to NONE
        Info (286033): Parameter OUTDATA_REG_B set to UNREGISTERED
        Info (286033): Parameter ADDRESS_ACLR_B set to NONE
        Info (286033): Parameter OUTDATA_ACLR_B set to NONE
        Info (286033): Parameter ADDRESS_REG_B set to CLOCK1
        Info (286033): Parameter INDATA_ACLR_A set to NONE
        Info (286033): Parameter WRCONTROL_ACLR_A set to NONE
        Info (286033): Parameter RAM_BLOCK_TYPE set to M10K
    Info (276029): Inferred altsyncram megafunction from the following design logic: "emu:emu|present_core:present|ddr_frame_store:fstore|line_buf_ram:gen_line[2].uram|mem_rtl_0" 
        Info (286033): Parameter OPERATION_MODE set to DUAL_PORT
        Info (286033): Parameter WIDTH_A set to 64
        Info (286033): Parameter WIDTHAD_A set to 6
        Info (286033): Parameter NUMWORDS_A set to 39
        Info (286033): Parameter WIDTH_B set to 64
        Info (286033): Parameter WIDTHAD_B set to 6
        Info (286033): Parameter NUMWORDS_B set to 39
        Info (286033): Parameter ADDRESS_ACLR_A set to NONE
        Info (286033): Parameter OUTDATA_REG_B set to UNREGISTERED
        Info (286033): Parameter ADDRESS_ACLR_B set to NONE
        Info (286033): Parameter OUTDATA_ACLR_B set to NONE
        Info (286033): Parameter ADDRESS_REG_B set to CLOCK1
        Info (286033): Parameter INDATA_ACLR_A set to NONE
        Info (286033): Parameter WRCONTROL_ACLR_A set to NONE
        Info (286033): Parameter RAM_BLOCK_TYPE set to M10K
    Info (276029): Inferred altsyncram megafunction from the following design logic: "emu:emu|present_core:present|ddr_frame_store:fstore|line_buf_ram:gen_line[2].yram|mem_rtl_0" 
        Info (286033): Parameter OPERATION_MODE set to DUAL_PORT
        Info (286033): Parameter WIDTH_A set to 64
        Info (286033): Parameter WIDTHAD_A set to 7
        Info (286033): Parameter NUMWORDS_A set to 78
        Info (286033): Parameter WIDTH_B set to 64
        Info (286033): Parameter WIDTHAD_B set to 7
        Info (286033): Parameter NUMWORDS_B set to 78
        Info (286033): Parameter ADDRESS_ACLR_A set to NONE
        Info (286033): Parameter OUTDATA_REG_B set to UNREGISTERED
        Info (286033): Parameter ADDRESS_ACLR_B set to NONE
        Info (286033): Parameter OUTDATA_ACLR_B set to NONE
        Info (286033): Parameter ADDRESS_REG_B set to CLOCK1
        Info (286033): Parameter INDATA_ACLR_A set to NONE
        Info (286033): Parameter WRCONTROL_ACLR_A set to NONE
        Info (286033): Parameter RAM_BLOCK_TYPE set to M10K
    Info (276029): Inferred altsyncram megafunction from the following design logic: "emu:emu|present_core:present|ddr_frame_store:fstore|line_buf_ram:gen_line[1].vram|mem_rtl_0" 
        Info (286033): Parameter OPERATION_MODE set to DUAL_PORT
        Info (286033): Parameter WIDTH_A set to 64
        Info (286033): Parameter WIDTHAD_A set to 6
        Info (286033): Parameter NUMWORDS_A set to 39
        Info (286033): Parameter WIDTH_B set to 64
        Info (286033): Parameter WIDTHAD_B set to 6
        Info (286033): Parameter NUMWORDS_B set to 39
        Info (286033): Parameter ADDRESS_ACLR_A set to NONE
        Info (286033): Parameter OUTDATA_REG_B set to UNREGISTERED
        Info (286033): Parameter ADDRESS_ACLR_B set to NONE
        Info (286033): Parameter OUTDATA_ACLR_B set to NONE
        Info (286033): Parameter ADDRESS_REG_B set to CLOCK1
        Info (286033): Parameter INDATA_ACLR_A set to NONE
        Info (286033): Parameter WRCONTROL_ACLR_A set to NONE
        Info (286033): Parameter RAM_BLOCK_TYPE set to M10K
    Info (276029): Inferred altsyncram megafunction from the following design logic: "emu:emu|present_core:present|ddr_frame_store:fstore|line_buf_ram:gen_line[1].uram|mem_rtl_0" 
        Info (286033): Parameter OPERATION_MODE set to DUAL_PORT
        Info (286033): Parameter WIDTH_A set to 64
        Info (286033): Parameter WIDTHAD_A set to 6
        Info (286033): Parameter NUMWORDS_A set to 39
        Info (286033): Parameter WIDTH_B set to 64
        Info (286033): Parameter WIDTHAD_B set to 6
        Info (286033): Parameter NUMWORDS_B set to 39
        Info (286033): Parameter ADDRESS_ACLR_A set to NONE
        Info (286033): Parameter OUTDATA_REG_B set to UNREGISTERED
        Info (286033): Parameter ADDRESS_ACLR_B set to NONE
        Info (286033): Parameter OUTDATA_ACLR_B set to NONE
        Info (286033): Parameter ADDRESS_REG_B set to CLOCK1
        Info (286033): Parameter INDATA_ACLR_A set to NONE
        Info (286033): Parameter WRCONTROL_ACLR_A set to NONE
        Info (286033): Parameter RAM_BLOCK_TYPE set to M10K
    Info (276029): Inferred altsyncram megafunction from the following design logic: "emu:emu|present_core:present|ddr_frame_store:fstore|line_buf_ram:gen_line[1].yram|mem_rtl_0" 
        Info (286033): Parameter OPERATION_MODE set to DUAL_PORT
        Info (286033): Parameter WIDTH_A set to 64
        Info (286033): Parameter WIDTHAD_A set to 7
        Info (286033): Parameter NUMWORDS_A set to 78
        Info (286033): Parameter WIDTH_B set to 64
        Info (286033): Parameter WIDTHAD_B set to 7
        Info (286033): Parameter NUMWORDS_B set to 78
        Info (286033): Parameter ADDRESS_ACLR_A set to NONE
        Info (286033): Parameter OUTDATA_REG_B set to UNREGISTERED
        Info (286033): Parameter ADDRESS_ACLR_B set to NONE
        Info (286033): Parameter OUTDATA_ACLR_B set to NONE
        Info (286033): Parameter ADDRESS_REG_B set to CLOCK1
        Info (286033): Parameter INDATA_ACLR_A set to NONE
        Info (286033): Parameter WRCONTROL_ACLR_A set to NONE
        Info (286033): Parameter RAM_BLOCK_TYPE set to M10K
    Info (276029): Inferred altsyncram megafunction from the following design logic: "emu:emu|present_core:present|ddr_frame_store:fstore|line_buf_ram:gen_line[0].vram|mem_rtl_0" 
        Info (286033): Parameter OPERATION_MODE set to DUAL_PORT
        Info (286033): Parameter WIDTH_A set to 64
        Info (286033): Parameter WIDTHAD_A set to 6
        Info (286033): Parameter NUMWORDS_A set to 39
        Info (286033): Parameter WIDTH_B set to 64
        Info (286033): Parameter WIDTHAD_B set to 6
        Info (286033): Parameter NUMWORDS_B set to 39
        Info (286033): Parameter ADDRESS_ACLR_A set to NONE
        Info (286033): Parameter OUTDATA_REG_B set to UNREGISTERED
        Info (286033): Parameter ADDRESS_ACLR_B set to NONE
        Info (286033): Parameter OUTDATA_ACLR_B set to NONE
        Info (286033): Parameter ADDRESS_REG_B set to CLOCK1
        Info (286033): Parameter INDATA_ACLR_A set to NONE
        Info (286033): Parameter WRCONTROL_ACLR_A set to NONE
        Info (286033): Parameter RAM_BLOCK_TYPE set to M10K
    Info (276029): Inferred altsyncram megafunction from the following design logic: "emu:emu|present_core:present|ddr_frame_store:fstore|line_buf_ram:gen_line[0].uram|mem_rtl_0" 
        Info (286033): Parameter OPERATION_MODE set to DUAL_PORT
        Info (286033): Parameter WIDTH_A set to 64
        Info (286033): Parameter WIDTHAD_A set to 6
        Info (286033): Parameter NUMWORDS_A set to 39
        Info (286033): Parameter WIDTH_B set to 64
        Info (286033): Parameter WIDTHAD_B set to 6
        Info (286033): Parameter NUMWORDS_B set to 39
        Info (286033): Parameter ADDRESS_ACLR_A set to NONE
        Info (286033): Parameter OUTDATA_REG_B set to UNREGISTERED
        Info (286033): Parameter ADDRESS_ACLR_B set to NONE
        Info (286033): Parameter OUTDATA_ACLR_B set to NONE
        Info (286033): Parameter ADDRESS_REG_B set to CLOCK1
        Info (286033): Parameter INDATA_ACLR_A set to NONE
        Info (286033): Parameter WRCONTROL_ACLR_A set to NONE
        Info (286033): Parameter RAM_BLOCK_TYPE set to M10K
    Info (276029): Inferred altsyncram megafunction from the following design logic: "emu:emu|present_core:present|ddr_frame_store:fstore|line_buf_ram:gen_line[0].yram|mem_rtl_0" 
        Info (286033): Parameter OPERATION_MODE set to DUAL_PORT
        Info (286033): Parameter WIDTH_A set to 64
        Info (286033): Parameter WIDTHAD_A set to 7
        Info (286033): Parameter NUMWORDS_A set to 78
        Info (286033): Parameter WIDTH_B set to 64
        Info (286033): Parameter WIDTHAD_B set to 7
        Info (286033): Parameter NUMWORDS_B set to 78
        Info (286033): Parameter ADDRESS_ACLR_A set to NONE
        Info (286033): Parameter OUTDATA_REG_B set to UNREGISTERED
        Info (286033): Parameter ADDRESS_ACLR_B set to NONE
        Info (286033): Parameter OUTDATA_ACLR_B set to NONE
        Info (286033): Parameter ADDRESS_REG_B set to CLOCK1
        Info (286033): Parameter INDATA_ACLR_A set to NONE
        Info (286033): Parameter WRCONTROL_ACLR_A set to NONE
        Info (286033): Parameter RAM_BLOCK_TYPE set to M10K
    Info (276029): Inferred altsyncram megafunction from the following design logic: "emu:emu|stream_path:spath|decode_stub:stub|dpb_mem_rtl_0" 
        Info (286033): Parameter OPERATION_MODE set to DUAL_PORT
        Info (286033): Parameter WIDTH_A set to 8
        Info (286033): Parameter WIDTHAD_A set to 18
        Info (286033): Parameter NUMWORDS_A set to 262144
        Info (286033): Parameter WIDTH_B set to 8
        Info (286033): Parameter WIDTHAD_B set to 18
        Info (286033): Parameter NUMWORDS_B set to 262144
        Info (286033): Parameter ADDRESS_ACLR_A set to NONE
        Info (286033): Parameter OUTDATA_REG_B set to UNREGISTERED
        Info (286033): Parameter ADDRESS_ACLR_B set to NONE
        Info (286033): Parameter OUTDATA_ACLR_B set to NONE
        Info (286033): Parameter ADDRESS_REG_B set to CLOCK0
        Info (286033): Parameter INDATA_ACLR_A set to NONE
        Info (286033): Parameter WRCONTROL_ACLR_A set to NONE
    Info (276029): Inferred altsyncram megafunction from the following design logic: "emu:emu|stream_path:spath|slice_hdr_parser:slp|mem_rtl_0" 
        Info (286033): Parameter OPERATION_MODE set to DUAL_PORT
        Info (286033): Parameter WIDTH_A set to 8
        Info (286033): Parameter WIDTHAD_A set to 6
        Info (286033): Parameter NUMWORDS_A set to 48
        Info (286033): Parameter WIDTH_B set to 8
        Info (286033): Parameter WIDTHAD_B set to 6
        Info (286033): Parameter NUMWORDS_B set to 48
        Info (286033): Parameter ADDRESS_ACLR_A set to NONE
        Info (286033): Parameter OUTDATA_REG_B set to UNREGISTERED
        Info (286033): Parameter ADDRESS_ACLR_B set to NONE
        Info (286033): Parameter OUTDATA_ACLR_B set to NONE
        Info (286033): Parameter ADDRESS_REG_B set to CLOCK0
        Info (286033): Parameter INDATA_ACLR_A set to NONE
        Info (286033): Parameter WRCONTROL_ACLR_A set to NONE
    Info (276029): Inferred altsyncram megafunction from the following design logic: "emu:emu|stream_path:spath|pps_parser:pps|mem_rtl_0" 
        Info (286033): Parameter OPERATION_MODE set to DUAL_PORT
        Info (286033): Parameter WIDTH_A set to 8
        Info (286033): Parameter WIDTHAD_A set to 5
        Info (286033): Parameter NUMWORDS_A set to 24
        Info (286033): Parameter WIDTH_B set to 8
        Info (286033): Parameter WIDTHAD_B set to 5
        Info (286033): Parameter NUMWORDS_B set to 24
        Info (286033): Parameter ADDRESS_ACLR_A set to NONE
        Info (286033): Parameter OUTDATA_REG_B set to UNREGISTERED
        Info (286033): Parameter ADDRESS_ACLR_B set to NONE
        Info (286033): Parameter OUTDATA_ACLR_B set to NONE
        Info (286033): Parameter ADDRESS_REG_B set to CLOCK0
        Info (286033): Parameter INDATA_ACLR_A set to NONE
        Info (286033): Parameter WRCONTROL_ACLR_A set to NONE
    Info (276029): Inferred altsyncram megafunction from the following design logic: "emu:emu|stream_path:spath|sps_parser:sps|mem_rtl_0" 
        Info (286033): Parameter OPERATION_MODE set to DUAL_PORT
        Info (286033): Parameter WIDTH_A set to 8
        Info (286033): Parameter WIDTHAD_A set to 6
        Info (286033): Parameter NUMWORDS_A set to 48
        Info (286033): Parameter WIDTH_B set to 8
        Info (286033): Parameter WIDTHAD_B set to 6
        Info (286033): Parameter NUMWORDS_B set to 48
        Info (286033): Parameter ADDRESS_ACLR_A set to NONE
        Info (286033): Parameter OUTDATA_REG_B set to UNREGISTERED
        Info (286033): Parameter ADDRESS_ACLR_B set to NONE
        Info (286033): Parameter OUTDATA_ACLR_B set to NONE
        Info (286033): Parameter ADDRESS_REG_B set to CLOCK0
        Info (286033): Parameter INDATA_ACLR_A set to NONE
        Info (286033): Parameter WRCONTROL_ACLR_A set to NONE
    Info (276029): Inferred altsyncram megafunction from the following design logic: "emu:emu|stream_path:spath|bitstream_fifo:bfifo|mem_rtl_0" 
        Info (286033): Parameter OPERATION_MODE set to DUAL_PORT
        Info (286033): Parameter WIDTH_A set to 8
        Info (286033): Parameter WIDTHAD_A set to 15
        Info (286033): Parameter NUMWORDS_A set to 32768
        Info (286033): Parameter WIDTH_B set to 8
        Info (286033): Parameter WIDTHAD_B set to 15
        Info (286033): Parameter NUMWORDS_B set to 32768
        Info (286033): Parameter ADDRESS_ACLR_A set to NONE
        Info (286033): Parameter OUTDATA_REG_B set to UNREGISTERED
        Info (286033): Parameter ADDRESS_ACLR_B set to NONE
        Info (286033): Parameter OUTDATA_ACLR_B set to NONE
        Info (286033): Parameter ADDRESS_REG_B set to CLOCK0
        Info (286033): Parameter INDATA_ACLR_A set to NONE
        Info (286033): Parameter WRCONTROL_ACLR_A set to NONE
        Info (286033): Parameter RAM_BLOCK_TYPE set to M10K
        Info (286033): Parameter READ_DURING_WRITE_MODE_MIXED_PORTS set to OLD_DATA
    Info (276029): Inferred altsyncram megafunction from the following design logic: "osd:vga_osd|osd_buffer_rtl_0" 
        Info (286033): Parameter OPERATION_MODE set to DUAL_PORT
        Info (286033): Parameter WIDTH_A set to 8
        Info (286033): Parameter WIDTHAD_A set to 12
        Info (286033): Parameter NUMWORDS_A set to 4096
        Info (286033): Parameter WIDTH_B set to 8
        Info (286033): Parameter WIDTHAD_B set to 12
        Info (286033): Parameter NUMWORDS_B set to 4096
        Info (286033): Parameter ADDRESS_ACLR_A set to NONE
        Info (286033): Parameter OUTDATA_REG_B set to UNREGISTERED
        Info (286033): Parameter ADDRESS_ACLR_B set to NONE
        Info (286033): Parameter OUTDATA_ACLR_B set to NONE
        Info (286033): Parameter ADDRESS_REG_B set to CLOCK0
        Info (286033): Parameter INDATA_ACLR_A set to NONE
        Info (286033): Parameter WRCONTROL_ACLR_A set to NONE
        Info (286033): Parameter RDCONTROL_REG_B set to CLOCK0
    Info (276029): Inferred altsyncram megafunction from the following design logic: "osd:hdmi_osd|osd_buffer_rtl_0" 
        Info (286033): Parameter OPERATION_MODE set to DUAL_PORT
        Info (286033): Parameter WIDTH_A set to 8
        Info (286033): Parameter WIDTHAD_A set to 12
        Info (286033): Parameter NUMWORDS_A set to 4096
        Info (286033): Parameter WIDTH_B set to 8
        Info (286033): Parameter WIDTHAD_B set to 12
        Info (286033): Parameter NUMWORDS_B set to 4096
        Info (286033): Parameter ADDRESS_ACLR_A set to NONE
        Info (286033): Parameter OUTDATA_REG_B set to UNREGISTERED
        Info (286033): Parameter ADDRESS_ACLR_B set to NONE
        Info (286033): Parameter OUTDATA_ACLR_B set to NONE
        Info (286033): Parameter ADDRESS_REG_B set to CLOCK1
        Info (286033): Parameter INDATA_ACLR_A set to NONE
        Info (286033): Parameter WRCONTROL_ACLR_A set to NONE
    Info (276029): Inferred altsyncram megafunction from the following design logic: "shadowmask:HDMI_shadowmask|mask_lut_rtl_0" 
        Info (286033): Parameter OPERATION_MODE set to DUAL_PORT
        Info (286033): Parameter WIDTH_A set to 11
        Info (286033): Parameter WIDTHAD_A set to 8
        Info (286033): Parameter NUMWORDS_A set to 256
        Info (286033): Parameter WIDTH_B set to 11
        Info (286033): Parameter WIDTHAD_B set to 8
        Info (286033): Parameter NUMWORDS_B set to 256
        Info (286033): Parameter ADDRESS_ACLR_A set to NONE
        Info (286033): Parameter OUTDATA_REG_B set to UNREGISTERED
        Info (286033): Parameter ADDRESS_ACLR_B set to NONE
        Info (286033): Parameter OUTDATA_ACLR_B set to NONE
        Info (286033): Parameter ADDRESS_REG_B set to CLOCK1
        Info (286033): Parameter INDATA_ACLR_A set to NONE
        Info (286033): Parameter WRCONTROL_ACLR_A set to NONE
    Info (276029): Inferred altsyncram megafunction from the following design logic: "ascal:ascal|i_dpram_rtl_0" 
        Info (286033): Parameter OPERATION_MODE set to DUAL_PORT
        Info (286033): Parameter WIDTH_A set to 128
        Info (286033): Parameter WIDTHAD_A set to 5
        Info (286033): Parameter NUMWORDS_A set to 32
        Info (286033): Parameter WIDTH_B set to 128
        Info (286033): Parameter WIDTHAD_B set to 5
        Info (286033): Parameter NUMWORDS_B set to 32
        Info (286033): Parameter ADDRESS_ACLR_A set to NONE
        Info (286033): Parameter OUTDATA_REG_B set to UNREGISTERED
        Info (286033): Parameter ADDRESS_ACLR_B set to NONE
        Info (286033): Parameter OUTDATA_ACLR_B set to NONE
        Info (286033): Parameter ADDRESS_REG_B set to CLOCK1
        Info (286033): Parameter INDATA_ACLR_A set to NONE
        Info (286033): Parameter WRCONTROL_ACLR_A set to NONE
    Info (276029): Inferred altsyncram megafunction from the following design logic: "ascal:ascal|pal1_mem_rtl_0" 
        Info (286033): Parameter OPERATION_MODE set to DUAL_PORT
        Info (286033): Parameter WIDTH_A set to 48
        Info (286033): Parameter WIDTHAD_A set to 7
        Info (286033): Parameter NUMWORDS_A set to 128
        Info (286033): Parameter WIDTH_B set to 48
        Info (286033): Parameter WIDTHAD_B set to 7
        Info (286033): Parameter NUMWORDS_B set to 128
        Info (286033): Parameter ADDRESS_ACLR_A set to NONE
        Info (286033): Parameter OUTDATA_REG_B set to UNREGISTERED
        Info (286033): Parameter ADDRESS_ACLR_B set to NONE
        Info (286033): Parameter OUTDATA_ACLR_B set to NONE
        Info (286033): Parameter ADDRESS_REG_B set to CLOCK1
        Info (286033): Parameter INDATA_ACLR_A set to NONE
        Info (286033): Parameter WRCONTROL_ACLR_A set to NONE
    Info (276029): Inferred altsyncram megafunction from the following design logic: "ascal:ascal|o_dpram_rtl_0" 
        Info (286033): Parameter OPERATION_MODE set to DUAL_PORT
        Info (286033): Parameter WIDTH_A set to 128
        Info (286033): Parameter WIDTHAD_A set to 5
        Info (286033): Parameter NUMWORDS_A set to 32
        Info (286033): Parameter WIDTH_B set to 128
        Info (286033): Parameter WIDTHAD_B set to 5
        Info (286033): Parameter NUMWORDS_B set to 32
        Info (286033): Parameter ADDRESS_ACLR_A set to NONE
        Info (286033): Parameter OUTDATA_REG_B set to CLOCK1
        Info (286033): Parameter ADDRESS_ACLR_B set to NONE
        Info (286033): Parameter OUTDATA_ACLR_B set to NONE
        Info (286033): Parameter ADDRESS_REG_B set to CLOCK1
        Info (286033): Parameter INDATA_ACLR_A set to NONE
        Info (286033): Parameter WRCONTROL_ACLR_A set to NONE
    Info (276029): Inferred altsyncram megafunction from the following design logic: "ascal:ascal|o_h_poly_mem_rtl_0" 
        Info (286033): Parameter OPERATION_MODE set to DUAL_PORT
        Info (286033): Parameter WIDTH_A set to 40
        Info (286033): Parameter WIDTHAD_A set to 8
        Info (286033): Parameter NUMWORDS_A set to 256
        Info (286033): Parameter WIDTH_B set to 40
        Info (286033): Parameter WIDTHAD_B set to 8
        Info (286033): Parameter NUMWORDS_B set to 256
        Info (286033): Parameter ADDRESS_ACLR_A set to NONE
        Info (286033): Parameter OUTDATA_REG_B set to UNREGISTERED
        Info (286033): Parameter ADDRESS_ACLR_B set to NONE
        Info (286033): Parameter OUTDATA_ACLR_B set to NONE
        Info (286033): Parameter ADDRESS_REG_B set to CLOCK1
        Info (286033): Parameter INDATA_ACLR_A set to NONE
        Info (286033): Parameter WRCONTROL_ACLR_A set to NONE
    Info (276029): Inferred altsyncram megafunction from the following design logic: "ascal:ascal|o_v_poly_mem_rtl_0" 
        Info (286033): Parameter OPERATION_MODE set to DUAL_PORT
        Info (286033): Parameter WIDTH_A set to 40
        Info (286033): Parameter WIDTHAD_A set to 8
        Info (286033): Parameter NUMWORDS_A set to 256
        Info (286033): Parameter WIDTH_B set to 40
        Info (286033): Parameter WIDTHAD_B set to 8
        Info (286033): Parameter NUMWORDS_B set to 256
        Info (286033): Parameter ADDRESS_ACLR_A set to NONE
        Info (286033): Parameter OUTDATA_REG_B set to UNREGISTERED
        Info (286033): Parameter ADDRESS_ACLR_B set to NONE
        Info (286033): Parameter OUTDATA_ACLR_B set to NONE
        Info (286033): Parameter ADDRESS_REG_B set to CLOCK1
        Info (286033): Parameter INDATA_ACLR_A set to NONE
        Info (286033): Parameter WRCONTROL_ACLR_A set to NONE
    Info (276029): Inferred altsyncram megafunction from the following design logic: "ascal:ascal|o_a_poly_mem_rtl_0" 
        Info (286033): Parameter OPERATION_MODE set to DUAL_PORT
        Info (286033): Parameter WIDTH_A set to 40
        Info (286033): Parameter WIDTHAD_A set to 8
        Info (286033): Parameter NUMWORDS_A set to 256
        Info (286033): Parameter WIDTH_B set to 40
        Info (286033): Parameter WIDTHAD_B set to 8
        Info (286033): Parameter NUMWORDS_B set to 256
        Info (286033): Parameter ADDRESS_ACLR_A set to NONE
        Info (286033): Parameter OUTDATA_REG_B set to UNREGISTERED
        Info (286033): Parameter ADDRESS_ACLR_B set to NONE
        Info (286033): Parameter OUTDATA_ACLR_B set to NONE
        Info (286033): Parameter ADDRESS_REG_B set to CLOCK1
        Info (286033): Parameter INDATA_ACLR_A set to NONE
        Info (286033): Parameter WRCONTROL_ACLR_A set to NONE
    Info (276034): Inferred altshift_taps megafunction from the following design logic: "yc_out:yc_out|luma_d0_rtl_0"
        Info (286033): Parameter NUMBER_OF_TAPS set to 1
        Info (286033): Parameter TAP_DISTANCE set to 5
        Info (286033): Parameter WIDTH set to 8
        Info (286033): Parameter POWER_UP_STATE set to DONT_CARE
    Info (276034): Inferred altshift_taps megafunction from the following design logic: "shadowmask:HDMI_shadowmask|vid_rtl_0"
        Info (286033): Parameter NUMBER_OF_TAPS set to 1
        Info (286033): Parameter TAP_DISTANCE set to 4
        Info (286033): Parameter WIDTH set to 81
        Info (286033): Parameter POWER_UP_STATE set to DONT_CARE
    Info (276034): Inferred altshift_taps megafunction from the following design logic: "ascal:ascal|o_vpix_inner[2].r_rtl_0"
        Info (286033): Parameter NUMBER_OF_TAPS set to 1
        Info (286033): Parameter TAP_DISTANCE set to 4
        Info (286033): Parameter WIDTH set to 24
        Info (286033): Parameter POWER_UP_STATE set to DONT_CARE
    Info (276034): Inferred altshift_taps megafunction from the following design logic: "dv_d1_rtl_0"
        Info (286033): Parameter NUMBER_OF_TAPS set to 1
        Info (286033): Parameter TAP_DISTANCE set to 3
        Info (286033): Parameter WIDTH set to 76
        Info (286033): Parameter POWER_UP_STATE set to DONT_CARE
    Info (276034): Inferred altshift_taps megafunction from the following design logic: "vga_out:vga_scaler_out|din1_rtl_0"
        Info (286033): Parameter NUMBER_OF_TAPS set to 1
        Info (286033): Parameter TAP_DISTANCE set to 3
        Info (286033): Parameter WIDTH set to 31
        Info (286033): Parameter POWER_UP_STATE set to DONT_CARE
Info (278001): Inferred 10 megafunctions from design logic
    Info (278004): Inferred divider/modulo megafunction ("lpm_divide") from the following logic: "emu:emu|stream_path:spath|decode_stub:stub|Mod0" File: /build/rtl/decode_stub.sv Line: 382
    Info (278004): Inferred divider/modulo megafunction ("lpm_divide") from the following logic: "emu:emu|stream_path:spath|decode_stub:stub|Div0" File: /build/rtl/decode_stub.sv Line: 383
    Info (278004): Inferred divider/modulo megafunction ("lpm_divide") from the following logic: "emu:emu|stream_path:spath|decode_stub:stub|h264_dpb_one_ref:u_stream_dpb|Mod0" File: /build/rtl/h264_dpb.sv Line: 174
    Info (278004): Inferred divider/modulo megafunction ("lpm_divide") from the following logic: "emu:emu|stream_path:spath|decode_stub:stub|h264_dpb_one_ref:u_stream_dpb|Mod1" File: /build/rtl/h264_dpb.sv Line: 203
    Info (278004): Inferred divider/modulo megafunction ("lpm_divide") from the following logic: "emu:emu|stream_path:spath|decode_stub:stub|h264_dpb_one_ref:u_stream_dpb|Div0" File: /build/rtl/h264_dpb.sv Line: 175
    Info (278004): Inferred divider/modulo megafunction ("lpm_divide") from the following logic: "emu:emu|stream_path:spath|decode_stub:stub|h264_dequant4x4:u_h264_dequant4x4|Div0" File: /build/rtl/h264_iq_idct_4x4.sv Line: 82
    Info (278004): Inferred divider/modulo megafunction ("lpm_divide") from the following logic: "emu:emu|stream_path:spath|decode_stub:stub|h264_dequant4x4:u_h264_dequant4x4|Mod0" File: /build/rtl/h264_iq_idct_4x4.sv Line: 81
    Info (278004): Inferred divider/modulo megafunction ("lpm_divide") from the following logic: "emu:emu|stream_path:spath|decode_stub:stub|h264_dpb_one_ref:u_stream_dpb|Div1" File: /build/rtl/h264_dpb.sv Line: 204
    Info (278004): Inferred divider/modulo megafunction ("lpm_divide") from the following logic: "emu:emu|stream_path:spath|decode_stub:stub|Mod1" File: /build/rtl/decode_stub.sv Line: 413
    Info (278004): Inferred divider/modulo megafunction ("lpm_divide") from the following logic: "emu:emu|stream_path:spath|decode_stub:stub|Div1" File: /build/rtl/decode_stub.sv Line: 414
Info (12130): Elaborated megafunction instantiation "emu:emu|present_core:present|audio_fifo:afifo|altsyncram:mem_rtl_0"
Info (12133): Instantiated megafunction "emu:emu|present_core:present|audio_fifo:afifo|altsyncram:mem_rtl_0" with the following parameter:
    Info (12134): Parameter "OPERATION_MODE" = "DUAL_PORT"
    Info (12134): Parameter "WIDTH_A" = "32"
    Info (12134): Parameter "WIDTHAD_A" = "11"
    Info (12134): Parameter "NUMWORDS_A" = "2048"
    Info (12134): Parameter "WIDTH_B" = "32"
    Info (12134): Parameter "WIDTHAD_B" = "11"
    Info (12134): Parameter "NUMWORDS_B" = "2048"
    Info (12134): Parameter "ADDRESS_ACLR_A" = "NONE"
    Info (12134): Parameter "OUTDATA_REG_B" = "UNREGISTERED"
    Info (12134): Parameter "ADDRESS_ACLR_B" = "NONE"
    Info (12134): Parameter "OUTDATA_ACLR_B" = "NONE"
    Info (12134): Parameter "ADDRESS_REG_B" = "CLOCK1"
    Info (12134): Parameter "INDATA_ACLR_A" = "NONE"
    Info (12134): Parameter "WRCONTROL_ACLR_A" = "NONE"
    Info (12134): Parameter "RAM_BLOCK_TYPE" = "M10K"
Info (12021): Found 1 design units, including 1 entities, in source file db/altsyncram_lcl1.tdf
    Info (12023): Found entity 1: altsyncram_lcl1 File: /build/db/altsyncram_lcl1.tdf Line: 28
Info (12130): Elaborated megafunction instantiation "emu:emu|stream_path:spath|bitstream_fifo:bfifo|altsyncram:mem_rtl_0"
Info (12133): Instantiated megafunction "emu:emu|stream_path:spath|bitstream_fifo:bfifo|altsyncram:mem_rtl_0" with the following parameter:
    Info (12134): Parameter "OPERATION_MODE" = "DUAL_PORT"
    Info (12134): Parameter "WIDTH_A" = "8"
    Info (12134): Parameter "WIDTHAD_A" = "15"
    Info (12134): Parameter "NUMWORDS_A" = "32768"
    Info (12134): Parameter "WIDTH_B" = "8"
    Info (12134): Parameter "WIDTHAD_B" = "15"
    Info (12134): Parameter "NUMWORDS_B" = "32768"
    Info (12134): Parameter "ADDRESS_ACLR_A" = "NONE"
    Info (12134): Parameter "OUTDATA_REG_B" = "UNREGISTERED"
    Info (12134): Parameter "ADDRESS_ACLR_B" = "NONE"
    Info (12134): Parameter "OUTDATA_ACLR_B" = "NONE"
    Info (12134): Parameter "ADDRESS_REG_B" = "CLOCK0"
    Info (12134): Parameter "INDATA_ACLR_A" = "NONE"
    Info (12134): Parameter "WRCONTROL_ACLR_A" = "NONE"
    Info (12134): Parameter "RAM_BLOCK_TYPE" = "M10K"
    Info (12134): Parameter "READ_DURING_WRITE_MODE_MIXED_PORTS" = "OLD_DATA"
Info (12021): Found 1 design units, including 1 entities, in source file db/altsyncram_lap1.tdf
    Info (12023): Found entity 1: altsyncram_lap1 File: /build/db/altsyncram_lap1.tdf Line: 32
Info (12021): Found 1 design units, including 1 entities, in source file db/decode_8la.tdf
    Info (12023): Found entity 1: decode_8la File: /build/db/decode_8la.tdf Line: 23
Info (12021): Found 1 design units, including 1 entities, in source file db/mux_ofb.tdf
    Info (12023): Found entity 1: mux_ofb File: /build/db/mux_ofb.tdf Line: 23
Info (12130): Elaborated megafunction instantiation "emu:emu|present_core:present|ddr_frame_store:fstore|line_buf_ram:gen_line[15].vram|altsyncram:mem_rtl_0"
Info (12133): Instantiated megafunction "emu:emu|present_core:present|ddr_frame_store:fstore|line_buf_ram:gen_line[15].vram|altsyncram:mem_rtl_0" with the following parameter:
    Info (12134): Parameter "OPERATION_MODE" = "DUAL_PORT"
    Info (12134): Parameter "WIDTH_A" = "64"
    Info (12134): Parameter "WIDTHAD_A" = "6"
    Info (12134): Parameter "NUMWORDS_A" = "39"
    Info (12134): Parameter "WIDTH_B" = "64"
    Info (12134): Parameter "WIDTHAD_B" = "6"
    Info (12134): Parameter "NUMWORDS_B" = "39"
    Info (12134): Parameter "ADDRESS_ACLR_A" = "NONE"
    Info (12134): Parameter "OUTDATA_REG_B" = "UNREGISTERED"
    Info (12134): Parameter "ADDRESS_ACLR_B" = "NONE"
    Info (12134): Parameter "OUTDATA_ACLR_B" = "NONE"
    Info (12134): Parameter "ADDRESS_REG_B" = "CLOCK1"
    Info (12134): Parameter "INDATA_ACLR_A" = "NONE"
    Info (12134): Parameter "WRCONTROL_ACLR_A" = "NONE"
    Info (12134): Parameter "RAM_BLOCK_TYPE" = "M10K"
Info (12021): Found 1 design units, including 1 entities, in source file db/altsyncram_34l1.tdf
    Info (12023): Found entity 1: altsyncram_34l1 File: /build/db/altsyncram_34l1.tdf Line: 28
Info (12130): Elaborated megafunction instantiation "emu:emu|present_core:present|ddr_frame_store:fstore|line_buf_ram:gen_line[15].yram|altsyncram:mem_rtl_0"
Info (12133): Instantiated megafunction "emu:emu|present_core:present|ddr_frame_store:fstore|line_buf_ram:gen_line[15].yram|altsyncram:mem_rtl_0" with the following parameter:
    Info (12134): Parameter "OPERATION_MODE" = "DUAL_PORT"
    Info (12134): Parameter "WIDTH_A" = "64"
    Info (12134): Parameter "WIDTHAD_A" = "7"
    Info (12134): Parameter "NUMWORDS_A" = "78"
    Info (12134): Parameter "WIDTH_B" = "64"
    Info (12134): Parameter "WIDTHAD_B" = "7"
    Info (12134): Parameter "NUMWORDS_B" = "78"
    Info (12134): Parameter "ADDRESS_ACLR_A" = "NONE"
    Info (12134): Parameter "OUTDATA_REG_B" = "UNREGISTERED"
    Info (12134): Parameter "ADDRESS_ACLR_B" = "NONE"
    Info (12134): Parameter "OUTDATA_ACLR_B" = "NONE"
    Info (12134): Parameter "ADDRESS_REG_B" = "CLOCK1"
    Info (12134): Parameter "INDATA_ACLR_A" = "NONE"
    Info (12134): Parameter "WRCONTROL_ACLR_A" = "NONE"
    Info (12134): Parameter "RAM_BLOCK_TYPE" = "M10K"
Info (12021): Found 1 design units, including 1 entities, in source file db/altsyncram_b4l1.tdf
    Info (12023): Found entity 1: altsyncram_b4l1 File: /build/db/altsyncram_b4l1.tdf Line: 28
Info (12130): Elaborated megafunction instantiation "emu:emu|stream_path:spath|decode_stub:stub|altsyncram:dpb_mem_rtl_0"
Info (12133): Instantiated megafunction "emu:emu|stream_path:spath|decode_stub:stub|altsyncram:dpb_mem_rtl_0" with the following parameter:
    Info (12134): Parameter "OPERATION_MODE" = "DUAL_PORT"
    Info (12134): Parameter "WIDTH_A" = "8"
    Info (12134): Parameter "WIDTHAD_A" = "18"
    Info (12134): Parameter "NUMWORDS_A" = "262144"
    Info (12134): Parameter "WIDTH_B" = "8"
    Info (12134): Parameter "WIDTHAD_B" = "18"
    Info (12134): Parameter "NUMWORDS_B" = "262144"
    Info (12134): Parameter "ADDRESS_ACLR_A" = "NONE"
    Info (12134): Parameter "OUTDATA_REG_B" = "UNREGISTERED"
    Info (12134): Parameter "ADDRESS_ACLR_B" = "NONE"
    Info (12134): Parameter "OUTDATA_ACLR_B" = "NONE"
    Info (12134): Parameter "ADDRESS_REG_B" = "CLOCK0"
    Info (12134): Parameter "INDATA_ACLR_A" = "NONE"
    Info (12134): Parameter "WRCONTROL_ACLR_A" = "NONE"
Info (12021): Found 1 design units, including 1 entities, in source file db/altsyncram_g0j1.tdf
    Info (12023): Found entity 1: altsyncram_g0j1 File: /build/db/altsyncram_g0j1.tdf Line: 34
Info (12021): Found 1 design units, including 1 entities, in source file db/decode_sma.tdf
    Info (12023): Found entity 1: decode_sma File: /build/db/decode_sma.tdf Line: 23
Info (12021): Found 1 design units, including 1 entities, in source file db/decode_l2a.tdf
    Info (12023): Found entity 1: decode_l2a File: /build/db/decode_l2a.tdf Line: 23
Info (12021): Found 1 design units, including 1 entities, in source file db/mux_chb.tdf
    Info (12023): Found entity 1: mux_chb File: /build/db/mux_chb.tdf Line: 23
Info (12130): Elaborated megafunction instantiation "ascal:ascal|altsyncram:pal1_mem_rtl_0"
Info (12133): Instantiated megafunction "ascal:ascal|altsyncram:pal1_mem_rtl_0" with the following parameter:
    Info (12134): Parameter "OPERATION_MODE" = "DUAL_PORT"
    Info (12134): Parameter "WIDTH_A" = "48"
    Info (12134): Parameter "WIDTHAD_A" = "7"
    Info (12134): Parameter "NUMWORDS_A" = "128"
    Info (12134): Parameter "WIDTH_B" = "48"
    Info (12134): Parameter "WIDTHAD_B" = "7"
    Info (12134): Parameter "NUMWORDS_B" = "128"
    Info (12134): Parameter "ADDRESS_ACLR_A" = "NONE"
    Info (12134): Parameter "OUTDATA_REG_B" = "UNREGISTERED"
    Info (12134): Parameter "ADDRESS_ACLR_B" = "NONE"
    Info (12134): Parameter "OUTDATA_ACLR_B" = "NONE"
    Info (12134): Parameter "ADDRESS_REG_B" = "CLOCK1"
    Info (12134): Parameter "INDATA_ACLR_A" = "NONE"
    Info (12134): Parameter "WRCONTROL_ACLR_A" = "NONE"
Info (12021): Found 1 design units, including 1 entities, in source file db/altsyncram_2aj1.tdf
    Info (12023): Found entity 1: altsyncram_2aj1 File: /build/db/altsyncram_2aj1.tdf Line: 28
Info (12130): Elaborated megafunction instantiation "yc_out:yc_out|altshift_taps:luma_d0_rtl_0"
Info (12133): Instantiated megafunction "yc_out:yc_out|altshift_taps:luma_d0_rtl_0" with the following parameter:
    Info (12134): Parameter "NUMBER_OF_TAPS" = "1"
    Info (12134): Parameter "TAP_DISTANCE" = "5"
    Info (12134): Parameter "WIDTH" = "8"
    Info (12134): Parameter "POWER_UP_STATE" = "DONT_CARE"
Info (12021): Found 1 design units, including 1 entities, in source file db/shift_taps_gtu.tdf
    Info (12023): Found entity 1: shift_taps_gtu File: /build/db/shift_taps_gtu.tdf Line: 27
Info (12021): Found 1 design units, including 1 entities, in source file db/altsyncram_ro91.tdf
    Info (12023): Found entity 1: altsyncram_ro91 File: /build/db/altsyncram_ro91.tdf Line: 28
Info (12021): Found 1 design units, including 1 entities, in source file db/cntr_rhf.tdf
    Info (12023): Found entity 1: cntr_rhf File: /build/db/cntr_rhf.tdf Line: 28
Info (12021): Found 1 design units, including 1 entities, in source file db/cmpr_b9c.tdf
    Info (12023): Found entity 1: cmpr_b9c File: /build/db/cmpr_b9c.tdf Line: 23
Info (12130): Elaborated megafunction instantiation "vga_out:vga_scaler_out|altshift_taps:din1_rtl_0"
Info (12133): Instantiated megafunction "vga_out:vga_scaler_out|altshift_taps:din1_rtl_0" with the following parameter:
    Info (12134): Parameter "NUMBER_OF_TAPS" = "1"
    Info (12134): Parameter "TAP_DISTANCE" = "3"
    Info (12134): Parameter "WIDTH" = "31"
    Info (12134): Parameter "POWER_UP_STATE" = "DONT_CARE"
Info (12021): Found 1 design units, including 1 entities, in source file db/shift_taps_quu.tdf
    Info (12023): Found entity 1: shift_taps_quu File: /build/db/shift_taps_quu.tdf Line: 27
Info (12021): Found 1 design units, including 1 entities, in source file db/altsyncram_dr91.tdf
    Info (12023): Found entity 1: altsyncram_dr91 File: /build/db/altsyncram_dr91.tdf Line: 28
Info (12021): Found 1 design units, including 1 entities, in source file db/cntr_ohf.tdf
    Info (12023): Found entity 1: cntr_ohf File: /build/db/cntr_ohf.tdf Line: 28
Info (12021): Found 1 design units, including 1 entities, in source file db/cmpr_a9c.tdf
    Info (12023): Found entity 1: cmpr_a9c File: /build/db/cmpr_a9c.tdf Line: 23
Info (12130): Elaborated megafunction instantiation "ascal:ascal|altshift_taps:o_vpix_inner[2].r_rtl_0"
Info (12133): Instantiated megafunction "ascal:ascal|altshift_taps:o_vpix_inner[2].r_rtl_0" with the following parameter:
    Info (12134): Parameter "NUMBER_OF_TAPS" = "1"
    Info (12134): Parameter "TAP_DISTANCE" = "4"
    Info (12134): Parameter "WIDTH" = "24"
    Info (12134): Parameter "POWER_UP_STATE" = "DONT_CARE"
Info (12021): Found 1 design units, including 1 entities, in source file db/shift_taps_agv.tdf
    Info (12023): Found entity 1: shift_taps_agv File: /build/db/shift_taps_agv.tdf Line: 27
Info (12021): Found 1 design units, including 1 entities, in source file db/altsyncram_jr91.tdf
    Info (12023): Found entity 1: altsyncram_jr91 File: /build/db/altsyncram_jr91.tdf Line: 28
Info (12021): Found 1 design units, including 1 entities, in source file db/cntr_phf.tdf
    Info (12023): Found entity 1: cntr_phf File: /build/db/cntr_phf.tdf Line: 26
Info (12130): Elaborated megafunction instantiation "ascal:ascal|altsyncram:i_dpram_rtl_0"
Info (12133): Instantiated megafunction "ascal:ascal|altsyncram:i_dpram_rtl_0" with the following parameter:
    Info (12134): Parameter "OPERATION_MODE" = "DUAL_PORT"
    Info (12134): Parameter "WIDTH_A" = "128"
    Info (12134): Parameter "WIDTHAD_A" = "5"
    Info (12134): Parameter "NUMWORDS_A" = "32"
    Info (12134): Parameter "WIDTH_B" = "128"
    Info (12134): Parameter "WIDTHAD_B" = "5"
    Info (12134): Parameter "NUMWORDS_B" = "32"
    Info (12134): Parameter "ADDRESS_ACLR_A" = "NONE"
    Info (12134): Parameter "OUTDATA_REG_B" = "UNREGISTERED"
    Info (12134): Parameter "ADDRESS_ACLR_B" = "NONE"
    Info (12134): Parameter "OUTDATA_ACLR_B" = "NONE"
    Info (12134): Parameter "ADDRESS_REG_B" = "CLOCK1"
    Info (12134): Parameter "INDATA_ACLR_A" = "NONE"
    Info (12134): Parameter "WRCONTROL_ACLR_A" = "NONE"
Info (12021): Found 1 design units, including 1 entities, in source file db/altsyncram_g9j1.tdf
    Info (12023): Found entity 1: altsyncram_g9j1 File: /build/db/altsyncram_g9j1.tdf Line: 28
Info (12130): Elaborated megafunction instantiation "shadowmask:HDMI_shadowmask|altsyncram:mask_lut_rtl_0"
Info (12133): Instantiated megafunction "shadowmask:HDMI_shadowmask|altsyncram:mask_lut_rtl_0" with the following parameter:
    Info (12134): Parameter "OPERATION_MODE" = "DUAL_PORT"
    Info (12134): Parameter "WIDTH_A" = "11"
    Info (12134): Parameter "WIDTHAD_A" = "8"
    Info (12134): Parameter "NUMWORDS_A" = "256"
    Info (12134): Parameter "WIDTH_B" = "11"
    Info (12134): Parameter "WIDTHAD_B" = "8"
    Info (12134): Parameter "NUMWORDS_B" = "256"
    Info (12134): Parameter "ADDRESS_ACLR_A" = "NONE"
    Info (12134): Parameter "OUTDATA_REG_B" = "UNREGISTERED"
    Info (12134): Parameter "ADDRESS_ACLR_B" = "NONE"
    Info (12134): Parameter "OUTDATA_ACLR_B" = "NONE"
    Info (12134): Parameter "ADDRESS_REG_B" = "CLOCK1"
    Info (12134): Parameter "INDATA_ACLR_A" = "NONE"
    Info (12134): Parameter "WRCONTROL_ACLR_A" = "NONE"
Info (12021): Found 1 design units, including 1 entities, in source file db/altsyncram_k9j1.tdf
    Info (12023): Found entity 1: altsyncram_k9j1 File: /build/db/altsyncram_k9j1.tdf Line: 28
Info (12130): Elaborated megafunction instantiation "shadowmask:HDMI_shadowmask|altshift_taps:vid_rtl_0"
Info (12133): Instantiated megafunction "shadowmask:HDMI_shadowmask|altshift_taps:vid_rtl_0" with the following parameter:
    Info (12134): Parameter "NUMBER_OF_TAPS" = "1"
    Info (12134): Parameter "TAP_DISTANCE" = "4"
    Info (12134): Parameter "WIDTH" = "81"
    Info (12134): Parameter "POWER_UP_STATE" = "DONT_CARE"
Info (12021): Found 1 design units, including 1 entities, in source file db/shift_taps_0vu.tdf
    Info (12023): Found entity 1: shift_taps_0vu File: /build/db/shift_taps_0vu.tdf Line: 27
Info (12021): Found 1 design units, including 1 entities, in source file db/altsyncram_pr91.tdf
    Info (12023): Found entity 1: altsyncram_pr91 File: /build/db/altsyncram_pr91.tdf Line: 28
Info (12130): Elaborated megafunction instantiation "osd:vga_osd|altsyncram:osd_buffer_rtl_0"
Info (12133): Instantiated megafunction "osd:vga_osd|altsyncram:osd_buffer_rtl_0" with the following parameter:
    Info (12134): Parameter "OPERATION_MODE" = "DUAL_PORT"
    Info (12134): Parameter "WIDTH_A" = "8"
    Info (12134): Parameter "WIDTHAD_A" = "12"
    Info (12134): Parameter "NUMWORDS_A" = "4096"
    Info (12134): Parameter "WIDTH_B" = "8"
    Info (12134): Parameter "WIDTHAD_B" = "12"
    Info (12134): Parameter "NUMWORDS_B" = "4096"
    Info (12134): Parameter "ADDRESS_ACLR_A" = "NONE"
    Info (12134): Parameter "OUTDATA_REG_B" = "UNREGISTERED"
    Info (12134): Parameter "ADDRESS_ACLR_B" = "NONE"
    Info (12134): Parameter "OUTDATA_ACLR_B" = "NONE"
    Info (12134): Parameter "ADDRESS_REG_B" = "CLOCK0"
    Info (12134): Parameter "INDATA_ACLR_A" = "NONE"
    Info (12134): Parameter "WRCONTROL_ACLR_A" = "NONE"
    Info (12134): Parameter "RDCONTROL_REG_B" = "CLOCK0"
Info (12021): Found 1 design units, including 1 entities, in source file db/altsyncram_0nl1.tdf
    Info (12023): Found entity 1: altsyncram_0nl1 File: /build/db/altsyncram_0nl1.tdf Line: 28
Info (12130): Elaborated megafunction instantiation "osd:hdmi_osd|altsyncram:osd_buffer_rtl_0"
Info (12133): Instantiated megafunction "osd:hdmi_osd|altsyncram:osd_buffer_rtl_0" with the following parameter:
    Info (12134): Parameter "OPERATION_MODE" = "DUAL_PORT"
    Info (12134): Parameter "WIDTH_A" = "8"
    Info (12134): Parameter "WIDTHAD_A" = "12"
    Info (12134): Parameter "NUMWORDS_A" = "4096"
    Info (12134): Parameter "WIDTH_B" = "8"
    Info (12134): Parameter "WIDTHAD_B" = "12"
    Info (12134): Parameter "NUMWORDS_B" = "4096"
    Info (12134): Parameter "ADDRESS_ACLR_A" = "NONE"
    Info (12134): Parameter "OUTDATA_REG_B" = "UNREGISTERED"
    Info (12134): Parameter "ADDRESS_ACLR_B" = "NONE"
    Info (12134): Parameter "OUTDATA_ACLR_B" = "NONE"
    Info (12134): Parameter "ADDRESS_REG_B" = "CLOCK1"
    Info (12134): Parameter "INDATA_ACLR_A" = "NONE"
    Info (12134): Parameter "WRCONTROL_ACLR_A" = "NONE"
Info (12021): Found 1 design units, including 1 entities, in source file db/altsyncram_i6k1.tdf
    Info (12023): Found entity 1: altsyncram_i6k1 File: /build/db/altsyncram_i6k1.tdf Line: 28
Info (12130): Elaborated megafunction instantiation "emu:emu|stream_path:spath|sps_parser:sps|altsyncram:mem_rtl_0"
Info (12133): Instantiated megafunction "emu:emu|stream_path:spath|sps_parser:sps|altsyncram:mem_rtl_0" with the following parameter:
    Info (12134): Parameter "OPERATION_MODE" = "DUAL_PORT"
    Info (12134): Parameter "WIDTH_A" = "8"
    Info (12134): Parameter "WIDTHAD_A" = "6"
    Info (12134): Parameter "NUMWORDS_A" = "48"
    Info (12134): Parameter "WIDTH_B" = "8"
    Info (12134): Parameter "WIDTHAD_B" = "6"
    Info (12134): Parameter "NUMWORDS_B" = "48"
    Info (12134): Parameter "ADDRESS_ACLR_A" = "NONE"
    Info (12134): Parameter "OUTDATA_REG_B" = "UNREGISTERED"
    Info (12134): Parameter "ADDRESS_ACLR_B" = "NONE"
    Info (12134): Parameter "OUTDATA_ACLR_B" = "NONE"
    Info (12134): Parameter "ADDRESS_REG_B" = "CLOCK0"
    Info (12134): Parameter "INDATA_ACLR_A" = "NONE"
    Info (12134): Parameter "WRCONTROL_ACLR_A" = "NONE"
Info (12021): Found 1 design units, including 1 entities, in source file db/altsyncram_sgi1.tdf
    Info (12023): Found entity 1: altsyncram_sgi1 File: /build/db/altsyncram_sgi1.tdf Line: 28
Info (12130): Elaborated megafunction instantiation "emu:emu|stream_path:spath|pps_parser:pps|altsyncram:mem_rtl_0"
Info (12133): Instantiated megafunction "emu:emu|stream_path:spath|pps_parser:pps|altsyncram:mem_rtl_0" with the following parameter:
    Info (12134): Parameter "OPERATION_MODE" = "DUAL_PORT"
    Info (12134): Parameter "WIDTH_A" = "8"
    Info (12134): Parameter "WIDTHAD_A" = "5"
    Info (12134): Parameter "NUMWORDS_A" = "24"
    Info (12134): Parameter "WIDTH_B" = "8"
    Info (12134): Parameter "WIDTHAD_B" = "5"
    Info (12134): Parameter "NUMWORDS_B" = "24"
    Info (12134): Parameter "ADDRESS_ACLR_A" = "NONE"
    Info (12134): Parameter "OUTDATA_REG_B" = "UNREGISTERED"
    Info (12134): Parameter "ADDRESS_ACLR_B" = "NONE"
    Info (12134): Parameter "OUTDATA_ACLR_B" = "NONE"
    Info (12134): Parameter "ADDRESS_REG_B" = "CLOCK0"
    Info (12134): Parameter "INDATA_ACLR_A" = "NONE"
    Info (12134): Parameter "WRCONTROL_ACLR_A" = "NONE"
Info (12021): Found 1 design units, including 1 entities, in source file db/altsyncram_egi1.tdf
    Info (12023): Found entity 1: altsyncram_egi1 File: /build/db/altsyncram_egi1.tdf Line: 28
Info (12130): Elaborated megafunction instantiation "ascal:ascal|altsyncram:o_h_poly_mem_rtl_0"
Info (12133): Instantiated megafunction "ascal:ascal|altsyncram:o_h_poly_mem_rtl_0" with the following parameter:
    Info (12134): Parameter "OPERATION_MODE" = "DUAL_PORT"
    Info (12134): Parameter "WIDTH_A" = "40"
    Info (12134): Parameter "WIDTHAD_A" = "8"
    Info (12134): Parameter "NUMWORDS_A" = "256"
    Info (12134): Parameter "WIDTH_B" = "40"
    Info (12134): Parameter "WIDTHAD_B" = "8"
    Info (12134): Parameter "NUMWORDS_B" = "256"
    Info (12134): Parameter "ADDRESS_ACLR_A" = "NONE"
    Info (12134): Parameter "OUTDATA_REG_B" = "UNREGISTERED"
    Info (12134): Parameter "ADDRESS_ACLR_B" = "NONE"
    Info (12134): Parameter "OUTDATA_ACLR_B" = "NONE"
    Info (12134): Parameter "ADDRESS_REG_B" = "CLOCK1"
    Info (12134): Parameter "INDATA_ACLR_A" = "NONE"
    Info (12134): Parameter "WRCONTROL_ACLR_A" = "NONE"
Info (12021): Found 1 design units, including 1 entities, in source file db/altsyncram_o9j1.tdf
    Info (12023): Found entity 1: altsyncram_o9j1 File: /build/db/altsyncram_o9j1.tdf Line: 28
Info (12130): Elaborated megafunction instantiation "altshift_taps:dv_d1_rtl_0"
Info (12133): Instantiated megafunction "altshift_taps:dv_d1_rtl_0" with the following parameter:
    Info (12134): Parameter "NUMBER_OF_TAPS" = "1"
    Info (12134): Parameter "TAP_DISTANCE" = "3"
    Info (12134): Parameter "WIDTH" = "76"
    Info (12134): Parameter "POWER_UP_STATE" = "DONT_CARE"
Info (12021): Found 1 design units, including 1 entities, in source file db/shift_taps_3vu.tdf
    Info (12023): Found entity 1: shift_taps_3vu File: /build/db/shift_taps_3vu.tdf Line: 27
Info (12021): Found 1 design units, including 1 entities, in source file db/altsyncram_vr91.tdf
    Info (12023): Found entity 1: altsyncram_vr91 File: /build/db/altsyncram_vr91.tdf Line: 28
Info (12130): Elaborated megafunction instantiation "ascal:ascal|altsyncram:o_dpram_rtl_0"
Info (12133): Instantiated megafunction "ascal:ascal|altsyncram:o_dpram_rtl_0" with the following parameter:
    Info (12134): Parameter "OPERATION_MODE" = "DUAL_PORT"
    Info (12134): Parameter "WIDTH_A" = "128"
    Info (12134): Parameter "WIDTHAD_A" = "5"
    Info (12134): Parameter "NUMWORDS_A" = "32"
    Info (12134): Parameter "WIDTH_B" = "128"
    Info (12134): Parameter "WIDTHAD_B" = "5"
    Info (12134): Parameter "NUMWORDS_B" = "32"
    Info (12134): Parameter "ADDRESS_ACLR_A" = "NONE"
    Info (12134): Parameter "OUTDATA_REG_B" = "CLOCK1"
    Info (12134): Parameter "ADDRESS_ACLR_B" = "NONE"
    Info (12134): Parameter "OUTDATA_ACLR_B" = "NONE"
    Info (12134): Parameter "ADDRESS_REG_B" = "CLOCK1"
    Info (12134): Parameter "INDATA_ACLR_A" = "NONE"
    Info (12134): Parameter "WRCONTROL_ACLR_A" = "NONE"
Info (12021): Found 1 design units, including 1 entities, in source file db/altsyncram_32k1.tdf
    Info (12023): Found entity 1: altsyncram_32k1 File: /build/db/altsyncram_32k1.tdf Line: 28
Info (12130): Elaborated megafunction instantiation "emu:emu|stream_path:spath|decode_stub:stub|lpm_divide:Mod0" File: /build/rtl/decode_stub.sv Line: 382
Info (12133): Instantiated megafunction "emu:emu|stream_path:spath|decode_stub:stub|lpm_divide:Mod0" with the following parameter: File: /build/rtl/decode_stub.sv Line: 382
    Info (12134): Parameter "LPM_WIDTHN" = "32"
    Info (12134): Parameter "LPM_WIDTHD" = "6"
    Info (12134): Parameter "LPM_NREPRESENTATION" = "UNSIGNED"
    Info (12134): Parameter "LPM_DREPRESENTATION" = "UNSIGNED"
Info (12021): Found 1 design units, including 1 entities, in source file db/lpm_divide_n3m.tdf
    Info (12023): Found entity 1: lpm_divide_n3m File: /build/db/lpm_divide_n3m.tdf Line: 25
Info (12021): Found 1 design units, including 1 entities, in source file db/sign_div_unsign_qlh.tdf
    Info (12023): Found entity 1: sign_div_unsign_qlh File: /build/db/sign_div_unsign_qlh.tdf Line: 25
Info (12021): Found 1 design units, including 1 entities, in source file db/alt_u_div_qve.tdf
    Info (12023): Found entity 1: alt_u_div_qve File: /build/db/alt_u_div_qve.tdf Line: 23
Info (12130): Elaborated megafunction instantiation "emu:emu|stream_path:spath|decode_stub:stub|lpm_divide:Div0" File: /build/rtl/decode_stub.sv Line: 383
Info (12133): Instantiated megafunction "emu:emu|stream_path:spath|decode_stub:stub|lpm_divide:Div0" with the following parameter: File: /build/rtl/decode_stub.sv Line: 383
    Info (12134): Parameter "LPM_WIDTHN" = "32"
    Info (12134): Parameter "LPM_WIDTHD" = "6"
    Info (12134): Parameter "LPM_NREPRESENTATION" = "UNSIGNED"
    Info (12134): Parameter "LPM_DREPRESENTATION" = "UNSIGNED"
Info (12021): Found 1 design units, including 1 entities, in source file db/lpm_divide_kbm.tdf
    Info (12023): Found entity 1: lpm_divide_kbm File: /build/db/lpm_divide_kbm.tdf Line: 25
Info (12130): Elaborated megafunction instantiation "emu:emu|stream_path:spath|decode_stub:stub|h264_dpb_one_ref:u_stream_dpb|lpm_divide:Mod0" File: /build/rtl/h264_dpb.sv Line: 174
Info (12133): Instantiated megafunction "emu:emu|stream_path:spath|decode_stub:stub|h264_dpb_one_ref:u_stream_dpb|lpm_divide:Mod0" with the following parameter: File: /build/rtl/h264_dpb.sv Line: 174
    Info (12134): Parameter "LPM_WIDTHN" = "9"
    Info (12134): Parameter "LPM_WIDTHD" = "4"
    Info (12134): Parameter "LPM_NREPRESENTATION" = "UNSIGNED"
    Info (12134): Parameter "LPM_DREPRESENTATION" = "UNSIGNED"
Info (12021): Found 1 design units, including 1 entities, in source file db/lpm_divide_92m.tdf
    Info (12023): Found entity 1: lpm_divide_92m File: /build/db/lpm_divide_92m.tdf Line: 25
Info (12021): Found 1 design units, including 1 entities, in source file db/sign_div_unsign_ckh.tdf
    Info (12023): Found entity 1: sign_div_unsign_ckh File: /build/db/sign_div_unsign_ckh.tdf Line: 25
Info (12021): Found 1 design units, including 1 entities, in source file db/alt_u_div_use.tdf
    Info (12023): Found entity 1: alt_u_div_use File: /build/db/alt_u_div_use.tdf Line: 23
Info (12130): Elaborated megafunction instantiation "emu:emu|stream_path:spath|decode_stub:stub|h264_dpb_one_ref:u_stream_dpb|lpm_divide:Mod1" File: /build/rtl/h264_dpb.sv Line: 203
Info (12133): Instantiated megafunction "emu:emu|stream_path:spath|decode_stub:stub|h264_dpb_one_ref:u_stream_dpb|lpm_divide:Mod1" with the following parameter: File: /build/rtl/h264_dpb.sv Line: 203
    Info (12134): Parameter "LPM_WIDTHN" = "9"
    Info (12134): Parameter "LPM_WIDTHD" = "5"
    Info (12134): Parameter "LPM_NREPRESENTATION" = "UNSIGNED"
    Info (12134): Parameter "LPM_DREPRESENTATION" = "UNSIGNED"
Info (12021): Found 1 design units, including 1 entities, in source file db/lpm_divide_a2m.tdf
    Info (12023): Found entity 1: lpm_divide_a2m File: /build/db/lpm_divide_a2m.tdf Line: 25
Info (12021): Found 1 design units, including 1 entities, in source file db/sign_div_unsign_dkh.tdf
    Info (12023): Found entity 1: sign_div_unsign_dkh File: /build/db/sign_div_unsign_dkh.tdf Line: 25
Info (12021): Found 1 design units, including 1 entities, in source file db/alt_u_div_0te.tdf
    Info (12023): Found entity 1: alt_u_div_0te File: /build/db/alt_u_div_0te.tdf Line: 23
Info (12130): Elaborated megafunction instantiation "emu:emu|stream_path:spath|decode_stub:stub|h264_dpb_one_ref:u_stream_dpb|lpm_divide:Div0" File: /build/rtl/h264_dpb.sv Line: 175
Info (12133): Instantiated megafunction "emu:emu|stream_path:spath|decode_stub:stub|h264_dpb_one_ref:u_stream_dpb|lpm_divide:Div0" with the following parameter: File: /build/rtl/h264_dpb.sv Line: 175
    Info (12134): Parameter "LPM_WIDTHN" = "9"
    Info (12134): Parameter "LPM_WIDTHD" = "4"
    Info (12134): Parameter "LPM_NREPRESENTATION" = "UNSIGNED"
    Info (12134): Parameter "LPM_DREPRESENTATION" = "UNSIGNED"
Info (12021): Found 1 design units, including 1 entities, in source file db/lpm_divide_6am.tdf
    Info (12023): Found entity 1: lpm_divide_6am File: /build/db/lpm_divide_6am.tdf Line: 25
Info (12130): Elaborated megafunction instantiation "emu:emu|stream_path:spath|decode_stub:stub|h264_dequant4x4:u_h264_dequant4x4|lpm_divide:Div0" File: /build/rtl/h264_iq_idct_4x4.sv Line: 82
Info (12133): Instantiated megafunction "emu:emu|stream_path:spath|decode_stub:stub|h264_dequant4x4:u_h264_dequant4x4|lpm_divide:Div0" with the following parameter: File: /build/rtl/h264_iq_idct_4x4.sv Line: 82
    Info (12134): Parameter "LPM_WIDTHN" = "6"
    Info (12134): Parameter "LPM_WIDTHD" = "3"
    Info (12134): Parameter "LPM_NREPRESENTATION" = "UNSIGNED"
    Info (12134): Parameter "LPM_DREPRESENTATION" = "UNSIGNED"
Info (12021): Found 1 design units, including 1 entities, in source file db/lpm_divide_2am.tdf
    Info (12023): Found entity 1: lpm_divide_2am File: /build/db/lpm_divide_2am.tdf Line: 25
Info (12021): Found 1 design units, including 1 entities, in source file db/sign_div_unsign_8kh.tdf
    Info (12023): Found entity 1: sign_div_unsign_8kh File: /build/db/sign_div_unsign_8kh.tdf Line: 25
Info (12021): Found 1 design units, including 1 entities, in source file db/alt_u_div_mse.tdf
    Info (12023): Found entity 1: alt_u_div_mse File: /build/db/alt_u_div_mse.tdf Line: 23
Info (12130): Elaborated megafunction instantiation "emu:emu|stream_path:spath|decode_stub:stub|h264_dequant4x4:u_h264_dequant4x4|lpm_divide:Mod0" File: /build/rtl/h264_iq_idct_4x4.sv Line: 81
Info (12133): Instantiated megafunction "emu:emu|stream_path:spath|decode_stub:stub|h264_dequant4x4:u_h264_dequant4x4|lpm_divide:Mod0" with the following parameter: File: /build/rtl/h264_iq_idct_4x4.sv Line: 81
    Info (12134): Parameter "LPM_WIDTHN" = "6"
    Info (12134): Parameter "LPM_WIDTHD" = "3"
    Info (12134): Parameter "LPM_NREPRESENTATION" = "UNSIGNED"
    Info (12134): Parameter "LPM_DREPRESENTATION" = "UNSIGNED"
Info (12021): Found 1 design units, including 1 entities, in source file db/lpm_divide_52m.tdf
    Info (12023): Found entity 1: lpm_divide_52m File: /build/db/lpm_divide_52m.tdf Line: 25
Info (12130): Elaborated megafunction instantiation "emu:emu|stream_path:spath|decode_stub:stub|h264_dpb_one_ref:u_stream_dpb|lpm_divide:Div1" File: /build/rtl/h264_dpb.sv Line: 204
Info (12133): Instantiated megafunction "emu:emu|stream_path:spath|decode_stub:stub|h264_dpb_one_ref:u_stream_dpb|lpm_divide:Div1" with the following parameter: File: /build/rtl/h264_dpb.sv Line: 204
    Info (12134): Parameter "LPM_WIDTHN" = "9"
    Info (12134): Parameter "LPM_WIDTHD" = "5"
    Info (12134): Parameter "LPM_NREPRESENTATION" = "UNSIGNED"
    Info (12134): Parameter "LPM_DREPRESENTATION" = "UNSIGNED"
Info (12021): Found 1 design units, including 1 entities, in source file db/lpm_divide_7am.tdf
    Info (12023): Found entity 1: lpm_divide_7am File: /build/db/lpm_divide_7am.tdf Line: 25
Info (12130): Elaborated megafunction instantiation "emu:emu|stream_path:spath|decode_stub:stub|lpm_divide:Mod1" File: /build/rtl/decode_stub.sv Line: 413
Info (12133): Instantiated megafunction "emu:emu|stream_path:spath|decode_stub:stub|lpm_divide:Mod1" with the following parameter: File: /build/rtl/decode_stub.sv Line: 413
    Info (12134): Parameter "LPM_WIDTHN" = "16"
    Info (12134): Parameter "LPM_WIDTHD" = "16"
    Info (12134): Parameter "LPM_NREPRESENTATION" = "UNSIGNED"
    Info (12134): Parameter "LPM_DREPRESENTATION" = "UNSIGNED"
Info (12021): Found 1 design units, including 1 entities, in source file db/lpm_divide_a5m.tdf
    Info (12023): Found entity 1: lpm_divide_a5m File: /build/db/lpm_divide_a5m.tdf Line: 25
Info (12021): Found 1 design units, including 1 entities, in source file db/sign_div_unsign_dnh.tdf
    Info (12023): Found entity 1: sign_div_unsign_dnh File: /build/db/sign_div_unsign_dnh.tdf Line: 25
Info (12021): Found 1 design units, including 1 entities, in source file db/alt_u_div_03f.tdf
    Info (12023): Found entity 1: alt_u_div_03f File: /build/db/alt_u_div_03f.tdf Line: 23
Info (12130): Elaborated megafunction instantiation "emu:emu|stream_path:spath|decode_stub:stub|lpm_divide:Div1" File: /build/rtl/decode_stub.sv Line: 414
Info (12133): Instantiated megafunction "emu:emu|stream_path:spath|decode_stub:stub|lpm_divide:Div1" with the following parameter: File: /build/rtl/decode_stub.sv Line: 414
    Info (12134): Parameter "LPM_WIDTHN" = "16"
    Info (12134): Parameter "LPM_WIDTHD" = "16"
    Info (12134): Parameter "LPM_NREPRESENTATION" = "UNSIGNED"
    Info (12134): Parameter "LPM_DREPRESENTATION" = "UNSIGNED"
Info (12021): Found 1 design units, including 1 entities, in source file db/lpm_divide_7dm.tdf
    Info (12023): Found entity 1: lpm_divide_7dm File: /build/db/lpm_divide_7dm.tdf Line: 25
Warning (12241): 12 hierarchies have connectivity warnings - see the Connectivity Checks report folder
Info (17026): Resynthesizing 0 WYSIWYG logic cells and I/Os using "speed" technology mapper which leaves 7 WYSIWYG logic cells and I/Os untouched
Warning (13050): Open-drain buffer(s) that do not directly drive top-level pin(s) are removed
    Warning (13051): Converted the fanout from the open-drain buffer "emu:emu|SD_SCK" to the node "emu:emu|SD_SCK" into a wire File: /build/sys/emu_ports.vh Line: 92
    Warning (13051): Converted the fanout from the open-drain buffer "emu:emu|SD_MOSI" to the node "emu:emu|SD_MOSI" into a wire File: /build/sys/emu_ports.vh Line: 93
Warning (14284): Synthesized away the following node(s):
    Warning (14285): Synthesized away the following LCELL buffer node(s):
        Warning (14320): Synthesized away node "pll_cfg_hdmi:pll_cfg_hdmi|phase_done" File: /build/sys/pll_cfg/pll_cfg_hdmi.v Line: 165
Warning (13050): Open-drain buffer(s) that do not directly drive top-level pin(s) are removed
    Warning (13051): Converted the fanout from the open-drain buffer "HDMI_I2C_SCL" to the node "hdmi_scl_en" into a wire File: /build/sys/sys_top.v Line: 30
Warning (13024): Output pins are stuck at VCC or GND
    Warning (13410): Pin "SDRAM_A[0]" is stuck at GND File: /build/sys/sys_top.v Line: 47
    Warning (13410): Pin "SDRAM_A[1]" is stuck at GND File: /build/sys/sys_top.v Line: 47
    Warning (13410): Pin "SDRAM_A[2]" is stuck at GND File: /build/sys/sys_top.v Line: 47
    Warning (13410): Pin "SDRAM_A[3]" is stuck at GND File: /build/sys/sys_top.v Line: 47
    Warning (13410): Pin "SDRAM_A[4]" is stuck at GND File: /build/sys/sys_top.v Line: 47
    Warning (13410): Pin "SDRAM_A[5]" is stuck at GND File: /build/sys/sys_top.v Line: 47
    Warning (13410): Pin "SDRAM_A[6]" is stuck at GND File: /build/sys/sys_top.v Line: 47
    Warning (13410): Pin "SDRAM_A[7]" is stuck at GND File: /build/sys/sys_top.v Line: 47
    Warning (13410): Pin "SDRAM_A[8]" is stuck at GND File: /build/sys/sys_top.v Line: 47
    Warning (13410): Pin "SDRAM_A[9]" is stuck at GND File: /build/sys/sys_top.v Line: 47
    Warning (13410): Pin "SDRAM_A[10]" is stuck at GND File: /build/sys/sys_top.v Line: 47
    Warning (13410): Pin "SDRAM_A[11]" is stuck at GND File: /build/sys/sys_top.v Line: 47
    Warning (13410): Pin "SDRAM_A[12]" is stuck at GND File: /build/sys/sys_top.v Line: 47
    Warning (13410): Pin "SDRAM_DQML" is stuck at VCC File: /build/sys/sys_top.v Line: 49
    Warning (13410): Pin "SDRAM_DQMH" is stuck at VCC File: /build/sys/sys_top.v Line: 50
    Warning (13410): Pin "SDRAM_nWE" is stuck at VCC File: /build/sys/sys_top.v Line: 51
    Warning (13410): Pin "SDRAM_nCAS" is stuck at VCC File: /build/sys/sys_top.v Line: 52
    Warning (13410): Pin "SDRAM_nRAS" is stuck at VCC File: /build/sys/sys_top.v Line: 53
    Warning (13410): Pin "SDRAM_nCS" is stuck at VCC File: /build/sys/sys_top.v Line: 54
    Warning (13410): Pin "SDRAM_BA[0]" is stuck at GND File: /build/sys/sys_top.v Line: 55
    Warning (13410): Pin "SDRAM_BA[1]" is stuck at GND File: /build/sys/sys_top.v Line: 55
    Warning (13410): Pin "SDRAM_CLK" is stuck at GND File: /build/sys/sys_top.v Line: 56
    Warning (13410): Pin "SDRAM_CKE" is stuck at GND File: /build/sys/sys_top.v Line: 57
Info (17049): 1950 registers lost all their fanouts during netlist optimizations.
Info (17016): Found the following redundant logic cells in design
    Info (17048): Logic cell "pll_cfg_hdmi:pll_cfg_hdmi|generic_lcell_comb:lcell_dprio_read|combout" File: /build/sys/pll_cfg/altera_pll_reconfig_core.v Line: 2179
    Info (17048): Logic cell "pll_cfg_hdmi:pll_cfg_hdmi|dyn_phase_shift:dyn_phase_shift_inst|generic_lcell_comb:lcell_cnt_sel_0|combout" File: /build/sys/pll_cfg/altera_pll_reconfig_core.v Line: 2179
    Info (17048): Logic cell "pll_cfg_hdmi:pll_cfg_hdmi|dyn_phase_shift:dyn_phase_shift_inst|generic_lcell_comb:lcell_cnt_sel_1|combout" File: /build/sys/pll_cfg/altera_pll_reconfig_core.v Line: 2179
    Info (17048): Logic cell "pll_cfg_hdmi:pll_cfg_hdmi|dyn_phase_shift:dyn_phase_shift_inst|generic_lcell_comb:lcell_cnt_sel_2|combout" File: /build/sys/pll_cfg/altera_pll_reconfig_core.v Line: 2179
    Info (17048): Logic cell "pll_cfg_hdmi:pll_cfg_hdmi|dyn_phase_shift:dyn_phase_shift_inst|generic_lcell_comb:lcell_cnt_sel_3|combout" File: /build/sys/pll_cfg/altera_pll_reconfig_core.v Line: 2179
    Info (17048): Logic cell "pll_cfg_hdmi:pll_cfg_hdmi|dyn_phase_shift:dyn_phase_shift_inst|generic_lcell_comb:lcell_cnt_sel_4|combout" File: /build/sys/pll_cfg/altera_pll_reconfig_core.v Line: 2179
    Info (17048): Logic cell "pll_cfg_hdmi:pll_cfg_hdmi|generic_lcell_comb:lcell_fpll_0_1|combout" File: /build/sys/pll_cfg/altera_pll_reconfig_core.v Line: 2179
    Info (17048): Logic cell "pll_cfg_hdmi:pll_cfg_hdmi|up_dn" File: /build/sys/pll_cfg/pll_cfg_hdmi.v Line: 167
    Info (17048): Logic cell "pll_cfg_hdmi:pll_cfg_hdmi|phase_en" File: /build/sys/pll_cfg/pll_cfg_hdmi.v Line: 166
    Info (17048): Logic cell "pll_cfg_hdmi:pll_cfg_hdmi|dprio_ser_shift_load" File: /build/sys/pll_cfg/pll_cfg_hdmi.v Line: 159
    Info (17048): Logic cell "pll_cfg_hdmi:pll_cfg_hdmi|dyn_phase_shift:dyn_phase_shift_inst|gnd" File: /build/sys/pll_cfg/altera_pll_reconfig_core.v Line: 1919
Info (144001): Generated suppressed messages file /build/output_files/Plex.map.smsg
Info (16010): Generating hard_block partition "hard_block:auto_generated_inst"
    Info (16011): Adding 40 node(s), including 2 DDIO, 3 PLL, 0 transceiver and 0 LCELL
Info (21057): Implemented 42736 device resources after synthesis - the final resource count might be different
    Info (21058): Implemented 16 input pins
    Info (21059): Implemented 97 output pins
    Info (21060): Implemented 32 bidirectional pins
    Info (21061): Implemented 38192 logic cells
    Info (21064): Implemented 4303 RAM segments
    Info (21065): Implemented 3 PLLs
    Info (21062): Implemented 73 DSP elements
Info: Quartus Prime Analysis & Synthesis was successful. 0 errors, 78 warnings
    Info: Peak virtual memory: 4286 megabytes
    Info: Processing ended: Tue Jul 28 00:07:32 2026
    Info: Elapsed time: 00:03:36
    Info: Total CPU time (on all processors): 00:03:59
Info: *******************************************************************
Info: Running Quartus Prime Fitter
    Info: Version 17.0.2 Build 602 07/19/2017 SJ Lite Edition
    Info: Processing started: Tue Jul 28 00:07:33 2026
Info: Command: quartus_fit --read_settings_files=off --write_settings_files=off Plex -c Plex
Info: qfit2_default_script.tcl version: #1
Info: Project  = Plex
Info: Revision = Plex
Info (16303): High Performance Effort optimization mode selected -- timing performance will be prioritized at the potential cost of increased compilation time
Info (20032): Parallel compilation is enabled and will use up to 2 processors
Info (119006): Selected device 5CSEBA6U23I7 for design "Plex"
Info (21077): Low junction temperature is -40 degrees C
Info (21077): High junction temperature is 100 degrees C
Info (171004): Fitter is performing a Standard Fit compilation using maximum Fitter effort to optimize design performance
Warning (292013): Feature LogicLock is only available with a valid subscription license. You can purchase a software subscription to gain full access to this feature.
Info (176045): Design uses memory blocks. Violating setup or hold times of memory block address registers for either read or write operations could cause memory contents to be corrupted. Make sure that all memory block address registers meet the setup and hold time requirements.
Info (184020): Starting Fitter periphery placement operations
Info (11178): Promoted 9 clocks (8 global, 1 regional)
    Info (11162): aspi_sck~CLKENA0 with 129 fanout uses regional clock CLKCTRL_R2
        Info (11177): Node drives Regional Clock Region 0 from (0, 37) to (51, 81)
    Info (11162): sysmem_lite:sysmem|sysmem_HPS_fpga_interfaces:fpga_interfaces|h2f_rst_n[0]~CLKENA0 with 183 fanout uses global clock CLKCTRL_G9
    Info (11162): sysmem_lite:sysmem|sysmem_HPS_fpga_interfaces:fpga_interfaces|h2f_user0_clk[0]~CLKENA0 with 937 fanout uses global clock CLKCTRL_G12
    Info (11162): hdmi_tx_clk~CLKENA0 with 84 fanout uses global clock CLKCTRL_G5
    Info (11162): vga_tx_clk~CLKENA0 with 3 fanout uses global clock CLKCTRL_G6
    Info (11162): pll_audio:pll_audio|pll_audio_0002:pll_audio_inst|altera_pll:altera_pll_i|outclk_wire[0]~CLKENA0 with 1871 fanout uses global clock CLKCTRL_G14
    Info (11162): emu:emu|pll:pll|pll_0002:pll_inst|altera_pll:altera_pll_i|outclk_wire[0]~CLKENA0 with 12331 fanout uses global clock CLKCTRL_G4
    Info (11162): emu:emu|pll:pll|pll_0002:pll_inst|altera_pll:altera_pll_i|outclk_wire[2]~CLKENA0 with 4813 fanout uses global clock CLKCTRL_G8
Info (11191): Automatically promoted 2 clocks (2 global)
    Info (11162): FPGA_CLK1_50~inputCLKENA0 with 705 fanout uses global clock CLKCTRL_G2
    Info (11162): FPGA_CLK2_50~inputCLKENA0 with 189 fanout uses global clock CLKCTRL_G0
Info (184021): Fitter periphery placement operations ending: elapsed time is 00:00:00
Info (332164): Evaluating HDL-embedded SDC commands
    Info (332165): Entity altera_std_synchronizer
        Info (332166): set_false_path -to [get_keepers {*altera_std_synchronizer:*|din_s1}]
Info (332104): Reading SDC File: 'sys/sys_top.sdc'
Info (332110): Deriving PLL clocks
    Info (332110): create_generated_clock -source {pll_audio|pll_audio_inst|altera_pll_i|general[0].gpll~FRACTIONAL_PLL|refclkin} -divide_by 512 -multiply_by 4279 -duty_cycle 50.00 -name {pll_audio|pll_audio_inst|altera_pll_i|general[0].gpll~FRACTIONAL_PLL|vcoph[0]} {pll_audio|pll_audio_inst|altera_pll_i|general[0].gpll~FRACTIONAL_PLL|vcoph[0]}
    Info (332110): create_generated_clock -source {pll_audio|pll_audio_inst|altera_pll_i|general[0].gpll~PLL_OUTPUT_COUNTER|vco0ph[0]} -divide_by 17 -duty_cycle 50.00 -name {pll_audio|pll_audio_inst|altera_pll_i|general[0].gpll~PLL_OUTPUT_COUNTER|divclk} {pll_audio|pll_audio_inst|altera_pll_i|general[0].gpll~PLL_OUTPUT_COUNTER|divclk}
    Info (332110): create_generated_clock -source {emu|pll|pll_inst|altera_pll_i|general[0].gpll~FRACTIONAL_PLL|refclkin} -divide_by 5 -multiply_by 36 -duty_cycle 50.00 -name {emu|pll|pll_inst|altera_pll_i|general[0].gpll~FRACTIONAL_PLL|vcoph[0]} {emu|pll|pll_inst|altera_pll_i|general[0].gpll~FRACTIONAL_PLL|vcoph[0]}
    Info (332110): create_generated_clock -source {emu|pll|pll_inst|altera_pll_i|general[0].gpll~PLL_OUTPUT_COUNTER|vco0ph[0]} -divide_by 18 -duty_cycle 50.00 -name {emu|pll|pll_inst|altera_pll_i|general[0].gpll~PLL_OUTPUT_COUNTER|divclk} {emu|pll|pll_inst|altera_pll_i|general[0].gpll~PLL_OUTPUT_COUNTER|divclk}
    Info (332110): create_generated_clock -source {emu|pll|pll_inst|altera_pll_i|general[2].gpll~PLL_OUTPUT_COUNTER|vco0ph[0]} -divide_by 4 -duty_cycle 50.00 -name {emu|pll|pll_inst|altera_pll_i|general[2].gpll~PLL_OUTPUT_COUNTER|divclk} {emu|pll|pll_inst|altera_pll_i|general[2].gpll~PLL_OUTPUT_COUNTER|divclk}
Info (332151): Clock uncertainty is not calculated until you update the timing netlist.
Info (332104): Reading SDC File: 'Plex.sdc'
Info (332151): Clock uncertainty is not calculated until you update the timing netlist.
Info (332097): The following timing edges are non-unate.  TimeQuest will assume pos-unate behavior for these edges in the clock network.
    Info (332098): Cell: emu|pll|pll_inst|altera_pll_i|general[0].gpll~FRACTIONAL_PLL  from: refclkin  to: fbclk
    Info (332098): Cell: emu|pll|pll_inst|altera_pll_i|general[0].gpll~PLL_OUTPUT_COUNTER  from: vco0ph[0]  to: divclk
    Info (332098): Cell: emu|pll|pll_inst|altera_pll_i|general[0].gpll~PLL_REFCLK_SELECT  from: clkin[0]  to: clkout
    Info (332098): Cell: emu|pll|pll_inst|altera_pll_i|general[2].gpll~PLL_OUTPUT_COUNTER  from: vco0ph[0]  to: divclk
    Info (332098): Cell: pll_audio|pll_audio_inst|altera_pll_i|general[0].gpll~FRACTIONAL_PLL  from: refclkin  to: fbclk
    Info (332098): Cell: pll_audio|pll_audio_inst|altera_pll_i|general[0].gpll~PLL_OUTPUT_COUNTER  from: vco0ph[0]  to: divclk
    Info (332098): Cell: pll_audio|pll_audio_inst|altera_pll_i|general[0].gpll~PLL_REFCLK_SELECT  from: clkin[0]  to: clkout
    Info (332098): From: sysmem|fpga_interfaces|f2sdram|cmd_port_clk_0  to: sysmem_lite:sysmem|sysmem_HPS_fpga_interfaces:fpga_interfaces|f2sdram~FF_762
    Info (332098): From: sysmem|fpga_interfaces|f2sdram|cmd_port_clk_1  to: sysmem_lite:sysmem|sysmem_HPS_fpga_interfaces:fpga_interfaces|f2sdram~FF_827
    Info (332098): From: sysmem|fpga_interfaces|f2sdram|cmd_port_clk_2  to: sysmem_lite:sysmem|sysmem_HPS_fpga_interfaces:fpga_interfaces|f2sdram~FF_920
    Info (332098): From: sysmem|fpga_interfaces|f2sdram|rd_clk_0  to: sysmem_lite:sysmem|sysmem_HPS_fpga_interfaces:fpga_interfaces|f2sdram~FF_7
    Info (332098): From: sysmem|fpga_interfaces|f2sdram|rd_clk_1  to: sysmem_lite:sysmem|sysmem_HPS_fpga_interfaces:fpga_interfaces|f2sdram~FF_6
    Info (332098): From: sysmem|fpga_interfaces|f2sdram|rd_clk_2  to: sysmem_lite:sysmem|sysmem_HPS_fpga_interfaces:fpga_interfaces|f2sdram~FF_5
    Info (332098): From: sysmem|fpga_interfaces|f2sdram|rd_clk_3  to: sysmem_lite:sysmem|sysmem_HPS_fpga_interfaces:fpga_interfaces|f2sdram~FF_4
    Info (332098): From: sysmem|fpga_interfaces|f2sdram|wr_clk_0  to: sysmem_lite:sysmem|sysmem_HPS_fpga_interfaces:fpga_interfaces|f2sdram~FF_3
    Info (332098): From: sysmem|fpga_interfaces|f2sdram|wr_clk_1  to: sysmem_lite:sysmem|sysmem_HPS_fpga_interfaces:fpga_interfaces|f2sdram~FF_2
    Info (332098): From: sysmem|fpga_interfaces|f2sdram|wr_clk_2  to: sysmem_lite:sysmem|sysmem_HPS_fpga_interfaces:fpga_interfaces|f2sdram~FF_1
    Info (332098): From: sysmem|fpga_interfaces|f2sdram|wr_clk_3  to: sysmem_lite:sysmem|sysmem_HPS_fpga_interfaces:fpga_interfaces|f2sdram~FF_0
Info (332123): Deriving Clock Uncertainty. Please refer to report_sdc in TimeQuest to see clock uncertainties.
Info (332129): Detected timing requirements -- optimizing circuit to achieve only the specified requirements
Info (332111): Found 13 clocks
    Info (332111):   Period   Clock Name
    Info (332111): ======== ============
    Info (332111):    2.777 emu|pll|pll_inst|altera_pll_i|general[0].gpll~FRACTIONAL_PLL|vcoph[0]
    Info (332111):   50.000 emu|pll|pll_inst|altera_pll_i|general[0].gpll~PLL_OUTPUT_COUNTER|divclk
    Info (332111):   11.111 emu|pll|pll_inst|altera_pll_i|general[2].gpll~PLL_OUTPUT_COUNTER|divclk
    Info (332111):   20.000 FPGA_CLK1_50
    Info (332111):   20.000 FPGA_CLK2_50
    Info (332111):   20.000 FPGA_CLK3_50
    Info (332111):  100.000     hdmi_sck
    Info (332111):    2.393 pll_audio|pll_audio_inst|altera_pll_i|general[0].gpll~FRACTIONAL_PLL|vcoph[0]
    Info (332111):   40.682 pll_audio|pll_audio_inst|altera_pll_i|general[0].gpll~PLL_OUTPUT_COUNTER|divclk
    Info (332111):   10.000      spi_sck
    Info (332111):   10.000 sysmem|fpga_interfaces|clocks_resets|h2f_user0_clk
Info (176233): Starting register packing
Warning (176250): Ignoring invalid fast I/O register assignments. See the Ignored Assignments panel in the Fitter Compilation Report for more information.
Info (176235): Finished register packing
    Extra Info (176218): Packed 51 registers into blocks of type Block RAM
    Extra Info (176218): Packed 1336 registers into blocks of type DSP block
    Extra Info (176218): Packed 27 registers into blocks of type I/O output buffer
    Extra Info (176220): Created 700 register duplicates
Info (128000): Starting physical synthesis optimizations for speed
Info (128002): Starting physical synthesis algorithm register retiming
Info (128003): Physical synthesis algorithm register retiming complete: estimated slack improvement of 0 ps
Info (128002): Starting physical synthesis algorithm combinational resynthesis using boolean division
Info (128003): Physical synthesis algorithm combinational resynthesis using boolean division complete: estimated slack improvement of 0 ps
Info (128002): Starting physical synthesis algorithm register retiming
Info (128003): Physical synthesis algorithm register retiming complete: estimated slack improvement of 0 ps
Info (128002): Starting physical synthesis algorithm combinational resynthesis using boolean division
Info (128003): Physical synthesis algorithm combinational resynthesis using boolean division complete: estimated slack improvement of 0 ps
Info (128001): Physical synthesis optimizations for speed complete: elapsed time is 00:00:40
Info (176233): Starting register packing
Info (176235): Finished register packing
    Extra Info (176218): Packed 228 registers into blocks of type DSP block
    Extra Info (176220): Created 156 register duplicates
Info (11798): Fitter preparation operations ending: elapsed time is 00:01:06
Info (170189): Fitter placement preparation operations beginning
Info (14951): The Fitter is using Advanced Physical Optimization.
Info (170190): Fitter placement preparation operations ending: elapsed time is 00:00:51
Info (170191): Fitter placement operations beginning
Info (170137): Fitter placement was successful
Info (170192): Fitter placement operations ending: elapsed time is 00:01:49
Info (170193): Fitter routing operations beginning
Info (170195): Router estimated average interconnect usage is 19% of the available device resources
    Info (170196): Router estimated peak interconnect usage is 34% of the available device resources in the region that extends from location X11_Y35 to location X21_Y45
Info (170194): Fitter routing operations ending: elapsed time is 00:01:42
Info (11888): Total time spent on timing analysis during the Fitter is 72.00 seconds.
Info (334003): Started post-fitting delay annotation
Info (334004): Delay annotation completed successfully
Info (334003): Started post-fitting delay annotation
Info (334004): Delay annotation completed successfully
Info (11801): Fitter post-fit operations ending: elapsed time is 00:00:59
Warning (171167): Found invalid Fitter assignments. See the Ignored Assignments panel in the Fitter Compilation Report for more information.
Warning (169064): Following 20 pins have no output enable or a GND or VCC output enable - later changes to this connectivity may change fitting results
    Info (169065): Pin SDRAM_DQ[0] has a permanently disabled output enable File: /build/sys/sys_top.v Line: 48
    Info (169065): Pin SDRAM_DQ[1] has a permanently disabled output enable File: /build/sys/sys_top.v Line: 48
    Info (169065): Pin SDRAM_DQ[2] has a permanently disabled output enable File: /build/sys/sys_top.v Line: 48
    Info (169065): Pin SDRAM_DQ[3] has a permanently disabled output enable File: /build/sys/sys_top.v Line: 48
    Info (169065): Pin SDRAM_DQ[4] has a permanently disabled output enable File: /build/sys/sys_top.v Line: 48
    Info (169065): Pin SDRAM_DQ[5] has a permanently disabled output enable File: /build/sys/sys_top.v Line: 48
    Info (169065): Pin SDRAM_DQ[6] has a permanently disabled output enable File: /build/sys/sys_top.v Line: 48
    Info (169065): Pin SDRAM_DQ[7] has a permanently disabled output enable File: /build/sys/sys_top.v Line: 48
    Info (169065): Pin SDRAM_DQ[8] has a permanently disabled output enable File: /build/sys/sys_top.v Line: 48
    Info (169065): Pin SDRAM_DQ[9] has a permanently disabled output enable File: /build/sys/sys_top.v Line: 48
    Info (169065): Pin SDRAM_DQ[10] has a permanently disabled output enable File: /build/sys/sys_top.v Line: 48
    Info (169065): Pin SDRAM_DQ[11] has a permanently disabled output enable File: /build/sys/sys_top.v Line: 48
    Info (169065): Pin SDRAM_DQ[12] has a permanently disabled output enable File: /build/sys/sys_top.v Line: 48
    Info (169065): Pin SDRAM_DQ[13] has a permanently disabled output enable File: /build/sys/sys_top.v Line: 48
    Info (169065): Pin SDRAM_DQ[14] has a permanently disabled output enable File: /build/sys/sys_top.v Line: 48
    Info (169065): Pin SDRAM_DQ[15] has a permanently disabled output enable File: /build/sys/sys_top.v Line: 48
    Info (169065): Pin USER_IO[0] has a permanently disabled output enable File: /build/sys/sys_top.v Line: 125
    Info (169065): Pin USER_IO[1] has a permanently disabled output enable File: /build/sys/sys_top.v Line: 125
    Info (169065): Pin USER_IO[3] has a permanently disabled output enable File: /build/sys/sys_top.v Line: 125
    Info (169065): Pin USER_IO[6] has a permanently disabled output enable File: /build/sys/sys_top.v Line: 125
Info (144001): Generated suppressed messages file /build/output_files/Plex.fit.smsg
Info: Quartus Prime Fitter was successful. 0 errors, 4 warnings
    Info: Peak virtual memory: 3557 megabytes
    Info: Processing ended: Tue Jul 28 00:15:30 2026
    Info: Elapsed time: 00:07:57
    Info: Total CPU time (on all processors): 00:12:17
Info: *******************************************************************
Info: Running Quartus Prime Assembler
    Info: Version 17.0.2 Build 602 07/19/2017 SJ Lite Edition
    Info: Processing started: Tue Jul 28 00:15:31 2026
Info: Command: quartus_asm --read_settings_files=off --write_settings_files=off Plex -c Plex
Info (115030): Assembler is generating device programming files
Info: Quartus Prime Assembler was successful. 0 errors, 0 warnings
    Info: Peak virtual memory: 1722 megabytes
    Info: Processing ended: Tue Jul 28 00:15:41 2026
    Info: Elapsed time: 00:00:10
    Info: Total CPU time (on all processors): 00:00:10
Info (293026): Skipped module PowerPlay Power Analyzer due to the assignment FLOW_ENABLE_POWER_ANALYZER
Info: *******************************************************************
Info: Running Quartus Prime TimeQuest Timing Analyzer
    Info: Version 17.0.2 Build 602 07/19/2017 SJ Lite Edition
    Info: Processing started: Tue Jul 28 00:15:42 2026
Info: Command: quartus_sta Plex -c Plex
Info: qsta_default_script.tcl version: #1
Info (20032): Parallel compilation is enabled and will use up to 2 processors
Info (21077): Low junction temperature is -40 degrees C
Info (21077): High junction temperature is 100 degrees C
Info (332164): Evaluating HDL-embedded SDC commands
    Info (332165): Entity altera_std_synchronizer
        Info (332166): set_false_path -to [get_keepers {*altera_std_synchronizer:*|din_s1}]
Info (332104): Reading SDC File: 'sys/sys_top.sdc'
Info (332110): Deriving PLL clocks
    Info (332110): create_generated_clock -source {pll_audio|pll_audio_inst|altera_pll_i|general[0].gpll~FRACTIONAL_PLL|refclkin} -divide_by 512 -multiply_by 4279 -duty_cycle 50.00 -name {pll_audio|pll_audio_inst|altera_pll_i|general[0].gpll~FRACTIONAL_PLL|vcoph[0]} {pll_audio|pll_audio_inst|altera_pll_i|general[0].gpll~FRACTIONAL_PLL|vcoph[0]}
    Info (332110): create_generated_clock -source {pll_audio|pll_audio_inst|altera_pll_i|general[0].gpll~PLL_OUTPUT_COUNTER|vco0ph[0]} -divide_by 17 -duty_cycle 50.00 -name {pll_audio|pll_audio_inst|altera_pll_i|general[0].gpll~PLL_OUTPUT_COUNTER|divclk} {pll_audio|pll_audio_inst|altera_pll_i|general[0].gpll~PLL_OUTPUT_COUNTER|divclk}
    Info (332110): create_generated_clock -source {emu|pll|pll_inst|altera_pll_i|general[0].gpll~FRACTIONAL_PLL|refclkin} -divide_by 5 -multiply_by 36 -duty_cycle 50.00 -name {emu|pll|pll_inst|altera_pll_i|general[0].gpll~FRACTIONAL_PLL|vcoph[0]} {emu|pll|pll_inst|altera_pll_i|general[0].gpll~FRACTIONAL_PLL|vcoph[0]}
    Info (332110): create_generated_clock -source {emu|pll|pll_inst|altera_pll_i|general[0].gpll~PLL_OUTPUT_COUNTER|vco0ph[0]} -divide_by 18 -duty_cycle 50.00 -name {emu|pll|pll_inst|altera_pll_i|general[0].gpll~PLL_OUTPUT_COUNTER|divclk} {emu|pll|pll_inst|altera_pll_i|general[0].gpll~PLL_OUTPUT_COUNTER|divclk}
    Info (332110): create_generated_clock -source {emu|pll|pll_inst|altera_pll_i|general[2].gpll~PLL_OUTPUT_COUNTER|vco0ph[0]} -divide_by 4 -duty_cycle 50.00 -name {emu|pll|pll_inst|altera_pll_i|general[2].gpll~PLL_OUTPUT_COUNTER|divclk} {emu|pll|pll_inst|altera_pll_i|general[2].gpll~PLL_OUTPUT_COUNTER|divclk}
Info (332151): Clock uncertainty is not calculated until you update the timing netlist.
Info (332104): Reading SDC File: 'Plex.sdc'
Info (332151): Clock uncertainty is not calculated until you update the timing netlist.
Info (332097): The following timing edges are non-unate.  TimeQuest will assume pos-unate behavior for these edges in the clock network.
    Info (332098): Cell: emu|pll|pll_inst|altera_pll_i|general[0].gpll~FRACTIONAL_PLL  from: refclkin  to: fbclk
    Info (332098): Cell: emu|pll|pll_inst|altera_pll_i|general[0].gpll~PLL_OUTPUT_COUNTER  from: vco0ph[0]  to: divclk
    Info (332098): Cell: emu|pll|pll_inst|altera_pll_i|general[0].gpll~PLL_REFCLK_SELECT  from: clkin[0]  to: clkout
    Info (332098): Cell: emu|pll|pll_inst|altera_pll_i|general[2].gpll~PLL_OUTPUT_COUNTER  from: vco0ph[0]  to: divclk
    Info (332098): Cell: pll_audio|pll_audio_inst|altera_pll_i|general[0].gpll~FRACTIONAL_PLL  from: refclkin  to: fbclk
    Info (332098): Cell: pll_audio|pll_audio_inst|altera_pll_i|general[0].gpll~PLL_OUTPUT_COUNTER  from: vco0ph[0]  to: divclk
    Info (332098): Cell: pll_audio|pll_audio_inst|altera_pll_i|general[0].gpll~PLL_REFCLK_SELECT  from: clkin[0]  to: clkout
    Info (332098): From: sysmem|fpga_interfaces|f2sdram|cmd_port_clk_0  to: sysmem_lite:sysmem|sysmem_HPS_fpga_interfaces:fpga_interfaces|f2sdram~FF_762
    Info (332098): From: sysmem|fpga_interfaces|f2sdram|cmd_port_clk_1  to: sysmem_lite:sysmem|sysmem_HPS_fpga_interfaces:fpga_interfaces|f2sdram~FF_827
    Info (332098): From: sysmem|fpga_interfaces|f2sdram|cmd_port_clk_2  to: sysmem_lite:sysmem|sysmem_HPS_fpga_interfaces:fpga_interfaces|f2sdram~FF_920
    Info (332098): From: sysmem|fpga_interfaces|f2sdram|rd_clk_0  to: sysmem_lite:sysmem|sysmem_HPS_fpga_interfaces:fpga_interfaces|f2sdram~FF_7
    Info (332098): From: sysmem|fpga_interfaces|f2sdram|rd_clk_1  to: sysmem_lite:sysmem|sysmem_HPS_fpga_interfaces:fpga_interfaces|f2sdram~FF_6
    Info (332098): From: sysmem|fpga_interfaces|f2sdram|rd_clk_2  to: sysmem_lite:sysmem|sysmem_HPS_fpga_interfaces:fpga_interfaces|f2sdram~FF_5
    Info (332098): From: sysmem|fpga_interfaces|f2sdram|rd_clk_3  to: sysmem_lite:sysmem|sysmem_HPS_fpga_interfaces:fpga_interfaces|f2sdram~FF_4
    Info (332098): From: sysmem|fpga_interfaces|f2sdram|wr_clk_0  to: sysmem_lite:sysmem|sysmem_HPS_fpga_interfaces:fpga_interfaces|f2sdram~FF_3
    Info (332098): From: sysmem|fpga_interfaces|f2sdram|wr_clk_1  to: sysmem_lite:sysmem|sysmem_HPS_fpga_interfaces:fpga_interfaces|f2sdram~FF_2
    Info (332098): From: sysmem|fpga_interfaces|f2sdram|wr_clk_2  to: sysmem_lite:sysmem|sysmem_HPS_fpga_interfaces:fpga_interfaces|f2sdram~FF_1
    Info (332098): From: sysmem|fpga_interfaces|f2sdram|wr_clk_3  to: sysmem_lite:sysmem|sysmem_HPS_fpga_interfaces:fpga_interfaces|f2sdram~FF_0
Info (332123): Deriving Clock Uncertainty. Please refer to report_sdc in TimeQuest to see clock uncertainties.
Info: Found TIMEQUEST_REPORT_SCRIPT_INCLUDE_DEFAULT_ANALYSIS = ON
Info (332146): Worst-case setup slack is 0.225
    Info (332119):     Slack       End Point TNS Clock 
    Info (332119): ========= =================== =====================
    Info (332119):     0.225               0.000 emu|pll|pll_inst|altera_pll_i|general[2].gpll~PLL_OUTPUT_COUNTER|divclk 
    Info (332119):     0.978               0.000 emu|pll|pll_inst|altera_pll_i|general[0].gpll~PLL_OUTPUT_COUNTER|divclk 
    Info (332119):     3.115               0.000 sysmem|fpga_interfaces|clocks_resets|h2f_user0_clk 
    Info (332119):     4.416               0.000 spi_sck 
    Info (332119):     7.950               0.000 FPGA_CLK1_50 
    Info (332119):    12.816               0.000 FPGA_CLK2_50 
    Info (332119):    13.847               0.000 pll_audio|pll_audio_inst|altera_pll_i|general[0].gpll~PLL_OUTPUT_COUNTER|divclk 
Info (332146): Worst-case hold slack is 0.244
    Info (332119):     Slack       End Point TNS Clock 
    Info (332119): ========= =================== =====================
    Info (332119):     0.244               0.000 emu|pll|pll_inst|altera_pll_i|general[0].gpll~PLL_OUTPUT_COUNTER|divclk 
    Info (332119):     0.257               0.000 pll_audio|pll_audio_inst|altera_pll_i|general[0].gpll~PLL_OUTPUT_COUNTER|divclk 
    Info (332119):     0.313               0.000 spi_sck 
    Info (332119):     0.349               0.000 emu|pll|pll_inst|altera_pll_i|general[2].gpll~PLL_OUTPUT_COUNTER|divclk 
    Info (332119):     0.364               0.000 sysmem|fpga_interfaces|clocks_resets|h2f_user0_clk 
    Info (332119):     0.416               0.000 FPGA_CLK1_50 
    Info (332119):     0.417               0.000 FPGA_CLK2_50 
Info (332146): Worst-case recovery slack is 0.633
    Info (332119):     Slack       End Point TNS Clock 
    Info (332119): ========= =================== =====================
    Info (332119):     0.633               0.000 emu|pll|pll_inst|altera_pll_i|general[2].gpll~PLL_OUTPUT_COUNTER|divclk 
    Info (332119):     6.608               0.000 sysmem|fpga_interfaces|clocks_resets|h2f_user0_clk 
    Info (332119):    14.916               0.000 FPGA_CLK1_50 
    Info (332119):    47.596               0.000 emu|pll|pll_inst|altera_pll_i|general[0].gpll~PLL_OUTPUT_COUNTER|divclk 
Info (332146): Worst-case removal slack is 1.114
    Info (332119):     Slack       End Point TNS Clock 
    Info (332119): ========= =================== =====================
    Info (332119):     1.215               0.000 FPGA_CLK1_50 
    Info (332119):     1.702               0.000 emu|pll|pll_inst|altera_pll_i|general[0].gpll~PLL_OUTPUT_COUNTER|divclk 
    Info (332119):     1.706               0.000 sysmem|fpga_interfaces|clocks_resets|h2f_user0_clk 
    Info (332119):     2.198               0.000 emu|pll|pll_inst|altera_pll_i|general[2].gpll~PLL_OUTPUT_COUNTER|divclk 
Info (332146): Worst-case minimum pulse width slack is 1.122
    Info (332119):     Slack       End Point TNS Clock 
    Info (332119): ========= =================== =====================
    Info (332119):     1.196               0.000 pll_audio|pll_audio_inst|altera_pll_i|general[0].gpll~FRACTIONAL_PLL|vcoph[0] 
    Info (332119):     1.388               0.000 emu|pll|pll_inst|altera_pll_i|general[0].gpll~FRACTIONAL_PLL|vcoph[0] 
    Info (332119):     3.600               0.000 sysmem|fpga_interfaces|clocks_resets|h2f_user0_clk 
    Info (332119):     4.107               0.000 emu|pll|pll_inst|altera_pll_i|general[2].gpll~PLL_OUTPUT_COUNTER|divclk 
    Info (332119):     4.206               0.000 spi_sck 
    Info (332119):     9.209               0.000 FPGA_CLK1_50 
    Info (332119):     9.217               0.000 FPGA_CLK2_50 
    Info (332119):     9.730               0.000 FPGA_CLK3_50 
    Info (332119):    18.913               0.000 pll_audio|pll_audio_inst|altera_pll_i|general[0].gpll~PLL_OUTPUT_COUNTER|divclk 
    Info (332119):    23.562               0.000 emu|pll|pll_inst|altera_pll_i|general[0].gpll~PLL_OUTPUT_COUNTER|divclk 
Info (332114): Report Metastability: Found 420 synchronizer chains.
    Info (332114): Worst-Case MTBF of Design is 1e+09 years or 3.15e+16 seconds.
    Info (332114): Typical MTBF of Design is 1e+09 years or 3.15e+16 seconds.

    Info (332114): Number of Synchronizer Chains Found: 420
    Info (332114): Shortest Synchronizer Chain: 2 Registers
    Info (332114): Fraction of Chains for which MTBFs Could Not be Calculated: 0.990
    Info (332114): Worst Case Available Settling Time: 3.463 ns
    Info (332114): Worst-Case MTBF values are calculated based on the worst-case silicon characteristics, with worst-case operating conditions.
    Info (332114):   - Under worst-case conditions, an increase of 100ps in available settling time will increase MTBF values by a factor of 8.0
    Info (332114): Typical MTBF values are calculated based on the nominal silicon characteristics, at nominal operating conditions.
    Info (332114):   - Under typical conditions, an increase of 100ps in available settling time will increase MTBF values by a factor of 17.8
Info (332102): Design is not fully constrained for setup requirements
Info (332102): Design is not fully constrained for hold requirements
Info: Quartus Prime TimeQuest Timing Analyzer was successful. 0 errors, 0 warnings
    Info: Peak virtual memory: 1617 megabytes
    Info: Processing ended: Tue Jul 28 00:15:48 2026
    Info: Elapsed time: 00:00:06
    Info: Total CPU time (on all processors): 00:00:07
Info (293000): Quartus Prime Full Compilation was successful. 0 errors, 82 warnings
Info (23030): Evaluation of Tcl script /opt/intelFPGA/quartus/common/tcl/internal/qsh_flow.tcl was successful
Info: Quartus Prime Shell was successful. 0 errors, 82 warnings
    Info: Peak virtual memory: 818 megabytes
    Info: Processing ended: Tue Jul 28 00:15:48 2026
    Info: Elapsed time: 00:11:54
    Info: Total CPU time (on all processors): 00:16:35
