REAL_REF_MEASURE source_sha=a14f9faff51787ae5a405c44ce9bc235fb0f7505-dirty
REAL_REF_MEASURE pre-register HEADLINE: intra=0/300 inter=0/3300 (chroma stub floors Y+U+V mb_exact)
REAL_REF_MEASURE pre-register LUMA: intra_y_mb=225..245/300 intra_y_px=60000..65000/76800 (I16 AC skip_dc + combined DC+AC idct)
%Warning-WIDTHEXPAND: /home/flynnsbit/Projects/MisterPlex/.worktrees/rtl-real-ref-measure/fpga/Plex_MiSTer/rtl/h264_intra_pred.sv:189:56: Operator SUB expects 32 bits on the LHS, but LHS's SIGNED generates 9 bits.
                                                                                                                                        : ... note: In instance 'stream_path_full_frame_tb.dut.stub.u_i_res_sink.u_i16'
  189 |    ht[gi] = (gi + 1) * ($signed({1'b0, above[8 + gi]}) - ((gi == 7) ? $signed({1'b0, top_left}) : $signed({1'b0, above[6 - gi]})));
      |                                                        ^
                      ... For warning description see https://verilator.org/warn/WIDTHEXPAND?v=5.051
                      ... Use "/* verilator lint_off WIDTHEXPAND */" and lint_on around source to disable this message.
%Warning-WIDTHEXPAND: /home/flynnsbit/Projects/MisterPlex/.worktrees/rtl-real-ref-measure/fpga/Plex_MiSTer/rtl/h264_intra_pred.sv:189:69: Operator COND expects 32 bits on the Conditional True, but Conditional True's SIGNED generates 9 bits.
                                                                                                                                        : ... note: In instance 'stream_path_full_frame_tb.dut.stub.u_i_res_sink.u_i16'
  189 |    ht[gi] = (gi + 1) * ($signed({1'b0, above[8 + gi]}) - ((gi == 7) ? $signed({1'b0, top_left}) : $signed({1'b0, above[6 - gi]})));
      |                                                                     ^
%Warning-WIDTHEXPAND: /home/flynnsbit/Projects/MisterPlex/.worktrees/rtl-real-ref-measure/fpga/Plex_MiSTer/rtl/h264_intra_pred.sv:189:69: Operator COND expects 32 bits on the Conditional False, but Conditional False's SIGNED generates 9 bits.
                                                                                                                                        : ... note: In instance 'stream_path_full_frame_tb.dut.stub.u_i_res_sink.u_i16'
  189 |    ht[gi] = (gi + 1) * ($signed({1'b0, above[8 + gi]}) - ((gi == 7) ? $signed({1'b0, top_left}) : $signed({1'b0, above[6 - gi]})));
      |                                                                     ^
%Warning-WIDTHEXPAND: /home/flynnsbit/Projects/MisterPlex/.worktrees/rtl-real-ref-measure/fpga/Plex_MiSTer/rtl/h264_intra_pred.sv:190:56: Operator SUB expects 32 bits on the LHS, but LHS's SIGNED generates 9 bits.
                                                                                                                                        : ... note: In instance 'stream_path_full_frame_tb.dut.stub.u_i_res_sink.u_i16'
  190 |    vt[gi] = (gi + 1) * ($signed({1'b0, left[8 + gi]})  - ((gi == 7) ? $signed({1'b0, top_left}) : $signed({1'b0, left[6 - gi]})));
      |                                                        ^
%Warning-WIDTHEXPAND: /home/flynnsbit/Projects/MisterPlex/.worktrees/rtl-real-ref-measure/fpga/Plex_MiSTer/rtl/h264_intra_pred.sv:190:69: Operator COND expects 32 bits on the Conditional True, but Conditional True's SIGNED generates 9 bits.
                                                                                                                                        : ... note: In instance 'stream_path_full_frame_tb.dut.stub.u_i_res_sink.u_i16'
  190 |    vt[gi] = (gi + 1) * ($signed({1'b0, left[8 + gi]})  - ((gi == 7) ? $signed({1'b0, top_left}) : $signed({1'b0, left[6 - gi]})));
      |                                                                     ^
%Warning-WIDTHEXPAND: /home/flynnsbit/Projects/MisterPlex/.worktrees/rtl-real-ref-measure/fpga/Plex_MiSTer/rtl/h264_intra_pred.sv:190:69: Operator COND expects 32 bits on the Conditional False, but Conditional False's SIGNED generates 9 bits.
                                                                                                                                        : ... note: In instance 'stream_path_full_frame_tb.dut.stub.u_i_res_sink.u_i16'
  190 |    vt[gi] = (gi + 1) * ($signed({1'b0, left[8 + gi]})  - ((gi == 7) ? $signed({1'b0, top_left}) : $signed({1'b0, left[6 - gi]})));
      |                                                                     ^
%Warning-WIDTHEXPAND: /home/flynnsbit/Projects/MisterPlex/.worktrees/rtl-real-ref-measure/fpga/Plex_MiSTer/rtl/h264_intra_pred.sv:195:42: Operator ADD expects 32 bits on the LHS, but LHS's SIGNED generates 9 bits.
                                                                                                                                        : ... note: In instance 'stream_path_full_frame_tb.dut.stub.u_i_res_sink.u_i16'
  195 |   a_c = 16 * ($signed({1'b0, above[15]}) + $signed({1'b0, left[15]}));
      |                                          ^
%Warning-WIDTHEXPAND: /home/flynnsbit/Projects/MisterPlex/.worktrees/rtl-real-ref-measure/fpga/Plex_MiSTer/rtl/h264_intra_pred.sv:195:42: Operator ADD expects 32 bits on the RHS, but RHS's SIGNED generates 9 bits.
                                                                                                                                        : ... note: In instance 'stream_path_full_frame_tb.dut.stub.u_i_res_sink.u_i16'
  195 |   a_c = 16 * ($signed({1'b0, above[15]}) + $signed({1'b0, left[15]}));
      |                                          ^
%Warning-WIDTHEXPAND: /home/flynnsbit/Projects/MisterPlex/.worktrees/rtl-real-ref-measure/fpga/Plex_MiSTer/rtl/h264_intra_pred.sv:212:26: Operator ADD expects 32 bits on the LHS, but LHS's SIGNED generates 16 bits.
                                                                                                                                        : ... note: In instance 'stream_path_full_frame_tb.dut.stub.u_i_res_sink.u_i16'
  212 |      val = ($signed(a_r) + $signed(bx_r[x]) + $signed(cy_r[y]) + 16) >>> 5;
      |                          ^
%Warning-WIDTHEXPAND: /home/flynnsbit/Projects/MisterPlex/.worktrees/rtl-real-ref-measure/fpga/Plex_MiSTer/rtl/h264_intra_pred.sv:212:26: Operator ADD expects 32 bits on the RHS, but RHS's SIGNED generates 16 bits.
                                                                                                                                        : ... note: In instance 'stream_path_full_frame_tb.dut.stub.u_i_res_sink.u_i16'
  212 |      val = ($signed(a_r) + $signed(bx_r[x]) + $signed(cy_r[y]) + 16) >>> 5;
      |                          ^
%Warning-WIDTHEXPAND: /home/flynnsbit/Projects/MisterPlex/.worktrees/rtl-real-ref-measure/fpga/Plex_MiSTer/rtl/h264_intra_pred.sv:212:45: Operator ADD expects 32 bits on the RHS, but RHS's SIGNED generates 16 bits.
                                                                                                                                        : ... note: In instance 'stream_path_full_frame_tb.dut.stub.u_i_res_sink.u_i16'
  212 |      val = ($signed(a_r) + $signed(bx_r[x]) + $signed(cy_r[y]) + 16) >>> 5;
      |                                             ^
%Warning-WIDTHTRUNC: /home/flynnsbit/Projects/MisterPlex/.worktrees/rtl-real-ref-measure/fpga/Plex_MiSTer/rtl/h264_intra_pred.sv:224:15: Operator ASSIGNDLY expects 16 bits on the Assign RHS, but Assign RHS's MULS generates 32 bits.
                                                                                                                                       : ... note: In instance 'stream_path_full_frame_tb.dut.stub.u_i_res_sink.u_i16'
  224 |       bx_r[i] <= b_c * (i - 7);
      |               ^~
                     ... For warning description see https://verilator.org/warn/WIDTHTRUNC?v=5.051
                     ... Use "/* verilator lint_off WIDTHTRUNC */" and lint_on around source to disable this message.
%Warning-WIDTHTRUNC: /home/flynnsbit/Projects/MisterPlex/.worktrees/rtl-real-ref-measure/fpga/Plex_MiSTer/rtl/h264_intra_pred.sv:225:15: Operator ASSIGNDLY expects 16 bits on the Assign RHS, but Assign RHS's MULS generates 32 bits.
                                                                                                                                       : ... note: In instance 'stream_path_full_frame_tb.dut.stub.u_i_res_sink.u_i16'
  225 |       cy_r[i] <= c_c * (i - 7);
      |               ^~
%Warning-WIDTHEXPAND: /home/flynnsbit/Projects/MisterPlex/.worktrees/rtl-real-ref-measure/fpga/Plex_MiSTer/rtl/h264_intra_pred.sv:242:23: Operator ADD expects 32 bits on the LHS, but LHS's ARRAYSEL generates 8 bits.
                                                                                                                                        : ... note: In instance 'stream_path_full_frame_tb.dut.stub.u_i_res_sink.u_i16'
  242 |     sa_lo = ((above[0]+above[1]) + (above[2]+above[3]))
      |                       ^
%Warning-WIDTHEXPAND: /home/flynnsbit/Projects/MisterPlex/.worktrees/rtl-real-ref-measure/fpga/Plex_MiSTer/rtl/h264_intra_pred.sv:242:23: Operator ADD expects 32 bits on the RHS, but RHS's ARRAYSEL generates 8 bits.
                                                                                                                                        : ... note: In instance 'stream_path_full_frame_tb.dut.stub.u_i_res_sink.u_i16'
  242 |     sa_lo = ((above[0]+above[1]) + (above[2]+above[3]))
      |                       ^
%Warning-WIDTHEXPAND: /home/flynnsbit/Projects/MisterPlex/.worktrees/rtl-real-ref-measure/fpga/Plex_MiSTer/rtl/h264_intra_pred.sv:242:45: Operator ADD expects 32 bits on the LHS, but LHS's ARRAYSEL generates 8 bits.
                                                                                                                                        : ... note: In instance 'stream_path_full_frame_tb.dut.stub.u_i_res_sink.u_i16'
  242 |     sa_lo = ((above[0]+above[1]) + (above[2]+above[3]))
      |                                             ^
%Warning-WIDTHEXPAND: /home/flynnsbit/Projects/MisterPlex/.worktrees/rtl-real-ref-measure/fpga/Plex_MiSTer/rtl/h264_intra_pred.sv:242:45: Operator ADD expects 32 bits on the RHS, but RHS's ARRAYSEL generates 8 bits.
                                                                                                                                        : ... note: In instance 'stream_path_full_frame_tb.dut.stub.u_i_res_sink.u_i16'
  242 |     sa_lo = ((above[0]+above[1]) + (above[2]+above[3]))
      |                                             ^
%Warning-WIDTHEXPAND: /home/flynnsbit/Projects/MisterPlex/.worktrees/rtl-real-ref-measure/fpga/Plex_MiSTer/rtl/h264_intra_pred.sv:243:23: Operator ADD expects 32 bits on the LHS, but LHS's ARRAYSEL generates 8 bits.
                                                                                                                                        : ... note: In instance 'stream_path_full_frame_tb.dut.stub.u_i_res_sink.u_i16'
  243 |           + ((above[4]+above[5]) + (above[6]+above[7]));
      |                       ^
%Warning-WIDTHEXPAND: /home/flynnsbit/Projects/MisterPlex/.worktrees/rtl-real-ref-measure/fpga/Plex_MiSTer/rtl/h264_intra_pred.sv:243:23: Operator ADD expects 32 bits on the RHS, but RHS's ARRAYSEL generates 8 bits.
                                                                                                                                        : ... note: In instance 'stream_path_full_frame_tb.dut.stub.u_i_res_sink.u_i16'
  243 |           + ((above[4]+above[5]) + (above[6]+above[7]));
      |                       ^
%Warning-WIDTHEXPAND: /home/flynnsbit/Projects/MisterPlex/.worktrees/rtl-real-ref-measure/fpga/Plex_MiSTer/rtl/h264_intra_pred.sv:243:45: Operator ADD expects 32 bits on the LHS, but LHS's ARRAYSEL generates 8 bits.
                                                                                                                                        : ... note: In instance 'stream_path_full_frame_tb.dut.stub.u_i_res_sink.u_i16'
  243 |           + ((above[4]+above[5]) + (above[6]+above[7]));
      |                                             ^
%Warning-WIDTHEXPAND: /home/flynnsbit/Projects/MisterPlex/.worktrees/rtl-real-ref-measure/fpga/Plex_MiSTer/rtl/h264_intra_pred.sv:243:45: Operator ADD expects 32 bits on the RHS, but RHS's ARRAYSEL generates 8 bits.
                                                                                                                                        : ... note: In instance 'stream_path_full_frame_tb.dut.stub.u_i_res_sink.u_i16'
  243 |           + ((above[4]+above[5]) + (above[6]+above[7]));
      |                                             ^
%Warning-WIDTHEXPAND: /home/flynnsbit/Projects/MisterPlex/.worktrees/rtl-real-ref-measure/fpga/Plex_MiSTer/rtl/h264_intra_pred.sv:244:23: Operator ADD expects 32 bits on the LHS, but LHS's ARRAYSEL generates 8 bits.
                                                                                                                                        : ... note: In instance 'stream_path_full_frame_tb.dut.stub.u_i_res_sink.u_i16'
  244 |     sa_hi = ((above[8]+above[9]) + (above[10]+above[11]))
      |                       ^
%Warning-WIDTHEXPAND: /home/flynnsbit/Projects/MisterPlex/.worktrees/rtl-real-ref-measure/fpga/Plex_MiSTer/rtl/h264_intra_pred.sv:244:23: Operator ADD expects 32 bits on the RHS, but RHS's ARRAYSEL generates 8 bits.
                                                                                                                                        : ... note: In instance 'stream_path_full_frame_tb.dut.stub.u_i_res_sink.u_i16'
  244 |     sa_hi = ((above[8]+above[9]) + (above[10]+above[11]))
      |                       ^
%Warning-WIDTHEXPAND: /home/flynnsbit/Projects/MisterPlex/.worktrees/rtl-real-ref-measure/fpga/Plex_MiSTer/rtl/h264_intra_pred.sv:244:46: Operator ADD expects 32 bits on the LHS, but LHS's ARRAYSEL generates 8 bits.
                                                                                                                                        : ... note: In instance 'stream_path_full_frame_tb.dut.stub.u_i_res_sink.u_i16'
  244 |     sa_hi = ((above[8]+above[9]) + (above[10]+above[11]))
      |                                              ^
%Warning-WIDTHEXPAND: /home/flynnsbit/Projects/MisterPlex/.worktrees/rtl-real-ref-measure/fpga/Plex_MiSTer/rtl/h264_intra_pred.sv:244:46: Operator ADD expects 32 bits on the RHS, but RHS's ARRAYSEL generates 8 bits.
                                                                                                                                        : ... note: In instance 'stream_path_full_frame_tb.dut.stub.u_i_res_sink.u_i16'
  244 |     sa_hi = ((above[8]+above[9]) + (above[10]+above[11]))
      |                                              ^
%Warning-WIDTHEXPAND: /home/flynnsbit/Projects/MisterPlex/.worktrees/rtl-real-ref-measure/fpga/Plex_MiSTer/rtl/h264_intra_pred.sv:245:24: Operator ADD expects 32 bits on the LHS, but LHS's ARRAYSEL generates 8 bits.
                                                                                                                                        : ... note: In instance 'stream_path_full_frame_tb.dut.stub.u_i_res_sink.u_i16'
  245 |           + ((above[12]+above[13]) + (above[14]+above[15]));
      |                        ^
%Warning-WIDTHEXPAND: /home/flynnsbit/Projects/MisterPlex/.worktrees/rtl-real-ref-measure/fpga/Plex_MiSTer/rtl/h264_intra_pred.sv:245:24: Operator ADD expects 32 bits on the RHS, but RHS's ARRAYSEL generates 8 bits.
                                                                                                                                        : ... note: In instance 'stream_path_full_frame_tb.dut.stub.u_i_res_sink.u_i16'
  245 |           + ((above[12]+above[13]) + (above[14]+above[15]));
      |                        ^
%Warning-WIDTHEXPAND: /home/flynnsbit/Projects/MisterPlex/.worktrees/rtl-real-ref-measure/fpga/Plex_MiSTer/rtl/h264_intra_pred.sv:245:48: Operator ADD expects 32 bits on the LHS, but LHS's ARRAYSEL generates 8 bits.
                                                                                                                                        : ... note: In instance 'stream_path_full_frame_tb.dut.stub.u_i_res_sink.u_i16'
  245 |           + ((above[12]+above[13]) + (above[14]+above[15]));
      |                                                ^
%Warning-WIDTHEXPAND: /home/flynnsbit/Projects/MisterPlex/.worktrees/rtl-real-ref-measure/fpga/Plex_MiSTer/rtl/h264_intra_pred.sv:245:48: Operator ADD expects 32 bits on the RHS, but RHS's ARRAYSEL generates 8 bits.
                                                                                                                                        : ... note: In instance 'stream_path_full_frame_tb.dut.stub.u_i_res_sink.u_i16'
  245 |           + ((above[12]+above[13]) + (above[14]+above[15]));
      |                                                ^
%Warning-WIDTHEXPAND: /home/flynnsbit/Projects/MisterPlex/.worktrees/rtl-real-ref-measure/fpga/Plex_MiSTer/rtl/h264_intra_pred.sv:246:22: Operator ADD expects 32 bits on the LHS, but LHS's ARRAYSEL generates 8 bits.
                                                                                                                                        : ... note: In instance 'stream_path_full_frame_tb.dut.stub.u_i_res_sink.u_i16'
  246 |     sl_lo = ((left[0]+left[1]) + (left[2]+left[3]))
      |                      ^
%Warning-WIDTHEXPAND: /home/flynnsbit/Projects/MisterPlex/.worktrees/rtl-real-ref-measure/fpga/Plex_MiSTer/rtl/h264_intra_pred.sv:246:22: Operator ADD expects 32 bits on the RHS, but RHS's ARRAYSEL generates 8 bits.
                                                                                                                                        : ... note: In instance 'stream_path_full_frame_tb.dut.stub.u_i_res_sink.u_i16'
  246 |     sl_lo = ((left[0]+left[1]) + (left[2]+left[3]))
      |                      ^
%Warning-WIDTHEXPAND: /home/flynnsbit/Projects/MisterPlex/.worktrees/rtl-real-ref-measure/fpga/Plex_MiSTer/rtl/h264_intra_pred.sv:246:42: Operator ADD expects 32 bits on the LHS, but LHS's ARRAYSEL generates 8 bits.
                                                                                                                                        : ... note: In instance 'stream_path_full_frame_tb.dut.stub.u_i_res_sink.u_i16'
  246 |     sl_lo = ((left[0]+left[1]) + (left[2]+left[3]))
      |                                          ^
%Warning-WIDTHEXPAND: /home/flynnsbit/Projects/MisterPlex/.worktrees/rtl-real-ref-measure/fpga/Plex_MiSTer/rtl/h264_intra_pred.sv:246:42: Operator ADD expects 32 bits on the RHS, but RHS's ARRAYSEL generates 8 bits.
                                                                                                                                        : ... note: In instance 'stream_path_full_frame_tb.dut.stub.u_i_res_sink.u_i16'
  246 |     sl_lo = ((left[0]+left[1]) + (left[2]+left[3]))
      |                                          ^
%Warning-WIDTHEXPAND: /home/flynnsbit/Projects/MisterPlex/.worktrees/rtl-real-ref-measure/fpga/Plex_MiSTer/rtl/h264_intra_pred.sv:247:22: Operator ADD expects 32 bits on the LHS, but LHS's ARRAYSEL generates 8 bits.
                                                                                                                                        : ... note: In instance 'stream_path_full_frame_tb.dut.stub.u_i_res_sink.u_i16'
  247 |           + ((left[4]+left[5]) + (left[6]+left[7]));
      |                      ^
%Warning-WIDTHEXPAND: /home/flynnsbit/Projects/MisterPlex/.worktrees/rtl-real-ref-measure/fpga/Plex_MiSTer/rtl/h264_intra_pred.sv:247:22: Operator ADD expects 32 bits on the RHS, but RHS's ARRAYSEL generates 8 bits.
                                                                                                                                        : ... note: In instance 'stream_path_full_frame_tb.dut.stub.u_i_res_sink.u_i16'
  247 |           + ((left[4]+left[5]) + (left[6]+left[7]));
      |                      ^
%Warning-WIDTHEXPAND: /home/flynnsbit/Projects/MisterPlex/.worktrees/rtl-real-ref-measure/fpga/Plex_MiSTer/rtl/h264_intra_pred.sv:247:42: Operator ADD expects 32 bits on the LHS, but LHS's ARRAYSEL generates 8 bits.
                                                                                                                                        : ... note: In instance 'stream_path_full_frame_tb.dut.stub.u_i_res_sink.u_i16'
  247 |           + ((left[4]+left[5]) + (left[6]+left[7]));
      |                                          ^
%Warning-WIDTHEXPAND: /home/flynnsbit/Projects/MisterPlex/.worktrees/rtl-real-ref-measure/fpga/Plex_MiSTer/rtl/h264_intra_pred.sv:247:42: Operator ADD expects 32 bits on the RHS, but RHS's ARRAYSEL generates 8 bits.
                                                                                                                                        : ... note: In instance 'stream_path_full_frame_tb.dut.stub.u_i_res_sink.u_i16'
  247 |           + ((left[4]+left[5]) + (left[6]+left[7]));
      |                                          ^
%Warning-WIDTHEXPAND: /home/flynnsbit/Projects/MisterPlex/.worktrees/rtl-real-ref-measure/fpga/Plex_MiSTer/rtl/h264_intra_pred.sv:248:22: Operator ADD expects 32 bits on the LHS, but LHS's ARRAYSEL generates 8 bits.
                                                                                                                                        : ... note: In instance 'stream_path_full_frame_tb.dut.stub.u_i_res_sink.u_i16'
  248 |     sl_hi = ((left[8]+left[9]) + (left[10]+left[11]))
      |                      ^
%Warning-WIDTHEXPAND: /home/flynnsbit/Projects/MisterPlex/.worktrees/rtl-real-ref-measure/fpga/Plex_MiSTer/rtl/h264_intra_pred.sv:248:22: Operator ADD expects 32 bits on the RHS, but RHS's ARRAYSEL generates 8 bits.
                                                                                                                                        : ... note: In instance 'stream_path_full_frame_tb.dut.stub.u_i_res_sink.u_i16'
  248 |     sl_hi = ((left[8]+left[9]) + (left[10]+left[11]))
      |                      ^
%Warning-WIDTHEXPAND: /home/flynnsbit/Projects/MisterPlex/.worktrees/rtl-real-ref-measure/fpga/Plex_MiSTer/rtl/h264_intra_pred.sv:248:43: Operator ADD expects 32 bits on the LHS, but LHS's ARRAYSEL generates 8 bits.
                                                                                                                                        : ... note: In instance 'stream_path_full_frame_tb.dut.stub.u_i_res_sink.u_i16'
  248 |     sl_hi = ((left[8]+left[9]) + (left[10]+left[11]))
      |                                           ^
%Warning-WIDTHEXPAND: /home/flynnsbit/Projects/MisterPlex/.worktrees/rtl-real-ref-measure/fpga/Plex_MiSTer/rtl/h264_intra_pred.sv:248:43: Operator ADD expects 32 bits on the RHS, but RHS's ARRAYSEL generates 8 bits.
                                                                                                                                        : ... note: In instance 'stream_path_full_frame_tb.dut.stub.u_i_res_sink.u_i16'
  248 |     sl_hi = ((left[8]+left[9]) + (left[10]+left[11]))
      |                                           ^
%Warning-WIDTHEXPAND: /home/flynnsbit/Projects/MisterPlex/.worktrees/rtl-real-ref-measure/fpga/Plex_MiSTer/rtl/h264_intra_pred.sv:249:23: Operator ADD expects 32 bits on the LHS, but LHS's ARRAYSEL generates 8 bits.
                                                                                                                                        : ... note: In instance 'stream_path_full_frame_tb.dut.stub.u_i_res_sink.u_i16'
  249 |           + ((left[12]+left[13]) + (left[14]+left[15]));
      |                       ^
%Warning-WIDTHEXPAND: /home/flynnsbit/Projects/MisterPlex/.worktrees/rtl-real-ref-measure/fpga/Plex_MiSTer/rtl/h264_intra_pred.sv:249:23: Operator ADD expects 32 bits on the RHS, but RHS's ARRAYSEL generates 8 bits.
                                                                                                                                        : ... note: In instance 'stream_path_full_frame_tb.dut.stub.u_i_res_sink.u_i16'
  249 |           + ((left[12]+left[13]) + (left[14]+left[15]));
      |                       ^
%Warning-WIDTHEXPAND: /home/flynnsbit/Projects/MisterPlex/.worktrees/rtl-real-ref-measure/fpga/Plex_MiSTer/rtl/h264_intra_pred.sv:249:45: Operator ADD expects 32 bits on the LHS, but LHS's ARRAYSEL generates 8 bits.
                                                                                                                                        : ... note: In instance 'stream_path_full_frame_tb.dut.stub.u_i_res_sink.u_i16'
  249 |           + ((left[12]+left[13]) + (left[14]+left[15]));
      |                                             ^
%Warning-WIDTHEXPAND: /home/flynnsbit/Projects/MisterPlex/.worktrees/rtl-real-ref-measure/fpga/Plex_MiSTer/rtl/h264_intra_pred.sv:249:45: Operator ADD expects 32 bits on the RHS, but RHS's ARRAYSEL generates 8 bits.
                                                                                                                                        : ... note: In instance 'stream_path_full_frame_tb.dut.stub.u_i_res_sink.u_i16'
  249 |           + ((left[12]+left[13]) + (left[14]+left[15]));
      |                                             ^
%Warning-WIDTHTRUNC: /home/flynnsbit/Projects/MisterPlex/.worktrees/rtl-real-ref-measure/fpga/Plex_MiSTer/rtl/h264_intra_pred.sv:254:37: Operator ASSIGN expects 8 bits on the Assign RHS, but Assign RHS's SHIFTRS generates 32 bits.
                                                                                                                                       : ... note: In instance 'stream_path_full_frame_tb.dut.stub.u_i_res_sink.u_i16'
  254 |     if (has_above && has_left) dc_v = (sum + 16) >>> 5;
      |                                     ^
%Warning-WIDTHTRUNC: /home/flynnsbit/Projects/MisterPlex/.worktrees/rtl-real-ref-measure/fpga/Plex_MiSTer/rtl/h264_intra_pred.sv:255:42: Operator ASSIGN expects 8 bits on the Assign RHS, but Assign RHS's SHIFTRS generates 32 bits.
                                                                                                                                       : ... note: In instance 'stream_path_full_frame_tb.dut.stub.u_i_res_sink.u_i16'
  255 |     else if (has_above || has_left) dc_v = (sum + 8) >>> 4;
      |                                          ^
%Warning-WIDTHEXPAND: /home/flynnsbit/Projects/MisterPlex/.worktrees/rtl-real-ref-measure/fpga/Plex_MiSTer/rtl/h264_intra_pred.sv:51:6: Operator ASSIGN expects 32 bits on the Assign RHS, but Assign RHS's ARRAYSEL generates 8 bits.
                                                                                                                                      : ... note: In instance 'stream_path_full_frame_tb.dut.stub.u_i_res_sink.u_i4'
   51 |   t0 = above[0]; t1 = above[1]; t2 = above[2]; t3 = above[3];
      |      ^
%Warning-WIDTHEXPAND: /home/flynnsbit/Projects/MisterPlex/.worktrees/rtl-real-ref-measure/fpga/Plex_MiSTer/rtl/h264_intra_pred.sv:51:21: Operator ASSIGN expects 32 bits on the Assign RHS, but Assign RHS's ARRAYSEL generates 8 bits.
                                                                                                                                       : ... note: In instance 'stream_path_full_frame_tb.dut.stub.u_i_res_sink.u_i4'
   51 |   t0 = above[0]; t1 = above[1]; t2 = above[2]; t3 = above[3];
      |                     ^
%Warning-WIDTHEXPAND: /home/flynnsbit/Projects/MisterPlex/.worktrees/rtl-real-ref-measure/fpga/Plex_MiSTer/rtl/h264_intra_pred.sv:51:36: Operator ASSIGN expects 32 bits on the Assign RHS, but Assign RHS's ARRAYSEL generates 8 bits.
                                                                                                                                       : ... note: In instance 'stream_path_full_frame_tb.dut.stub.u_i_res_sink.u_i4'
   51 |   t0 = above[0]; t1 = above[1]; t2 = above[2]; t3 = above[3];
      |                                    ^
%Warning-WIDTHEXPAND: /home/flynnsbit/Projects/MisterPlex/.worktrees/rtl-real-ref-measure/fpga/Plex_MiSTer/rtl/h264_intra_pred.sv:51:51: Operator ASSIGN expects 32 bits on the Assign RHS, but Assign RHS's ARRAYSEL generates 8 bits.
                                                                                                                                       : ... note: In instance 'stream_path_full_frame_tb.dut.stub.u_i_res_sink.u_i4'
   51 |   t0 = above[0]; t1 = above[1]; t2 = above[2]; t3 = above[3];
      |                                                   ^
%Warning-WIDTHEXPAND: /home/flynnsbit/Projects/MisterPlex/.worktrees/rtl-real-ref-measure/fpga/Plex_MiSTer/rtl/h264_intra_pred.sv:52:6: Operator ASSIGN expects 32 bits on the Assign RHS, but Assign RHS's ARRAYSEL generates 8 bits.
                                                                                                                                      : ... note: In instance 'stream_path_full_frame_tb.dut.stub.u_i_res_sink.u_i4'
   52 |   t4 = above[4]; t5 = above[5]; t6 = above[6]; t7 = above[7];
      |      ^
%Warning-WIDTHEXPAND: /home/flynnsbit/Projects/MisterPlex/.worktrees/rtl-real-ref-measure/fpga/Plex_MiSTer/rtl/h264_intra_pred.sv:52:21: Operator ASSIGN expects 32 bits on the Assign RHS, but Assign RHS's ARRAYSEL generates 8 bits.
                                                                                                                                       : ... note: In instance 'stream_path_full_frame_tb.dut.stub.u_i_res_sink.u_i4'
   52 |   t4 = above[4]; t5 = above[5]; t6 = above[6]; t7 = above[7];
      |                     ^
%Warning-WIDTHEXPAND: /home/flynnsbit/Projects/MisterPlex/.worktrees/rtl-real-ref-measure/fpga/Plex_MiSTer/rtl/h264_intra_pred.sv:52:36: Operator ASSIGN expects 32 bits on the Assign RHS, but Assign RHS's ARRAYSEL generates 8 bits.
                                                                                                                                       : ... note: In instance 'stream_path_full_frame_tb.dut.stub.u_i_res_sink.u_i4'
   52 |   t4 = above[4]; t5 = above[5]; t6 = above[6]; t7 = above[7];
      |                                    ^
%Warning-WIDTHEXPAND: /home/flynnsbit/Projects/MisterPlex/.worktrees/rtl-real-ref-measure/fpga/Plex_MiSTer/rtl/h264_intra_pred.sv:52:51: Operator ASSIGN expects 32 bits on the Assign RHS, but Assign RHS's ARRAYSEL generates 8 bits.
                                                                                                                                       : ... note: In instance 'stream_path_full_frame_tb.dut.stub.u_i_res_sink.u_i4'
   52 |   t4 = above[4]; t5 = above[5]; t6 = above[6]; t7 = above[7];
      |                                                   ^
%Warning-WIDTHEXPAND: /home/flynnsbit/Projects/MisterPlex/.worktrees/rtl-real-ref-measure/fpga/Plex_MiSTer/rtl/h264_intra_pred.sv:53:6: Operator ASSIGN expects 32 bits on the Assign RHS, but Assign RHS's ARRAYSEL generates 8 bits.
                                                                                                                                      : ... note: In instance 'stream_path_full_frame_tb.dut.stub.u_i_res_sink.u_i4'
   53 |   l0 = left[0];  l1 = left[1];  l2 = left[2];  l3 = left[3];
      |      ^
%Warning-WIDTHEXPAND: /home/flynnsbit/Projects/MisterPlex/.worktrees/rtl-real-ref-measure/fpga/Plex_MiSTer/rtl/h264_intra_pred.sv:53:21: Operator ASSIGN expects 32 bits on the Assign RHS, but Assign RHS's ARRAYSEL generates 8 bits.
                                                                                                                                       : ... note: In instance 'stream_path_full_frame_tb.dut.stub.u_i_res_sink.u_i4'
   53 |   l0 = left[0];  l1 = left[1];  l2 = left[2];  l3 = left[3];
      |                     ^
%Warning-WIDTHEXPAND: /home/flynnsbit/Projects/MisterPlex/.worktrees/rtl-real-ref-measure/fpga/Plex_MiSTer/rtl/h264_intra_pred.sv:53:36: Operator ASSIGN expects 32 bits on the Assign RHS, but Assign RHS's ARRAYSEL generates 8 bits.
                                                                                                                                       : ... note: In instance 'stream_path_full_frame_tb.dut.stub.u_i_res_sink.u_i4'
   53 |   l0 = left[0];  l1 = left[1];  l2 = left[2];  l3 = left[3];
      |                                    ^
%Warning-WIDTHEXPAND: /home/flynnsbit/Projects/MisterPlex/.worktrees/rtl-real-ref-measure/fpga/Plex_MiSTer/rtl/h264_intra_pred.sv:53:51: Operator ASSIGN expects 32 bits on the Assign RHS, but Assign RHS's ARRAYSEL generates 8 bits.
                                                                                                                                       : ... note: In instance 'stream_path_full_frame_tb.dut.stub.u_i_res_sink.u_i4'
   53 |   l0 = left[0];  l1 = left[1];  l2 = left[2];  l3 = left[3];
      |                                                   ^
%Warning-WIDTHEXPAND: /home/flynnsbit/Projects/MisterPlex/.worktrees/rtl-real-ref-measure/fpga/Plex_MiSTer/rtl/h264_intra_pred.sv:66:52: Operator ADD expects 32 bits on the RHS, but RHS's CONST '10'h4' generates 10 bits.
                                                                                                                                       : ... note: In instance 'stream_path_full_frame_tb.dut.stub.u_i_res_sink.u_i4'
   66 |     dc_sum = t0 + t1 + t2 + t3 + l0 + l1 + l2 + l3 + 10'd4;
      |                                                    ^
%Warning-WIDTHTRUNC: /home/flynnsbit/Projects/MisterPlex/.worktrees/rtl-real-ref-measure/fpga/Plex_MiSTer/rtl/h264_intra_pred.sv:67:10: Operator ASSIGN expects 8 bits on the Assign RHS, but Assign RHS's SHIFTRS generates 32 bits.
                                                                                                                                      : ... note: In instance 'stream_path_full_frame_tb.dut.stub.u_i_res_sink.u_i4'
   67 |     dc_v = dc_sum >>> 3;
      |          ^
%Warning-WIDTHEXPAND: /home/flynnsbit/Projects/MisterPlex/.worktrees/rtl-real-ref-measure/fpga/Plex_MiSTer/rtl/h264_intra_pred.sv:69:32: Operator ADD expects 32 bits on the RHS, but RHS's CONST '10'h2' generates 10 bits.
                                                                                                                                       : ... note: In instance 'stream_path_full_frame_tb.dut.stub.u_i_res_sink.u_i4'
   69 |     dc_sum = t0 + t1 + t2 + t3 + 10'd2;
      |                                ^
%Warning-WIDTHTRUNC: /home/flynnsbit/Projects/MisterPlex/.worktrees/rtl-real-ref-measure/fpga/Plex_MiSTer/rtl/h264_intra_pred.sv:70:10: Operator ASSIGN expects 8 bits on the Assign RHS, but Assign RHS's SHIFTRS generates 32 bits.
                                                                                                                                      : ... note: In instance 'stream_path_full_frame_tb.dut.stub.u_i_res_sink.u_i4'
   70 |     dc_v = dc_sum >>> 2;
      |          ^
%Warning-WIDTHEXPAND: /home/flynnsbit/Projects/MisterPlex/.worktrees/rtl-real-ref-measure/fpga/Plex_MiSTer/rtl/h264_intra_pred.sv:72:32: Operator ADD expects 32 bits on the RHS, but RHS's CONST '10'h2' generates 10 bits.
                                                                                                                                       : ... note: In instance 'stream_path_full_frame_tb.dut.stub.u_i_res_sink.u_i4'
   72 |     dc_sum = l0 + l1 + l2 + l3 + 10'd2;
      |                                ^
%Warning-WIDTHTRUNC: /home/flynnsbit/Projects/MisterPlex/.worktrees/rtl-real-ref-measure/fpga/Plex_MiSTer/rtl/h264_intra_pred.sv:73:10: Operator ASSIGN expects 8 bits on the Assign RHS, but Assign RHS's SHIFTRS generates 32 bits.
                                                                                                                                      : ... note: In instance 'stream_path_full_frame_tb.dut.stub.u_i_res_sink.u_i4'
   73 |     dc_v = dc_sum >>> 2;
      |          ^
%Warning-WIDTHEXPAND: /home/flynnsbit/Projects/MisterPlex/.worktrees/rtl-real-ref-measure/fpga/Plex_MiSTer/rtl/h264_intra_pred.sv:91:27: Operator ADD expects 32 bits on the RHS, but RHS's VARREF 'top_left' generates 8 bits.
                                                                                                                                       : ... note: In instance 'stream_path_full_frame_tb.dut.stub.u_i_res_sink.u_i4'
   91 |    put(0, 1, (l1 + 2 * l0 + top_left + 2) >>> 2); put(1, 2, (l1 + 2 * l0 + top_left + 2) >>> 2); put(2, 3, (l1 + 2 * l0 + top_left + 2) >>> 2);
      |                           ^
%Warning-WIDTHEXPAND: /home/flynnsbit/Projects/MisterPlex/.worktrees/rtl-real-ref-measure/fpga/Plex_MiSTer/rtl/h264_intra_pred.sv:91:74: Operator ADD expects 32 bits on the RHS, but RHS's VARREF 'top_left' generates 8 bits.
                                                                                                                                       : ... note: In instance 'stream_path_full_frame_tb.dut.stub.u_i_res_sink.u_i4'
   91 |    put(0, 1, (l1 + 2 * l0 + top_left + 2) >>> 2); put(1, 2, (l1 + 2 * l0 + top_left + 2) >>> 2); put(2, 3, (l1 + 2 * l0 + top_left + 2) >>> 2);
      |                                                                          ^
%Warning-WIDTHEXPAND: /home/flynnsbit/Projects/MisterPlex/.worktrees/rtl-real-ref-measure/fpga/Plex_MiSTer/rtl/h264_intra_pred.sv:91:121: Operator ADD expects 32 bits on the RHS, but RHS's VARREF 'top_left' generates 8 bits.
                                                                                                                                        : ... note: In instance 'stream_path_full_frame_tb.dut.stub.u_i_res_sink.u_i4'
   91 |    put(0, 1, (l1 + 2 * l0 + top_left + 2) >>> 2); put(1, 2, (l1 + 2 * l0 + top_left + 2) >>> 2); put(2, 3, (l1 + 2 * l0 + top_left + 2) >>> 2);
      |                                                                                                                         ^
%Warning-WIDTHEXPAND: /home/flynnsbit/Projects/MisterPlex/.worktrees/rtl-real-ref-measure/fpga/Plex_MiSTer/rtl/h264_intra_pred.sv:93:24: Operator ADD expects 32 bits on the LHS, but LHS's VARREF 'top_left' generates 8 bits.
                                                                                                                                       : ... note: In instance 'stream_path_full_frame_tb.dut.stub.u_i_res_sink.u_i4'
   93 |    put(1, 0, (top_left + 2 * t0 + t1 + 2) >>> 2); put(2, 1, (top_left + 2 * t0 + t1 + 2) >>> 2); put(3, 2, (top_left + 2 * t0 + t1 + 2) >>> 2);
      |                        ^
%Warning-WIDTHEXPAND: /home/flynnsbit/Projects/MisterPlex/.worktrees/rtl-real-ref-measure/fpga/Plex_MiSTer/rtl/h264_intra_pred.sv:93:71: Operator ADD expects 32 bits on the LHS, but LHS's VARREF 'top_left' generates 8 bits.
                                                                                                                                       : ... note: In instance 'stream_path_full_frame_tb.dut.stub.u_i_res_sink.u_i4'
   93 |    put(1, 0, (top_left + 2 * t0 + t1 + 2) >>> 2); put(2, 1, (top_left + 2 * t0 + t1 + 2) >>> 2); put(3, 2, (top_left + 2 * t0 + t1 + 2) >>> 2);
      |                                                                       ^
%Warning-WIDTHEXPAND: /home/flynnsbit/Projects/MisterPlex/.worktrees/rtl-real-ref-measure/fpga/Plex_MiSTer/rtl/h264_intra_pred.sv:93:118: Operator ADD expects 32 bits on the LHS, but LHS's VARREF 'top_left' generates 8 bits.
                                                                                                                                        : ... note: In instance 'stream_path_full_frame_tb.dut.stub.u_i_res_sink.u_i4'
   93 |    put(1, 0, (top_left + 2 * t0 + t1 + 2) >>> 2); put(2, 1, (top_left + 2 * t0 + t1 + 2) >>> 2); put(3, 2, (top_left + 2 * t0 + t1 + 2) >>> 2);
      |                                                                                                                      ^
%Warning-WIDTHEXPAND: /home/flynnsbit/Projects/MisterPlex/.worktrees/rtl-real-ref-measure/fpga/Plex_MiSTer/rtl/h264_intra_pred.sv:98:24: Operator ADD expects 32 bits on the LHS, but LHS's VARREF 'top_left' generates 8 bits.
                                                                                                                                       : ... note: In instance 'stream_path_full_frame_tb.dut.stub.u_i_res_sink.u_i4'
   98 |    put(0, 0, (top_left + t0 + 1) >>> 1); put(1, 2, (top_left + t0 + 1) >>> 1);
      |                        ^
%Warning-WIDTHEXPAND: /home/flynnsbit/Projects/MisterPlex/.worktrees/rtl-real-ref-measure/fpga/Plex_MiSTer/rtl/h264_intra_pred.sv:98:62: Operator ADD expects 32 bits on the LHS, but LHS's VARREF 'top_left' generates 8 bits.
                                                                                                                                       : ... note: In instance 'stream_path_full_frame_tb.dut.stub.u_i_res_sink.u_i4'
   98 |    put(0, 0, (top_left + t0 + 1) >>> 1); put(1, 2, (top_left + t0 + 1) >>> 1);
      |                                                              ^
%Warning-WIDTHEXPAND: /home/flynnsbit/Projects/MisterPlex/.worktrees/rtl-real-ref-measure/fpga/Plex_MiSTer/rtl/h264_intra_pred.sv:103:24: Operator ADD expects 32 bits on the LHS, but LHS's VARREF 'top_left' generates 8 bits.
                                                                                                                                        : ... note: In instance 'stream_path_full_frame_tb.dut.stub.u_i_res_sink.u_i4'
  103 |    put(1, 1, (top_left + 2 * t0 + t1 + 2) >>> 2); put(2, 3, (top_left + 2 * t0 + t1 + 2) >>> 2);
      |                        ^
%Warning-WIDTHEXPAND: /home/flynnsbit/Projects/MisterPlex/.worktrees/rtl-real-ref-measure/fpga/Plex_MiSTer/rtl/h264_intra_pred.sv:103:71: Operator ADD expects 32 bits on the LHS, but LHS's VARREF 'top_left' generates 8 bits.
                                                                                                                                        : ... note: In instance 'stream_path_full_frame_tb.dut.stub.u_i_res_sink.u_i4'
  103 |    put(1, 1, (top_left + 2 * t0 + t1 + 2) >>> 2); put(2, 3, (top_left + 2 * t0 + t1 + 2) >>> 2);
      |                                                                       ^
%Warning-WIDTHEXPAND: /home/flynnsbit/Projects/MisterPlex/.worktrees/rtl-real-ref-measure/fpga/Plex_MiSTer/rtl/h264_intra_pred.sv:106:24: Operator ADD expects 32 bits on the LHS, but LHS's VARREF 'top_left' generates 8 bits.
                                                                                                                                        : ... note: In instance 'stream_path_full_frame_tb.dut.stub.u_i_res_sink.u_i4'
  106 |    put(0, 2, (top_left + 2 * l0 + l1 + 2) >>> 2); put(0, 3, (l0 + 2 * l1 + l2 + 2) >>> 2);
      |                        ^
%Warning-WIDTHEXPAND: /home/flynnsbit/Projects/MisterPlex/.worktrees/rtl-real-ref-measure/fpga/Plex_MiSTer/rtl/h264_intra_pred.sv:109:24: Operator ADD expects 32 bits on the LHS, but LHS's VARREF 'top_left' generates 8 bits.
                                                                                                                                        : ... note: In instance 'stream_path_full_frame_tb.dut.stub.u_i_res_sink.u_i4'
  109 |    put(0, 0, (top_left + l0 + 1) >>> 1); put(2, 1, (top_left + l0 + 1) >>> 1);
      |                        ^
%Warning-WIDTHEXPAND: /home/flynnsbit/Projects/MisterPlex/.worktrees/rtl-real-ref-measure/fpga/Plex_MiSTer/rtl/h264_intra_pred.sv:109:62: Operator ADD expects 32 bits on the LHS, but LHS's VARREF 'top_left' generates 8 bits.
                                                                                                                                        : ... note: In instance 'stream_path_full_frame_tb.dut.stub.u_i_res_sink.u_i4'
  109 |    put(0, 0, (top_left + l0 + 1) >>> 1); put(2, 1, (top_left + l0 + 1) >>> 1);
      |                                                              ^
%Warning-WIDTHEXPAND: /home/flynnsbit/Projects/MisterPlex/.worktrees/rtl-real-ref-measure/fpga/Plex_MiSTer/rtl/h264_intra_pred.sv:111:24: Operator ADD expects 32 bits on the LHS, but LHS's VARREF 'top_left' generates 8 bits.
                                                                                                                                        : ... note: In instance 'stream_path_full_frame_tb.dut.stub.u_i_res_sink.u_i4'
  111 |    put(2, 0, (top_left + 2 * t0 + t1 + 2) >>> 2); put(3, 0, (t0 + 2 * t1 + t2 + 2) >>> 2);
      |                        ^
%Warning-WIDTHEXPAND: /home/flynnsbit/Projects/MisterPlex/.worktrees/rtl-real-ref-measure/fpga/Plex_MiSTer/rtl/h264_intra_pred.sv:113:24: Operator ADD expects 32 bits on the LHS, but LHS's VARREF 'top_left' generates 8 bits.
                                                                                                                                        : ... note: In instance 'stream_path_full_frame_tb.dut.stub.u_i_res_sink.u_i4'
  113 |    put(1, 1, (top_left + 2 * l0 + l1 + 2) >>> 2); put(3, 2, (top_left + 2 * l0 + l1 + 2) >>> 2);
      |                        ^
%Warning-WIDTHEXPAND: /home/flynnsbit/Projects/MisterPlex/.worktrees/rtl-real-ref-measure/fpga/Plex_MiSTer/rtl/h264_intra_pred.sv:113:71: Operator ADD expects 32 bits on the LHS, but LHS's VARREF 'top_left' generates 8 bits.
                                                                                                                                        : ... note: In instance 'stream_path_full_frame_tb.dut.stub.u_i_res_sink.u_i4'
  113 |    put(1, 1, (top_left + 2 * l0 + l1 + 2) >>> 2); put(3, 2, (top_left + 2 * l0 + l1 + 2) >>> 2);
      |                                                                       ^
%Warning-WIDTHTRUNC: /home/flynnsbit/Projects/MisterPlex/.worktrees/rtl-real-ref-measure/fpga/Plex_MiSTer/rtl/h264_i16_dc_hadamard.sv:50:18: Operator ASSIGNW expects 3 bits on the Assign RHS, but Assign RHS's MODDIV generates 32 or 6 bits.
                                                                                                                                           : ... note: In instance 'stream_path_full_frame_tb.dut.stub.u_i_res_sink.u_had'
   50 |  wire [2:0] qmod = qp % 6;
      |                  ^
%Warning-WIDTHTRUNC: /home/flynnsbit/Projects/MisterPlex/.worktrees/rtl-real-ref-measure/fpga/Plex_MiSTer/rtl/h264_i16_dc_hadamard.sv:51:18: Operator ASSIGNW expects 4 bits on the Assign RHS, but Assign RHS's DIV generates 32 or 6 bits.
                                                                                                                                           : ... note: In instance 'stream_path_full_frame_tb.dut.stub.u_i_res_sink.u_had'
   51 |  wire [3:0] qdiv = qp / 6;
      |                  ^
%Warning-WIDTHEXPAND: /home/flynnsbit/Projects/MisterPlex/.worktrees/rtl-real-ref-measure/fpga/Plex_MiSTer/rtl/h264_i16_dc_hadamard.sv:64:7: Operator ASSIGN expects 32 bits on the Assign RHS, but Assign RHS's FUNCREF 'zz' generates 4 bits.
                                                                                                                                           : ... note: In instance 'stream_path_full_frame_tb.dut.stub.u_i_res_sink.u_had'
   64 |    zi = zz(i[3:0]);
      |       ^
%Warning-WIDTHEXPAND: /home/flynnsbit/Projects/MisterPlex/.worktrees/rtl-real-ref-measure/fpga/Plex_MiSTer/rtl/h264_i16_dc_hadamard.sv:65:7: Operator ASSIGN expects 32 bits on the Assign RHS, but Assign RHS's FUNCREF 'transpose4' generates 4 bits.
                                                                                                                                           : ... note: In instance 'stream_path_full_frame_tb.dut.stub.u_i_res_sink.u_had'
   65 |    tr = transpose4(zi[3:0]);
      |       ^
%Warning-WIDTHEXPAND: /home/flynnsbit/Projects/MisterPlex/.worktrees/rtl-real-ref-measure/fpga/Plex_MiSTer/rtl/h264_i16_dc_hadamard.sv:66:17: Operator ASSIGN expects 32 bits on the Assign RHS, but Assign RHS's ARRAYSEL generates 16 bits.
                                                                                                                                            : ... note: In instance 'stream_path_full_frame_tb.dut.stub.u_i_res_sink.u_had'
   66 |    input_cm[tr] = coeff[i];
      |                 ^
%Warning-WIDTHEXPAND: /home/flynnsbit/Projects/MisterPlex/.worktrees/rtl-real-ref-measure/fpga/Plex_MiSTer/rtl/h264_iq_idct_4x4.sv:231:53: Operator ADD expects 30 bits on the LHS, but LHS's SIGNED generates 9 bits.
                                                                                                                                         : ... note: In instance 'stream_path_full_frame_tb.dut.stub.u_i_res_sink.u_recon'
  231 |  assign recon[0]  = clip8($signed({1'b0, pred[0]})  + residual[0]);
      |                                                     ^
%Warning-WIDTHEXPAND: /home/flynnsbit/Projects/MisterPlex/.worktrees/rtl-real-ref-measure/fpga/Plex_MiSTer/rtl/h264_iq_idct_4x4.sv:232:53: Operator ADD expects 30 bits on the LHS, but LHS's SIGNED generates 9 bits.
                                                                                                                                         : ... note: In instance 'stream_path_full_frame_tb.dut.stub.u_i_res_sink.u_recon'
  232 |  assign recon[1]  = clip8($signed({1'b0, pred[1]})  + residual[1]);
      |                                                     ^
%Warning-WIDTHEXPAND: /home/flynnsbit/Projects/MisterPlex/.worktrees/rtl-real-ref-measure/fpga/Plex_MiSTer/rtl/h264_iq_idct_4x4.sv:233:53: Operator ADD expects 30 bits on the LHS, but LHS's SIGNED generates 9 bits.
                                                                                                                                         : ... note: In instance 'stream_path_full_frame_tb.dut.stub.u_i_res_sink.u_recon'
  233 |  assign recon[2]  = clip8($signed({1'b0, pred[2]})  + residual[2]);
      |                                                     ^
%Warning-WIDTHEXPAND: /home/flynnsbit/Projects/MisterPlex/.worktrees/rtl-real-ref-measure/fpga/Plex_MiSTer/rtl/h264_iq_idct_4x4.sv:234:53: Operator ADD expects 30 bits on the LHS, but LHS's SIGNED generates 9 bits.
                                                                                                                                         : ... note: In instance 'stream_path_full_frame_tb.dut.stub.u_i_res_sink.u_recon'
  234 |  assign recon[3]  = clip8($signed({1'b0, pred[3]})  + residual[3]);
      |                                                     ^
%Warning-WIDTHEXPAND: /home/flynnsbit/Projects/MisterPlex/.worktrees/rtl-real-ref-measure/fpga/Plex_MiSTer/rtl/h264_iq_idct_4x4.sv:235:53: Operator ADD expects 30 bits on the LHS, but LHS's SIGNED generates 9 bits.
                                                                                                                                         : ... note: In instance 'stream_path_full_frame_tb.dut.stub.u_i_res_sink.u_recon'
  235 |  assign recon[4]  = clip8($signed({1'b0, pred[4]})  + residual[4]);
      |                                                     ^
%Warning-WIDTHEXPAND: /home/flynnsbit/Projects/MisterPlex/.worktrees/rtl-real-ref-measure/fpga/Plex_MiSTer/rtl/h264_iq_idct_4x4.sv:236:53: Operator ADD expects 30 bits on the LHS, but LHS's SIGNED generates 9 bits.
                                                                                                                                         : ... note: In instance 'stream_path_full_frame_tb.dut.stub.u_i_res_sink.u_recon'
  236 |  assign recon[5]  = clip8($signed({1'b0, pred[5]})  + residual[5]);
      |                                                     ^
%Warning-WIDTHEXPAND: /home/flynnsbit/Projects/MisterPlex/.worktrees/rtl-real-ref-measure/fpga/Plex_MiSTer/rtl/h264_iq_idct_4x4.sv:237:53: Operator ADD expects 30 bits on the LHS, but LHS's SIGNED generates 9 bits.
                                                                                                                                         : ... note: In instance 'stream_path_full_frame_tb.dut.stub.u_i_res_sink.u_recon'
  237 |  assign recon[6]  = clip8($signed({1'b0, pred[6]})  + residual[6]);
      |                                                     ^
%Warning-WIDTHEXPAND: /home/flynnsbit/Projects/MisterPlex/.worktrees/rtl-real-ref-measure/fpga/Plex_MiSTer/rtl/h264_iq_idct_4x4.sv:238:53: Operator ADD expects 30 bits on the LHS, but LHS's SIGNED generates 9 bits.
                                                                                                                                         : ... note: In instance 'stream_path_full_frame_tb.dut.stub.u_i_res_sink.u_recon'
  238 |  assign recon[7]  = clip8($signed({1'b0, pred[7]})  + residual[7]);
      |                                                     ^
%Warning-WIDTHEXPAND: /home/flynnsbit/Projects/MisterPlex/.worktrees/rtl-real-ref-measure/fpga/Plex_MiSTer/rtl/h264_iq_idct_4x4.sv:239:53: Operator ADD expects 30 bits on the LHS, but LHS's SIGNED generates 9 bits.
                                                                                                                                         : ... note: In instance 'stream_path_full_frame_tb.dut.stub.u_i_res_sink.u_recon'
  239 |  assign recon[8]  = clip8($signed({1'b0, pred[8]})  + residual[8]);
      |                                                     ^
%Warning-WIDTHEXPAND: /home/flynnsbit/Projects/MisterPlex/.worktrees/rtl-real-ref-measure/fpga/Plex_MiSTer/rtl/h264_iq_idct_4x4.sv:240:53: Operator ADD expects 30 bits on the LHS, but LHS's SIGNED generates 9 bits.
                                                                                                                                         : ... note: In instance 'stream_path_full_frame_tb.dut.stub.u_i_res_sink.u_recon'
  240 |  assign recon[9]  = clip8($signed({1'b0, pred[9]})  + residual[9]);
      |                                                     ^
%Warning-WIDTHEXPAND: /home/flynnsbit/Projects/MisterPlex/.worktrees/rtl-real-ref-measure/fpga/Plex_MiSTer/rtl/h264_iq_idct_4x4.sv:241:53: Operator ADD expects 30 bits on the LHS, but LHS's SIGNED generates 9 bits.
                                                                                                                                         : ... note: In instance 'stream_path_full_frame_tb.dut.stub.u_i_res_sink.u_recon'
  241 |  assign recon[10] = clip8($signed({1'b0, pred[10]}) + residual[10]);
      |                                                     ^
%Warning-WIDTHEXPAND: /home/flynnsbit/Projects/MisterPlex/.worktrees/rtl-real-ref-measure/fpga/Plex_MiSTer/rtl/h264_iq_idct_4x4.sv:242:53: Operator ADD expects 30 bits on the LHS, but LHS's SIGNED generates 9 bits.
                                                                                                                                         : ... note: In instance 'stream_path_full_frame_tb.dut.stub.u_i_res_sink.u_recon'
  242 |  assign recon[11] = clip8($signed({1'b0, pred[11]}) + residual[11]);
      |                                                     ^
%Warning-WIDTHEXPAND: /home/flynnsbit/Projects/MisterPlex/.worktrees/rtl-real-ref-measure/fpga/Plex_MiSTer/rtl/h264_iq_idct_4x4.sv:243:53: Operator ADD expects 30 bits on the LHS, but LHS's SIGNED generates 9 bits.
                                                                                                                                         : ... note: In instance 'stream_path_full_frame_tb.dut.stub.u_i_res_sink.u_recon'
  243 |  assign recon[12] = clip8($signed({1'b0, pred[12]}) + residual[12]);
      |                                                     ^
%Warning-WIDTHEXPAND: /home/flynnsbit/Projects/MisterPlex/.worktrees/rtl-real-ref-measure/fpga/Plex_MiSTer/rtl/h264_iq_idct_4x4.sv:244:53: Operator ADD expects 30 bits on the LHS, but LHS's SIGNED generates 9 bits.
                                                                                                                                         : ... note: In instance 'stream_path_full_frame_tb.dut.stub.u_i_res_sink.u_recon'
  244 |  assign recon[13] = clip8($signed({1'b0, pred[13]}) + residual[13]);
      |                                                     ^
%Warning-WIDTHEXPAND: /home/flynnsbit/Projects/MisterPlex/.worktrees/rtl-real-ref-measure/fpga/Plex_MiSTer/rtl/h264_iq_idct_4x4.sv:245:53: Operator ADD expects 30 bits on the LHS, but LHS's SIGNED generates 9 bits.
                                                                                                                                         : ... note: In instance 'stream_path_full_frame_tb.dut.stub.u_i_res_sink.u_recon'
  245 |  assign recon[14] = clip8($signed({1'b0, pred[14]}) + residual[14]);
      |                                                     ^
%Warning-WIDTHEXPAND: /home/flynnsbit/Projects/MisterPlex/.worktrees/rtl-real-ref-measure/fpga/Plex_MiSTer/rtl/h264_iq_idct_4x4.sv:246:53: Operator ADD expects 30 bits on the LHS, but LHS's SIGNED generates 9 bits.
                                                                                                                                         : ... note: In instance 'stream_path_full_frame_tb.dut.stub.u_i_res_sink.u_recon'
  246 |  assign recon[15] = clip8($signed({1'b0, pred[15]}) + residual[15]);
      |                                                     ^
%Warning-WIDTHEXPAND: /home/flynnsbit/Projects/MisterPlex/.worktrees/rtl-real-ref-measure/fpga/Plex_MiSTer/rtl/h264_iq_idct_4x4.sv:167:38: Operator ADD expects 32 bits on the LHS, but LHS's ARRAYSEL generates 29 bits.
                                                                                                                                         : ... note: In instance 'stream_path_full_frame_tb.dut.stub.u_i_res_sink.u_idct'
  167 |  wire signed [31:0] b0  = dequant[0] + 29'sd32;
      |                                      ^
%Warning-WIDTHEXPAND: /home/flynnsbit/Projects/MisterPlex/.worktrees/rtl-real-ref-measure/fpga/Plex_MiSTer/rtl/h264_iq_idct_4x4.sv:167:38: Operator ADD expects 32 bits on the RHS, but RHS's CONST '29'sh20' generates 29 bits.
                                                                                                                                         : ... note: In instance 'stream_path_full_frame_tb.dut.stub.u_i_res_sink.u_idct'
  167 |  wire signed [31:0] b0  = dequant[0] + 29'sd32;
      |                                      ^
%Warning-WIDTHEXPAND: /home/flynnsbit/Projects/MisterPlex/.worktrees/rtl-real-ref-measure/fpga/Plex_MiSTer/rtl/h264_iq_idct_4x4.sv:168:25: Operator ASSIGNW expects 32 bits on the Assign RHS, but Assign RHS's ARRAYSEL generates 29 bits.
                                                                                                                                         : ... note: In instance 'stream_path_full_frame_tb.dut.stub.u_i_res_sink.u_idct'
  168 |  wire signed [31:0] b1  = dequant[1];
      |                         ^
%Warning-WIDTHEXPAND: /home/flynnsbit/Projects/MisterPlex/.worktrees/rtl-real-ref-measure/fpga/Plex_MiSTer/rtl/h264_iq_idct_4x4.sv:169:25: Operator ASSIGNW expects 32 bits on the Assign RHS, but Assign RHS's ARRAYSEL generates 29 bits.
                                                                                                                                         : ... note: In instance 'stream_path_full_frame_tb.dut.stub.u_i_res_sink.u_idct'
  169 |  wire signed [31:0] b2  = dequant[2];
      |                         ^
%Warning-WIDTHEXPAND: /home/flynnsbit/Projects/MisterPlex/.worktrees/rtl-real-ref-measure/fpga/Plex_MiSTer/rtl/h264_iq_idct_4x4.sv:170:25: Operator ASSIGNW expects 32 bits on the Assign RHS, but Assign RHS's ARRAYSEL generates 29 bits.
                                                                                                                                         : ... note: In instance 'stream_path_full_frame_tb.dut.stub.u_i_res_sink.u_idct'
  170 |  wire signed [31:0] b3  = dequant[3];
      |                         ^
%Warning-WIDTHEXPAND: /home/flynnsbit/Projects/MisterPlex/.worktrees/rtl-real-ref-measure/fpga/Plex_MiSTer/rtl/h264_iq_idct_4x4.sv:171:25: Operator ASSIGNW expects 32 bits on the Assign RHS, but Assign RHS's ARRAYSEL generates 29 bits.
                                                                                                                                         : ... note: In instance 'stream_path_full_frame_tb.dut.stub.u_i_res_sink.u_idct'
  171 |  wire signed [31:0] b4  = dequant[4];
      |                         ^
%Warning-WIDTHEXPAND: /home/flynnsbit/Projects/MisterPlex/.worktrees/rtl-real-ref-measure/fpga/Plex_MiSTer/rtl/h264_iq_idct_4x4.sv:172:25: Operator ASSIGNW expects 32 bits on the Assign RHS, but Assign RHS's ARRAYSEL generates 29 bits.
                                                                                                                                         : ... note: In instance 'stream_path_full_frame_tb.dut.stub.u_i_res_sink.u_idct'
  172 |  wire signed [31:0] b5  = dequant[5];
      |                         ^
%Warning-WIDTHEXPAND: /home/flynnsbit/Projects/MisterPlex/.worktrees/rtl-real-ref-measure/fpga/Plex_MiSTer/rtl/h264_iq_idct_4x4.sv:173:25: Operator ASSIGNW expects 32 bits on the Assign RHS, but Assign RHS's ARRAYSEL generates 29 bits.
                                                                                                                                         : ... note: In instance 'stream_path_full_frame_tb.dut.stub.u_i_res_sink.u_idct'
  173 |  wire signed [31:0] b6  = dequant[6];
      |                         ^
%Warning-WIDTHEXPAND: /home/flynnsbit/Projects/MisterPlex/.worktrees/rtl-real-ref-measure/fpga/Plex_MiSTer/rtl/h264_iq_idct_4x4.sv:174:25: Operator ASSIGNW expects 32 bits on the Assign RHS, but Assign RHS's ARRAYSEL generates 29 bits.
                                                                                                                                         : ... note: In instance 'stream_path_full_frame_tb.dut.stub.u_i_res_sink.u_idct'
  174 |  wire signed [31:0] b7  = dequant[7];
      |                         ^
%Warning-WIDTHEXPAND: /home/flynnsbit/Projects/MisterPlex/.worktrees/rtl-real-ref-measure/fpga/Plex_MiSTer/rtl/h264_iq_idct_4x4.sv:175:25: Operator ASSIGNW expects 32 bits on the Assign RHS, but Assign RHS's ARRAYSEL generates 29 bits.
                                                                                                                                         : ... note: In instance 'stream_path_full_frame_tb.dut.stub.u_i_res_sink.u_idct'
  175 |  wire signed [31:0] b8  = dequant[8];
      |                         ^
%Warning-WIDTHEXPAND: /home/flynnsbit/Projects/MisterPlex/.worktrees/rtl-real-ref-measure/fpga/Plex_MiSTer/rtl/h264_iq_idct_4x4.sv:176:25: Operator ASSIGNW expects 32 bits on the Assign RHS, but Assign RHS's ARRAYSEL generates 29 bits.
                                                                                                                                         : ... note: In instance 'stream_path_full_frame_tb.dut.stub.u_i_res_sink.u_idct'
  176 |  wire signed [31:0] b9  = dequant[9];
      |                         ^
%Warning-WIDTHEXPAND: /home/flynnsbit/Projects/MisterPlex/.worktrees/rtl-real-ref-measure/fpga/Plex_MiSTer/rtl/h264_iq_idct_4x4.sv:177:25: Operator ASSIGNW expects 32 bits on the Assign RHS, but Assign RHS's ARRAYSEL generates 29 bits.
                                                                                                                                         : ... note: In instance 'stream_path_full_frame_tb.dut.stub.u_i_res_sink.u_idct'
  177 |  wire signed [31:0] b10 = dequant[10];
      |                         ^
%Warning-WIDTHEXPAND: /home/flynnsbit/Projects/MisterPlex/.worktrees/rtl-real-ref-measure/fpga/Plex_MiSTer/rtl/h264_iq_idct_4x4.sv:178:25: Operator ASSIGNW expects 32 bits on the Assign RHS, but Assign RHS's ARRAYSEL generates 29 bits.
                                                                                                                                         : ... note: In instance 'stream_path_full_frame_tb.dut.stub.u_i_res_sink.u_idct'
  178 |  wire signed [31:0] b11 = dequant[11];
      |                         ^
%Warning-WIDTHEXPAND: /home/flynnsbit/Projects/MisterPlex/.worktrees/rtl-real-ref-measure/fpga/Plex_MiSTer/rtl/h264_iq_idct_4x4.sv:179:25: Operator ASSIGNW expects 32 bits on the Assign RHS, but Assign RHS's ARRAYSEL generates 29 bits.
                                                                                                                                         : ... note: In instance 'stream_path_full_frame_tb.dut.stub.u_i_res_sink.u_idct'
  179 |  wire signed [31:0] b12 = dequant[12];
      |                         ^
%Warning-WIDTHEXPAND: /home/flynnsbit/Projects/MisterPlex/.worktrees/rtl-real-ref-measure/fpga/Plex_MiSTer/rtl/h264_iq_idct_4x4.sv:180:25: Operator ASSIGNW expects 32 bits on the Assign RHS, but Assign RHS's ARRAYSEL generates 29 bits.
                                                                                                                                         : ... note: In instance 'stream_path_full_frame_tb.dut.stub.u_i_res_sink.u_idct'
  180 |  wire signed [31:0] b13 = dequant[13];
      |                         ^
%Warning-WIDTHEXPAND: /home/flynnsbit/Projects/MisterPlex/.worktrees/rtl-real-ref-measure/fpga/Plex_MiSTer/rtl/h264_iq_idct_4x4.sv:181:25: Operator ASSIGNW expects 32 bits on the Assign RHS, but Assign RHS's ARRAYSEL generates 29 bits.
                                                                                                                                         : ... note: In instance 'stream_path_full_frame_tb.dut.stub.u_i_res_sink.u_idct'
  181 |  wire signed [31:0] b14 = dequant[14];
      |                         ^
%Warning-WIDTHEXPAND: /home/flynnsbit/Projects/MisterPlex/.worktrees/rtl-real-ref-measure/fpga/Plex_MiSTer/rtl/h264_iq_idct_4x4.sv:182:25: Operator ASSIGNW expects 32 bits on the Assign RHS, but Assign RHS's ARRAYSEL generates 29 bits.
                                                                                                                                         : ... note: In instance 'stream_path_full_frame_tb.dut.stub.u_i_res_sink.u_idct'
  182 |  wire signed [31:0] b15 = dequant[15];
      |                         ^
%Warning-WIDTHTRUNC: /home/flynnsbit/Projects/MisterPlex/.worktrees/rtl-real-ref-measure/fpga/Plex_MiSTer/rtl/h264_iq_idct_4x4.sv:81:9: Operator ASSIGN expects 3 bits on the Assign RHS, but Assign RHS's MODDIV generates 32 or 6 bits.
                                                                                                                                      : ... note: In instance 'stream_path_full_frame_tb.dut.stub.u_i_res_sink.u_dq'
   81 |    qmod = q % 6;
      |         ^
%Warning-WIDTHTRUNC: /home/flynnsbit/Projects/MisterPlex/.worktrees/rtl-real-ref-measure/fpga/Plex_MiSTer/rtl/h264_iq_idct_4x4.sv:82:9: Operator ASSIGN expects 4 bits on the Assign RHS, but Assign RHS's DIV generates 32 or 6 bits.
                                                                                                                                      : ... note: In instance 'stream_path_full_frame_tb.dut.stub.u_i_res_sink.u_dq'
   82 |    qdiv = q / 6;
      |         ^
%Warning-WIDTHEXPAND: /home/flynnsbit/Projects/MisterPlex/.worktrees/rtl-real-ref-measure/fpga/Plex_MiSTer/rtl/h264_i_res_recon_sink.sv:154:19: Operator ASSIGNW expects 5 bits on the Assign RHS, but Assign RHS's REPLICATE generates 4 bits.
                                                                                                                                              : ... note: In instance 'stream_path_full_frame_tb.dut.stub.u_i_res_sink'
  154 |  wire [4:0] i4_x0 = {i4_bx, 2'b00};
      |                   ^
%Warning-WIDTHEXPAND: /home/flynnsbit/Projects/MisterPlex/.worktrees/rtl-real-ref-measure/fpga/Plex_MiSTer/rtl/h264_i_res_recon_sink.sv:155:19: Operator ASSIGNW expects 5 bits on the Assign RHS, but Assign RHS's REPLICATE generates 4 bits.
                                                                                                                                              : ... note: In instance 'stream_path_full_frame_tb.dut.stub.u_i_res_sink'
  155 |  wire [4:0] i4_y0 = {i4_by, 2'b00};
      |                   ^
%Warning-WIDTHTRUNC: /home/flynnsbit/Projects/MisterPlex/.worktrees/rtl-real-ref-measure/fpga/Plex_MiSTer/rtl/h264_i_res_recon_sink.sv:192:27: Bit extraction of array[1023:0] requires 10 bit index, not 16 bits.
                                                                                                                                             : ... note: In instance 'stream_path_full_frame_tb.dut.stub.u_i_res_sink'
  192 |      i4_above[t] = top_row[abs_x0 + t[15:0]];
      |                           ^
%Warning-WIDTHTRUNC: /home/flynnsbit/Projects/MisterPlex/.worktrees/rtl-real-ref-measure/fpga/Plex_MiSTer/rtl/h264_i_res_recon_sink.sv:195:31: Bit extraction of array[1023:0] requires 10 bit index, not 16 bits.
                                                                                                                                             : ... note: In instance 'stream_path_full_frame_tb.dut.stub.u_i_res_sink'
  195 |      i4_above[4 + t] = top_row[abs_x0 + 16'd4 + t[15:0]];
      |                               ^
%Warning-WIDTHTRUNC: /home/flynnsbit/Projects/MisterPlex/.worktrees/rtl-real-ref-measure/fpga/Plex_MiSTer/rtl/h264_i_res_recon_sink.sv:208:26: Bit extraction of array[15:0] requires 4 bit index, not 5 bits.
                                                                                                                                             : ... note: In instance 'stream_path_full_frame_tb.dut.stub.u_i_res_sink'
  208 |     i4_left[t] = left_col[i4_y0 + t[4:0]];
      |                          ^
%Warning-WIDTHTRUNC: /home/flynnsbit/Projects/MisterPlex/.worktrees/rtl-real-ref-measure/fpga/Plex_MiSTer/rtl/h264_i_res_recon_sink.sv:215:35: Bit extraction of array[1023:0] requires 10 bit index, not 16 bits.
                                                                                                                                             : ... note: In instance 'stream_path_full_frame_tb.dut.stub.u_i_res_sink'
  215 |     i4_tl = (abs_x0 > 0) ? top_row[abs_x0 - 16'd1] : 8'd128;
      |                                   ^
%Warning-WIDTHTRUNC: /home/flynnsbit/Projects/MisterPlex/.worktrees/rtl-real-ref-measure/fpga/Plex_MiSTer/rtl/h264_i_res_recon_sink.sv:217:21: Bit extraction of array[15:0] requires 4 bit index, not 5 bits.
                                                                                                                                             : ... note: In instance 'stream_path_full_frame_tb.dut.stub.u_i_res_sink'
  217 |     i4_tl = left_col[i4_y0 - 5'd1];
      |                     ^
%Warning-WIDTHEXPAND: /home/flynnsbit/Projects/MisterPlex/.worktrees/rtl-real-ref-measure/fpga/Plex_MiSTer/rtl/h264_i_res_recon_sink.sv:508:29: Operator ADD expects 18 bits on the LHS, but LHS's SIGNED generates 16 bits.
                                                                                                                                              : ... note: In instance 'stream_path_full_frame_tb.dut.stub.u_i_res_sink'
  508 |        (($signed(dc_had[0]) + 18'sd32) >>> 6),
      |                             ^
%Warning-WIDTHEXPAND: /home/flynnsbit/Projects/MisterPlex/.worktrees/rtl-real-ref-measure/fpga/Plex_MiSTer/rtl/h264_i_res_recon_sink.sv:509:30: Operator ADD expects 18 bits on the LHS, but LHS's SIGNED generates 16 bits.
                                                                                                                                              : ... note: In instance 'stream_path_full_frame_tb.dut.stub.u_i_res_sink'
  509 |        (($signed(dc_had[15]) + 18'sd32) >>> 6));
      |                              ^
%Warning-WIDTHEXPAND: /home/flynnsbit/Projects/MisterPlex/.worktrees/rtl-real-ref-measure/fpga/Plex_MiSTer/rtl/h264_i_res_recon_sink.sv:518:32: Operator ADD expects 18 bits on the LHS, but LHS's SIGNED generates 16 bits.
                                                                                                                                              : ... note: In instance 'stream_path_full_frame_tb.dut.stub.u_i_res_sink'
  518 |           (($signed(dc_had[b]) + 18'sd32) >>> 6);
      |                                ^
%Warning-WIDTHEXPAND: /home/flynnsbit/Projects/MisterPlex/.worktrees/rtl-real-ref-measure/fpga/Plex_MiSTer/rtl/h264_i_res_recon_sink.sv:538:11: Operator SUB expects 29 bits on the LHS, but LHS's SIGNED generates 18 bits.
                                                                                                                                              : ... note: In instance 'stream_path_full_frame_tb.dut.stub.u_i_res_sink'
  538 |           - (($signed(i16_dc[{by, bx}]) + 18'sd32) >>> 6)
      |           ^
%Warning-WIDTHEXPAND: /home/flynnsbit/Projects/MisterPlex/.worktrees/rtl-real-ref-measure/fpga/Plex_MiSTer/rtl/h264_i_res_recon_sink.sv:538:41: Operator ADD expects 29 bits on the LHS, but LHS's SIGNED generates 16 bits.
                                                                                                                                              : ... note: In instance 'stream_path_full_frame_tb.dut.stub.u_i_res_sink'
  538 |           - (($signed(i16_dc[{by, bx}]) + 18'sd32) >>> 6)
      |                                         ^
%Warning-WIDTHEXPAND: /home/flynnsbit/Projects/MisterPlex/.worktrees/rtl-real-ref-measure/fpga/Plex_MiSTer/rtl/h264_i_res_recon_sink.sv:538:41: Operator ADD expects 29 bits on the RHS, but RHS's CONST '18'sh20' generates 18 bits.
                                                                                                                                              : ... note: In instance 'stream_path_full_frame_tb.dut.stub.u_i_res_sink'
  538 |           - (($signed(i16_dc[{by, bx}]) + 18'sd32) >>> 6)
      |                                         ^
%Warning-WIDTHTRUNC: /home/flynnsbit/Projects/MisterPlex/.worktrees/rtl-real-ref-measure/fpga/Plex_MiSTer/rtl/h264_i_res_recon_sink.sv:537:15: Operator ASSIGN expects 18 bits on the Assign RHS, but Assign RHS's ADD generates 29 bits.
                                                                                                                                             : ... note: In instance 'stream_path_full_frame_tb.dut.stub.u_i_res_sink'
  537 |          tsum = $signed({10'd0, plane_y[addr]})
      |               ^
%Warning-WIDTHEXPAND: /home/flynnsbit/Projects/MisterPlex/.worktrees/rtl-real-ref-measure/fpga/Plex_MiSTer/rtl/decode_stub.sv:1389:31: Operator ASSIGNDLY expects 32 bits on the Assign RHS, but Assign RHS's CONST '1'h1' generates 1 bits.
                                                                                                                                     : ... note: In instance 'stream_path_full_frame_tb.dut.stub'
 1389 |      dbg_printed_recon_counts <= 1'b1;
      |                               ^~
%Warning-WIDTHTRUNC: /home/flynnsbit/Projects/MisterPlex/.worktrees/rtl-real-ref-measure/fpga/Plex_MiSTer/rtl/decode_stub.sv:1384:9: Logical operator LOGNOT expects 1 bit on the LHS, but LHS's VARREF 'dbg_printed_recon_counts' generates 32 bits.
                                                                                                                                   : ... note: In instance 'stream_path_full_frame_tb.dut.stub'
 1384 |     if (!dbg_printed_recon_counts) begin
      |         ^
%Warning-WIDTHEXPAND: /home/flynnsbit/Projects/MisterPlex/.worktrees/rtl-real-ref-measure/fpga/Plex_MiSTer/rtl/h264_p_mb_traverse.sv:234:17: Operator SHIFTR expects 32 bits on the LHS, but LHS's VARREF 'idx' generates 16 bits.
                                                                                                                                           : ... note: In instance 'stream_path_full_frame_tb.dut.u_p_traverse'
  234 |    byte_i = idx >> 3;
      |                 ^~
%Warning-WIDTHEXPAND: /home/flynnsbit/Projects/MisterPlex/.worktrees/rtl-real-ref-measure/fpga/Plex_MiSTer/rtl/h264_p_mb_traverse.sv:235:21: Operator AND expects 32 bits on the LHS, but LHS's VARREF 'idx' generates 16 bits.
                                                                                                                                           : ... note: In instance 'stream_path_full_frame_tb.dut.u_p_traverse'
  235 |    bit_i = 7 - (idx & 16'd7);
      |                     ^
%Warning-WIDTHEXPAND: /home/flynnsbit/Projects/MisterPlex/.worktrees/rtl-real-ref-measure/fpga/Plex_MiSTer/rtl/h264_p_mb_traverse.sv:235:21: Operator AND expects 32 bits on the RHS, but RHS's CONST '16'h7' generates 16 bits.
                                                                                                                                           : ... note: In instance 'stream_path_full_frame_tb.dut.u_p_traverse'
  235 |    bit_i = 7 - (idx & 16'd7);
      |                     ^
%Warning-WIDTHTRUNC: /home/flynnsbit/Projects/MisterPlex/.worktrees/rtl-real-ref-measure/fpga/Plex_MiSTer/rtl/h264_p_mb_traverse.sv:480:26: Bit extraction of array[255:0] requires 8 bit index, not 16 bits.
                                                                                                                                          : ... note: In instance 'stream_path_full_frame_tb.dut.u_p_traverse'
  480 |     tc_top_local = tc_top[abs_x];
      |                          ^
%Warning-WIDTHEXPAND: /home/flynnsbit/Projects/MisterPlex/.worktrees/rtl-real-ref-measure/fpga/Plex_MiSTer/rtl/h264_p_mb_traverse.sv:479:14: Operator LT expects 32 bits on the LHS, but LHS's VARREF 'abs_x' generates 16 bits.
                                                                                                                                           : ... note: In instance 'stream_path_full_frame_tb.dut.u_p_traverse'
  479 |    if (abs_x < MAX_MB_W*4 && tc_top_v[abs_x])
      |              ^
%Warning-WIDTHTRUNC: /home/flynnsbit/Projects/MisterPlex/.worktrees/rtl-real-ref-measure/fpga/Plex_MiSTer/rtl/h264_p_mb_traverse.sv:479:38: Bit extraction of array[255:0] requires 8 bit index, not 16 bits.
                                                                                                                                          : ... note: In instance 'stream_path_full_frame_tb.dut.u_p_traverse'
  479 |    if (abs_x < MAX_MB_W*4 && tc_top_v[abs_x])
      |                                      ^
%Warning-WIDTHTRUNC: /home/flynnsbit/Projects/MisterPlex/.worktrees/rtl-real-ref-measure/fpga/Plex_MiSTer/rtl/h264_p_mb_traverse.sv:444:18: Bit extraction of array[255:0] requires 8 bit index, not 16 bits.
                                                                                                                                          : ... note: In instance 'stream_path_full_frame_tb.dut.u_p_traverse'
  444 |     nB = tc_top_v[abs_x] ? tc_top[abs_x] : 5'd0;
      |                  ^
%Warning-WIDTHTRUNC: /home/flynnsbit/Projects/MisterPlex/.worktrees/rtl-real-ref-measure/fpga/Plex_MiSTer/rtl/h264_p_mb_traverse.sv:444:34: Bit extraction of array[255:0] requires 8 bit index, not 16 bits.
                                                                                                                                          : ... note: In instance 'stream_path_full_frame_tb.dut.u_p_traverse'
  444 |     nB = tc_top_v[abs_x] ? tc_top[abs_x] : 5'd0;
      |                                  ^
%Warning-WIDTHEXPAND: /home/flynnsbit/Projects/MisterPlex/.worktrees/rtl-real-ref-measure/fpga/Plex_MiSTer/rtl/h264_p_mb_traverse.sv:443:38: Operator LT expects 32 bits on the LHS, but LHS's VARREF 'abs_x' generates 16 bits.
                                                                                                                                           : ... note: In instance 'stream_path_full_frame_tb.dut.u_p_traverse'
  443 |    else if (curr_y != 16'd0 && abs_x < MAX_MB_W*4)
      |                                      ^
%Warning-WIDTHEXPAND: /home/flynnsbit/Projects/MisterPlex/.worktrees/rtl-real-ref-measure/fpga/Plex_MiSTer/rtl/h264_p_mb_traverse.sv:520:17: Operator LT expects 32 bits on the LHS, but LHS's VARREF 'abs_x' generates 16 bits.
                                                                                                                                           : ... note: In instance 'stream_path_full_frame_tb.dut.u_p_traverse'
  520 |     nB = (abs_x < MAX_MB_W*2 && tc_chr_top_v[p][abs_x]) ?
      |                 ^
%Warning-WIDTHTRUNC: /home/flynnsbit/Projects/MisterPlex/.worktrees/rtl-real-ref-measure/fpga/Plex_MiSTer/rtl/h264_p_mb_traverse.sv:520:48: Bit extraction of array[127:0] requires 7 bit index, not 16 bits.
                                                                                                                                          : ... note: In instance 'stream_path_full_frame_tb.dut.u_p_traverse'
  520 |     nB = (abs_x < MAX_MB_W*2 && tc_chr_top_v[p][abs_x]) ?
      |                                                ^
%Warning-WIDTHTRUNC: /home/flynnsbit/Projects/MisterPlex/.worktrees/rtl-real-ref-measure/fpga/Plex_MiSTer/rtl/h264_p_mb_traverse.sv:521:19: Bit extraction of array[127:0] requires 7 bit index, not 16 bits.
                                                                                                                                          : ... note: In instance 'stream_path_full_frame_tb.dut.u_p_traverse'
  521 |      tc_chr_top[p][abs_x] : 5'd0;
      |                   ^
%Warning-WIDTHTRUNC: /home/flynnsbit/Projects/MisterPlex/.worktrees/rtl-real-ref-measure/fpga/Plex_MiSTer/rtl/h264_p_mb_traverse.sv:523:25: Bit extraction of array[127:0] requires 7 bit index, not 16 bits.
                                                                                                                                          : ... note: In instance 'stream_path_full_frame_tb.dut.u_p_traverse'
  523 |     nB = tc_chr_top_v[p][abs_x] ? tc_chr_top[p][abs_x] : 5'd0;
      |                         ^
%Warning-WIDTHTRUNC: /home/flynnsbit/Projects/MisterPlex/.worktrees/rtl-real-ref-measure/fpga/Plex_MiSTer/rtl/h264_p_mb_traverse.sv:523:48: Bit extraction of array[127:0] requires 7 bit index, not 16 bits.
                                                                                                                                          : ... note: In instance 'stream_path_full_frame_tb.dut.u_p_traverse'
  523 |     nB = tc_chr_top_v[p][abs_x] ? tc_chr_top[p][abs_x] : 5'd0;
      |                                                ^
%Warning-WIDTHEXPAND: /home/flynnsbit/Projects/MisterPlex/.worktrees/rtl-real-ref-measure/fpga/Plex_MiSTer/rtl/h264_p_mb_traverse.sv:522:38: Operator LT expects 32 bits on the LHS, but LHS's VARREF 'abs_x' generates 16 bits.
                                                                                                                                           : ... note: In instance 'stream_path_full_frame_tb.dut.u_p_traverse'
  522 |    else if (curr_y != 16'd0 && abs_x < MAX_MB_W*2)
      |                                      ^
%Warning-WIDTHEXPAND: /home/flynnsbit/Projects/MisterPlex/.worktrees/rtl-real-ref-measure/fpga/Plex_MiSTer/rtl/h264_p_mb_traverse.sv:639:20: Operator SHIFTR expects 32 bits on the LHS, but LHS's VARREF 'abs_bit' generates 16 bits.
                                                                                                                                           : ... note: In instance 'stream_path_full_frame_tb.dut.u_p_traverse'
  639 |    bbase = abs_bit >> 3;
      |                    ^~
%Warning-WIDTHTRUNC: /home/flynnsbit/Projects/MisterPlex/.worktrees/rtl-real-ref-measure/fpga/Plex_MiSTer/rtl/h264_p_mb_traverse.sv:727:12: Operator ASSIGN expects 3 bits on the Assign RHS, but Assign RHS's SUB generates 5 bits.
                                                                                                                                          : ... note: In instance 'stream_path_full_frame_tb.dut.u_p_traverse'
  727 |      chr_i = idx - 5'd19;
      |            ^
%Warning-WIDTHTRUNC: /home/flynnsbit/Projects/MisterPlex/.worktrees/rtl-real-ref-measure/fpga/Plex_MiSTer/rtl/h264_p_mb_traverse.sv:747:11: Operator ASSIGN expects 3 bits on the Assign RHS, but Assign RHS's SUB generates 5 bits.
                                                                                                                                          : ... note: In instance 'stream_path_full_frame_tb.dut.u_p_traverse'
  747 |     chr_i = idx - 5'd18;
      |           ^
%Warning-WIDTHTRUNC: /home/flynnsbit/Projects/MisterPlex/.worktrees/rtl-real-ref-measure/fpga/Plex_MiSTer/rtl/h264_p_mb_traverse.sv:778:11: Bit extraction of array[255:0] requires 8 bit index, not 16 bits.
                                                                                                                                          : ... note: In instance 'stream_path_full_frame_tb.dut.u_p_traverse'
  778 |     tc_top[abs_x] <= tc;
      |           ^
%Warning-WIDTHTRUNC: /home/flynnsbit/Projects/MisterPlex/.worktrees/rtl-real-ref-measure/fpga/Plex_MiSTer/rtl/h264_p_mb_traverse.sv:779:13: Bit extraction of array[255:0] requires 8 bit index, not 16 bits.
                                                                                                                                          : ... note: In instance 'stream_path_full_frame_tb.dut.u_p_traverse'
  779 |     tc_top_v[abs_x] <= 1'b1;
      |             ^
%Warning-WIDTHEXPAND: /home/flynnsbit/Projects/MisterPlex/.worktrees/rtl-real-ref-measure/fpga/Plex_MiSTer/rtl/h264_p_mb_traverse.sv:777:14: Operator LT expects 32 bits on the LHS, but LHS's VARREF 'abs_x' generates 16 bits.
                                                                                                                                           : ... note: In instance 'stream_path_full_frame_tb.dut.u_p_traverse'
  777 |    if (abs_x < MAX_MB_W*4) begin
      |              ^
%Warning-WIDTHTRUNC: /home/flynnsbit/Projects/MisterPlex/.worktrees/rtl-real-ref-measure/fpga/Plex_MiSTer/rtl/h264_p_mb_traverse.sv:797:18: Bit extraction of array[127:0] requires 7 bit index, not 16 bits.
                                                                                                                                          : ... note: In instance 'stream_path_full_frame_tb.dut.u_p_traverse'
  797 |     tc_chr_top[p][abs_x] <= tc;
      |                  ^
%Warning-WIDTHTRUNC: /home/flynnsbit/Projects/MisterPlex/.worktrees/rtl-real-ref-measure/fpga/Plex_MiSTer/rtl/h264_p_mb_traverse.sv:798:20: Bit extraction of array[127:0] requires 7 bit index, not 16 bits.
                                                                                                                                          : ... note: In instance 'stream_path_full_frame_tb.dut.u_p_traverse'
  798 |     tc_chr_top_v[p][abs_x] <= 1'b1;
      |                    ^
%Warning-WIDTHEXPAND: /home/flynnsbit/Projects/MisterPlex/.worktrees/rtl-real-ref-measure/fpga/Plex_MiSTer/rtl/h264_p_mb_traverse.sv:796:14: Operator LT expects 32 bits on the LHS, but LHS's VARREF 'abs_x' generates 16 bits.
                                                                                                                                           : ... note: In instance 'stream_path_full_frame_tb.dut.u_p_traverse'
  796 |    if (abs_x < MAX_MB_W*2) begin
      |              ^
%Warning-WIDTHTRUNC: /home/flynnsbit/Projects/MisterPlex/.worktrees/rtl-real-ref-measure/fpga/Plex_MiSTer/rtl/h264_p_mb_traverse.sv:814:20: Bit extraction of array[127:0] requires 7 bit index, not 16 bits.
                                                                                                                                          : ... note: In instance 'stream_path_full_frame_tb.dut.u_p_traverse'
  814 |       tc_chr_top[p][abs_x] <= 5'd0;
      |                    ^
%Warning-WIDTHTRUNC: /home/flynnsbit/Projects/MisterPlex/.worktrees/rtl-real-ref-measure/fpga/Plex_MiSTer/rtl/h264_p_mb_traverse.sv:815:22: Bit extraction of array[127:0] requires 7 bit index, not 16 bits.
                                                                                                                                          : ... note: In instance 'stream_path_full_frame_tb.dut.u_p_traverse'
  815 |       tc_chr_top_v[p][abs_x] <= 1'b1;
      |                      ^
%Warning-WIDTHEXPAND: /home/flynnsbit/Projects/MisterPlex/.worktrees/rtl-real-ref-measure/fpga/Plex_MiSTer/rtl/h264_p_mb_traverse.sv:813:16: Operator LT expects 32 bits on the LHS, but LHS's VARREF 'abs_x' generates 16 bits.
                                                                                                                                           : ... note: In instance 'stream_path_full_frame_tb.dut.u_p_traverse'
  813 |      if (abs_x < MAX_MB_W*2) begin
      |                ^
%Warning-WIDTHTRUNC: /home/flynnsbit/Projects/MisterPlex/.worktrees/rtl-real-ref-measure/fpga/Plex_MiSTer/rtl/h264_p_mb_traverse.sv:933:9: Bit extraction of array[8191:0] requires 13 bit index, not 16 bits.
                                                                                                                                         : ... note: In instance 'stream_path_full_frame_tb.dut.u_p_traverse'
  933 |     rbsp[rbsp_len] <= in_byte;
      |         ^
%Warning-WIDTHTRUNC: /home/flynnsbit/Projects/MisterPlex/.worktrees/rtl-real-ref-measure/fpga/Plex_MiSTer/rtl/h264_p_mb_traverse.sv:1164:16: Bit extraction of array[255:0] requires 8 bit index, not 16 bits.
                                                                                                                                           : ... note: In instance 'stream_path_full_frame_tb.dut.u_p_traverse'
 1164 |          tc_top[{curr_x[13:0], 2'b00} + sx[15:0]] <= 5'd0;
      |                ^
%Warning-WIDTHTRUNC: /home/flynnsbit/Projects/MisterPlex/.worktrees/rtl-real-ref-measure/fpga/Plex_MiSTer/rtl/h264_p_mb_traverse.sv:1165:18: Bit extraction of array[255:0] requires 8 bit index, not 16 bits.
                                                                                                                                           : ... note: In instance 'stream_path_full_frame_tb.dut.u_p_traverse'
 1165 |          tc_top_v[{curr_x[13:0], 2'b00} + sx[15:0]] <= 1'b1;
      |                  ^
%Warning-WIDTHEXPAND: /home/flynnsbit/Projects/MisterPlex/.worktrees/rtl-real-ref-measure/fpga/Plex_MiSTer/rtl/h264_p_mb_traverse.sv:1163:36: Operator ADD expects 32 bits on the LHS, but LHS's REPLICATE generates 16 bits.
                                                                                                                                            : ... note: In instance 'stream_path_full_frame_tb.dut.u_p_traverse'
 1163 |         if (({curr_x[13:0], 2'b00} + sx[15:0]) < MAX_MB_W*4) begin
      |                                    ^
%Warning-WIDTHEXPAND: /home/flynnsbit/Projects/MisterPlex/.worktrees/rtl-real-ref-measure/fpga/Plex_MiSTer/rtl/h264_p_mb_traverse.sv:1163:36: Operator ADD expects 32 bits on the RHS, but RHS's SEL generates 16 bits.
                                                                                                                                            : ... note: In instance 'stream_path_full_frame_tb.dut.u_p_traverse'
 1163 |         if (({curr_x[13:0], 2'b00} + sx[15:0]) < MAX_MB_W*4) begin
      |                                    ^
%Warning-WIDTHEXPAND: /home/flynnsbit/Projects/MisterPlex/.worktrees/rtl-real-ref-measure/fpga/Plex_MiSTer/rtl/h264_p_mb_traverse.sv:1213:25: Operator MODDIV expects 5 bits on the RHS, but RHS's CONST '2'h3' generates 2 bits.
                                                                                                                                            : ... note: In instance 'stream_path_full_frame_tb.dut.u_p_traverse'
 1213 |         cc = (x / 5'd4) % 2'd3;
      |                         ^
%Warning-WIDTHTRUNC: /home/flynnsbit/Projects/MisterPlex/.worktrees/rtl-real-ref-measure/fpga/Plex_MiSTer/rtl/h264_p_mb_traverse.sv:1213:12: Operator ASSIGN expects 2 bits on the Assign RHS, but Assign RHS's MODDIV generates 5 bits.
                                                                                                                                           : ... note: In instance 'stream_path_full_frame_tb.dut.u_p_traverse'
 1213 |         cc = (x / 5'd4) % 2'd3;
      |            ^
%Warning-WIDTHEXPAND: /home/flynnsbit/Projects/MisterPlex/.worktrees/rtl-real-ref-measure/fpga/Plex_MiSTer/rtl/h264_p_mb_traverse.sv:1264:24: Operator MODDIV expects 5 bits on the RHS, but RHS's CONST '2'h3' generates 2 bits.
                                                                                                                                            : ... note: In instance 'stream_path_full_frame_tb.dut.u_p_traverse'
 1264 |        cc = (x / 5'd4) % 2'd3;
      |                        ^
%Warning-WIDTHTRUNC: /home/flynnsbit/Projects/MisterPlex/.worktrees/rtl-real-ref-measure/fpga/Plex_MiSTer/rtl/h264_p_mb_traverse.sv:1264:11: Operator ASSIGN expects 2 bits on the Assign RHS, but Assign RHS's MODDIV generates 5 bits.
                                                                                                                                           : ... note: In instance 'stream_path_full_frame_tb.dut.u_p_traverse'
 1264 |        cc = (x / 5'd4) % 2'd3;
      |           ^
%Warning-WIDTHTRUNC: /home/flynnsbit/Projects/MisterPlex/.worktrees/rtl-real-ref-measure/fpga/Plex_MiSTer/rtl/h264_p_mb_traverse.sv:1424:16: Bit extraction of array[255:0] requires 8 bit index, not 16 bits.
                                                                                                                                           : ... note: In instance 'stream_path_full_frame_tb.dut.u_p_traverse'
 1424 |          tc_top[{curr_x[13:0], 2'b00} + sx[15:0]] <= 5'd0;
      |                ^
%Warning-WIDTHTRUNC: /home/flynnsbit/Projects/MisterPlex/.worktrees/rtl-real-ref-measure/fpga/Plex_MiSTer/rtl/h264_p_mb_traverse.sv:1425:18: Bit extraction of array[255:0] requires 8 bit index, not 16 bits.
                                                                                                                                           : ... note: In instance 'stream_path_full_frame_tb.dut.u_p_traverse'
 1425 |          tc_top_v[{curr_x[13:0], 2'b00} + sx[15:0]] <= 1'b1;
      |                  ^
%Warning-WIDTHEXPAND: /home/flynnsbit/Projects/MisterPlex/.worktrees/rtl-real-ref-measure/fpga/Plex_MiSTer/rtl/h264_p_mb_traverse.sv:1423:36: Operator ADD expects 32 bits on the LHS, but LHS's REPLICATE generates 16 bits.
                                                                                                                                            : ... note: In instance 'stream_path_full_frame_tb.dut.u_p_traverse'
 1423 |         if (({curr_x[13:0], 2'b00} + sx[15:0]) < MAX_MB_W*4) begin
      |                                    ^
%Warning-WIDTHEXPAND: /home/flynnsbit/Projects/MisterPlex/.worktrees/rtl-real-ref-measure/fpga/Plex_MiSTer/rtl/h264_p_mb_traverse.sv:1423:36: Operator ADD expects 32 bits on the RHS, but RHS's SEL generates 16 bits.
                                                                                                                                            : ... note: In instance 'stream_path_full_frame_tb.dut.u_p_traverse'
 1423 |         if (({curr_x[13:0], 2'b00} + sx[15:0]) < MAX_MB_W*4) begin
      |                                    ^
%Warning-WIDTHEXPAND: /home/flynnsbit/Projects/MisterPlex/.worktrees/rtl-real-ref-measure/fpga/Plex_MiSTer/rtl/h264_p_mb_traverse.sv:1620:34: Operator AND expects 5 bits on the RHS, but RHS's CONST '2'h3' generates 2 bits.
                                                                                                                                            : ... note: In instance 'stream_path_full_frame_tb.dut.u_p_traverse'
 1620 |           (res_hold_idx - 5'd19) & 2'd3,
      |                                  ^
%Warning-WIDTHTRUNC: /home/flynnsbit/Projects/MisterPlex/.worktrees/rtl-real-ref-measure/fpga/Plex_MiSTer/rtl/h264_p_mb_traverse.sv:1618:10: Operator TASKREF 'commit_tc_after_chr' expects 2 bits on the Function Argument, but Function Argument's AND generates 5 bits.
                                                                                                                                           : ... note: In instance 'stream_path_full_frame_tb.dut.u_p_traverse'
 1618 |          commit_tc_after_chr(
      |          ^~~~~~~~~~~~~~~~~~~
%Warning-WIDTHEXPAND: /home/flynnsbit/Projects/MisterPlex/.worktrees/rtl-real-ref-measure/fpga/Plex_MiSTer/rtl/h264_p_mb_traverse.sv:1628:33: Operator AND expects 5 bits on the RHS, but RHS's CONST '2'h3' generates 2 bits.
                                                                                                                                            : ... note: In instance 'stream_path_full_frame_tb.dut.u_p_traverse'
 1628 |          (res_hold_idx - 5'd18) & 2'd3,
      |                                 ^
%Warning-WIDTHTRUNC: /home/flynnsbit/Projects/MisterPlex/.worktrees/rtl-real-ref-measure/fpga/Plex_MiSTer/rtl/h264_p_mb_traverse.sv:1626:9: Operator TASKREF 'commit_tc_after_chr' expects 2 bits on the Function Argument, but Function Argument's AND generates 5 bits.
                                                                                                                                          : ... note: In instance 'stream_path_full_frame_tb.dut.u_p_traverse'
 1626 |         commit_tc_after_chr(
      |         ^~~~~~~~~~~~~~~~~~~
%Warning-WIDTHTRUNC: /home/flynnsbit/Projects/MisterPlex/.worktrees/rtl-real-ref-measure/fpga/Plex_MiSTer/rtl/slice_hdr_parser.sv:175:6: Operator ASSIGN expects 16 bits on the Assign RHS, but Assign RHS's SHIFTRS generates 17 bits.
                                                                                                                                       : ... note: In instance 'stream_path_full_frame_tb.dut.slp'
  175 |    t = ($signed({1'b0, code}) + 17'sd2) >>> 1;
      |      ^
%Warning-WIDTHEXPAND: /home/flynnsbit/Projects/MisterPlex/.worktrees/rtl-real-ref-measure/tests/rtl/stream_path_full_frame_tb_top.sv:248:35: Operator ADD expects 16 bits on the RHS, but RHS's CONST '9'sh1' generates 9 bits.
                                                                                                                                           : ... note: In instance 'stream_path_full_frame_tb'
  248 |      (dut.stub.lat_coeff[trace_i] + 9'sd1) : dut.stub.lat_coeff[trace_i];
      |                                   ^
make: Entering directory '/home/flynnsbit/Projects/MisterPlex/.worktrees/rtl-real-ref-measure/build/verilator/stream_path_full_frame_real_ref'
g++  -I.  -MMD -I/home/flynnsbit/.local/oss-cad-suite/share/verilator/include -I/home/flynnsbit/.local/oss-cad-suite/share/verilator/include/vltstd -DVERILATOR=1 -DVM_COVERAGE=0 -DVM_SC=0 -DVM_TIMING=0 -DVM_TRACE=0 -DVM_TRACE_FST=0 -DVM_TRACE_VCD=0 -DVM_TRACE_SAIF=0 -DVM_VPI=0 -faligned-new -fcf-protection=none -Wno-bool-operation -Wno-int-in-bool-context -Wno-shadow -Wno-sign-compare -Wno-subobject-linkage -Wno-tautological-compare -Wno-uninitialized -Wno-unused-but-set-parameter -Wno-unused-but-set-variable -Wno-unused-parameter -Wno-unused-variable    -std=c++17 -O2   -Os  -c -o stream_path_full_frame_tb.o /home/flynnsbit/Projects/MisterPlex/.worktrees/rtl-real-ref-measure/tests/rtl/stream_path_full_frame_tb.cpp
g++ -Os  -I.  -MMD -I/home/flynnsbit/.local/oss-cad-suite/share/verilator/include -I/home/flynnsbit/.local/oss-cad-suite/share/verilator/include/vltstd -DVERILATOR=1 -DVM_COVERAGE=0 -DVM_SC=0 -DVM_TIMING=0 -DVM_TRACE=0 -DVM_TRACE_FST=0 -DVM_TRACE_VCD=0 -DVM_TRACE_SAIF=0 -DVM_VPI=0 -faligned-new -fcf-protection=none -Wno-bool-operation -Wno-int-in-bool-context -Wno-shadow -Wno-sign-compare -Wno-subobject-linkage -Wno-tautological-compare -Wno-uninitialized -Wno-unused-but-set-parameter -Wno-unused-but-set-variable -Wno-unused-parameter -Wno-unused-variable    -std=c++17 -O2   -c -o verilated.o /home/flynnsbit/.local/oss-cad-suite/share/verilator/include/verilated.cpp
g++ -Os  -I.  -MMD -I/home/flynnsbit/.local/oss-cad-suite/share/verilator/include -I/home/flynnsbit/.local/oss-cad-suite/share/verilator/include/vltstd -DVERILATOR=1 -DVM_COVERAGE=0 -DVM_SC=0 -DVM_TIMING=0 -DVM_TRACE=0 -DVM_TRACE_FST=0 -DVM_TRACE_VCD=0 -DVM_TRACE_SAIF=0 -DVM_VPI=0 -faligned-new -fcf-protection=none -Wno-bool-operation -Wno-int-in-bool-context -Wno-shadow -Wno-sign-compare -Wno-subobject-linkage -Wno-tautological-compare -Wno-uninitialized -Wno-unused-but-set-parameter -Wno-unused-but-set-variable -Wno-unused-parameter -Wno-unused-variable    -std=c++17 -O2   -c -o verilated_threads.o /home/flynnsbit/.local/oss-cad-suite/share/verilator/include/verilated_threads.cpp
g++ -Os  -I.  -MMD -I/home/flynnsbit/.local/oss-cad-suite/share/verilator/include -I/home/flynnsbit/.local/oss-cad-suite/share/verilator/include/vltstd -DVERILATOR=1 -DVM_COVERAGE=0 -DVM_SC=0 -DVM_TIMING=0 -DVM_TRACE=0 -DVM_TRACE_FST=0 -DVM_TRACE_VCD=0 -DVM_TRACE_SAIF=0 -DVM_VPI=0 -faligned-new -fcf-protection=none -Wno-bool-operation -Wno-int-in-bool-context -Wno-shadow -Wno-sign-compare -Wno-subobject-linkage -Wno-tautological-compare -Wno-uninitialized -Wno-unused-but-set-parameter -Wno-unused-but-set-variable -Wno-unused-parameter -Wno-unused-variable    -std=c++17 -O2   -x c++-header Vstream_path_full_frame_tb__pch.h -o Vstream_path_full_frame_tb__pch.h.fast.gch
g++ -Os  -I.  -MMD -I/home/flynnsbit/.local/oss-cad-suite/share/verilator/include -I/home/flynnsbit/.local/oss-cad-suite/share/verilator/include/vltstd -DVERILATOR=1 -DVM_COVERAGE=0 -DVM_SC=0 -DVM_TIMING=0 -DVM_TRACE=0 -DVM_TRACE_FST=0 -DVM_TRACE_VCD=0 -DVM_TRACE_SAIF=0 -DVM_VPI=0 -faligned-new -fcf-protection=none -Wno-bool-operation -Wno-int-in-bool-context -Wno-shadow -Wno-sign-compare -Wno-subobject-linkage -Wno-tautological-compare -Wno-uninitialized -Wno-unused-but-set-parameter -Wno-unused-but-set-variable -Wno-unused-parameter -Wno-unused-variable    -std=c++17 -O2   -include Vstream_path_full_frame_tb__pch.h.fast -c Vstream_path_full_frame_tb.cpp
g++ -Os  -I.  -MMD -I/home/flynnsbit/.local/oss-cad-suite/share/verilator/include -I/home/flynnsbit/.local/oss-cad-suite/share/verilator/include/vltstd -DVERILATOR=1 -DVM_COVERAGE=0 -DVM_SC=0 -DVM_TIMING=0 -DVM_TRACE=0 -DVM_TRACE_FST=0 -DVM_TRACE_VCD=0 -DVM_TRACE_SAIF=0 -DVM_VPI=0 -faligned-new -fcf-protection=none -Wno-bool-operation -Wno-int-in-bool-context -Wno-shadow -Wno-sign-compare -Wno-subobject-linkage -Wno-tautological-compare -Wno-uninitialized -Wno-unused-but-set-parameter -Wno-unused-but-set-variable -Wno-unused-parameter -Wno-unused-variable    -std=c++17 -O2   -include Vstream_path_full_frame_tb__pch.h.fast -c Vstream_path_full_frame_tb___024root__0.cpp
g++ -Os  -I.  -MMD -I/home/flynnsbit/.local/oss-cad-suite/share/verilator/include -I/home/flynnsbit/.local/oss-cad-suite/share/verilator/include/vltstd -DVERILATOR=1 -DVM_COVERAGE=0 -DVM_SC=0 -DVM_TIMING=0 -DVM_TRACE=0 -DVM_TRACE_FST=0 -DVM_TRACE_VCD=0 -DVM_TRACE_SAIF=0 -DVM_VPI=0 -faligned-new -fcf-protection=none -Wno-bool-operation -Wno-int-in-bool-context -Wno-shadow -Wno-sign-compare -Wno-subobject-linkage -Wno-tautological-compare -Wno-uninitialized -Wno-unused-but-set-parameter -Wno-unused-but-set-variable -Wno-unused-parameter -Wno-unused-variable    -std=c++17 -O2   -include Vstream_path_full_frame_tb__pch.h.fast -c Vstream_path_full_frame_tb___024root__1.cpp
g++ -Os  -I.  -MMD -I/home/flynnsbit/.local/oss-cad-suite/share/verilator/include -I/home/flynnsbit/.local/oss-cad-suite/share/verilator/include/vltstd -DVERILATOR=1 -DVM_COVERAGE=0 -DVM_SC=0 -DVM_TIMING=0 -DVM_TRACE=0 -DVM_TRACE_FST=0 -DVM_TRACE_VCD=0 -DVM_TRACE_SAIF=0 -DVM_VPI=0 -faligned-new -fcf-protection=none -Wno-bool-operation -Wno-int-in-bool-context -Wno-shadow -Wno-sign-compare -Wno-subobject-linkage -Wno-tautological-compare -Wno-uninitialized -Wno-unused-but-set-parameter -Wno-unused-but-set-variable -Wno-unused-parameter -Wno-unused-variable    -std=c++17 -O2   -include Vstream_path_full_frame_tb__pch.h.fast -c Vstream_path_full_frame_tb___024root__2.cpp
g++ -Os  -I.  -MMD -I/home/flynnsbit/.local/oss-cad-suite/share/verilator/include -I/home/flynnsbit/.local/oss-cad-suite/share/verilator/include/vltstd -DVERILATOR=1 -DVM_COVERAGE=0 -DVM_SC=0 -DVM_TIMING=0 -DVM_TRACE=0 -DVM_TRACE_FST=0 -DVM_TRACE_VCD=0 -DVM_TRACE_SAIF=0 -DVM_VPI=0 -faligned-new -fcf-protection=none -Wno-bool-operation -Wno-int-in-bool-context -Wno-shadow -Wno-sign-compare -Wno-subobject-linkage -Wno-tautological-compare -Wno-uninitialized -Wno-unused-but-set-parameter -Wno-unused-but-set-variable -Wno-unused-parameter -Wno-unused-variable    -std=c++17 -O2   -include Vstream_path_full_frame_tb__pch.h.fast -c Vstream_path_full_frame_tb___024root__3.cpp
g++ -Os  -I.  -MMD -I/home/flynnsbit/.local/oss-cad-suite/share/verilator/include -I/home/flynnsbit/.local/oss-cad-suite/share/verilator/include/vltstd -DVERILATOR=1 -DVM_COVERAGE=0 -DVM_SC=0 -DVM_TIMING=0 -DVM_TRACE=0 -DVM_TRACE_FST=0 -DVM_TRACE_VCD=0 -DVM_TRACE_SAIF=0 -DVM_VPI=0 -faligned-new -fcf-protection=none -Wno-bool-operation -Wno-int-in-bool-context -Wno-shadow -Wno-sign-compare -Wno-subobject-linkage -Wno-tautological-compare -Wno-uninitialized -Wno-unused-but-set-parameter -Wno-unused-but-set-variable -Wno-unused-parameter -Wno-unused-variable    -std=c++17 -O2   -include Vstream_path_full_frame_tb__pch.h.fast -c Vstream_path_full_frame_tb___024root__4.cpp
g++ -Os  -I.  -MMD -I/home/flynnsbit/.local/oss-cad-suite/share/verilator/include -I/home/flynnsbit/.local/oss-cad-suite/share/verilator/include/vltstd -DVERILATOR=1 -DVM_COVERAGE=0 -DVM_SC=0 -DVM_TIMING=0 -DVM_TRACE=0 -DVM_TRACE_FST=0 -DVM_TRACE_VCD=0 -DVM_TRACE_SAIF=0 -DVM_VPI=0 -faligned-new -fcf-protection=none -Wno-bool-operation -Wno-int-in-bool-context -Wno-shadow -Wno-sign-compare -Wno-subobject-linkage -Wno-tautological-compare -Wno-uninitialized -Wno-unused-but-set-parameter -Wno-unused-but-set-variable -Wno-unused-parameter -Wno-unused-variable    -std=c++17 -O2   -include Vstream_path_full_frame_tb__pch.h.fast -c Vstream_path_full_frame_tb___024root__5.cpp
g++   -I.  -MMD -I/home/flynnsbit/.local/oss-cad-suite/share/verilator/include -I/home/flynnsbit/.local/oss-cad-suite/share/verilator/include/vltstd -DVERILATOR=1 -DVM_COVERAGE=0 -DVM_SC=0 -DVM_TIMING=0 -DVM_TRACE=0 -DVM_TRACE_FST=0 -DVM_TRACE_VCD=0 -DVM_TRACE_SAIF=0 -DVM_VPI=0 -faligned-new -fcf-protection=none -Wno-bool-operation -Wno-int-in-bool-context -Wno-shadow -Wno-sign-compare -Wno-subobject-linkage -Wno-tautological-compare -Wno-uninitialized -Wno-unused-but-set-parameter -Wno-unused-but-set-variable -Wno-unused-parameter -Wno-unused-variable    -std=c++17 -O2   -x c++-header Vstream_path_full_frame_tb__pch.h -o Vstream_path_full_frame_tb__pch.h.slow.gch
g++   -I.  -MMD -I/home/flynnsbit/.local/oss-cad-suite/share/verilator/include -I/home/flynnsbit/.local/oss-cad-suite/share/verilator/include/vltstd -DVERILATOR=1 -DVM_COVERAGE=0 -DVM_SC=0 -DVM_TIMING=0 -DVM_TRACE=0 -DVM_TRACE_FST=0 -DVM_TRACE_VCD=0 -DVM_TRACE_SAIF=0 -DVM_VPI=0 -faligned-new -fcf-protection=none -Wno-bool-operation -Wno-int-in-bool-context -Wno-shadow -Wno-sign-compare -Wno-subobject-linkage -Wno-tautological-compare -Wno-uninitialized -Wno-unused-but-set-parameter -Wno-unused-but-set-variable -Wno-unused-parameter -Wno-unused-variable    -std=c++17 -O2   -include Vstream_path_full_frame_tb__pch.h.slow -c Vstream_path_full_frame_tb__ConstPool__0__Slow.cpp
g++   -I.  -MMD -I/home/flynnsbit/.local/oss-cad-suite/share/verilator/include -I/home/flynnsbit/.local/oss-cad-suite/share/verilator/include/vltstd -DVERILATOR=1 -DVM_COVERAGE=0 -DVM_SC=0 -DVM_TIMING=0 -DVM_TRACE=0 -DVM_TRACE_FST=0 -DVM_TRACE_VCD=0 -DVM_TRACE_SAIF=0 -DVM_VPI=0 -faligned-new -fcf-protection=none -Wno-bool-operation -Wno-int-in-bool-context -Wno-shadow -Wno-sign-compare -Wno-subobject-linkage -Wno-tautological-compare -Wno-uninitialized -Wno-unused-but-set-parameter -Wno-unused-but-set-variable -Wno-unused-parameter -Wno-unused-variable    -std=c++17 -O2   -include Vstream_path_full_frame_tb__pch.h.slow -c Vstream_path_full_frame_tb___024root__Slow.cpp
g++   -I.  -MMD -I/home/flynnsbit/.local/oss-cad-suite/share/verilator/include -I/home/flynnsbit/.local/oss-cad-suite/share/verilator/include/vltstd -DVERILATOR=1 -DVM_COVERAGE=0 -DVM_SC=0 -DVM_TIMING=0 -DVM_TRACE=0 -DVM_TRACE_FST=0 -DVM_TRACE_VCD=0 -DVM_TRACE_SAIF=0 -DVM_VPI=0 -faligned-new -fcf-protection=none -Wno-bool-operation -Wno-int-in-bool-context -Wno-shadow -Wno-sign-compare -Wno-subobject-linkage -Wno-tautological-compare -Wno-uninitialized -Wno-unused-but-set-parameter -Wno-unused-but-set-variable -Wno-unused-parameter -Wno-unused-variable    -std=c++17 -O2   -include Vstream_path_full_frame_tb__pch.h.slow -c Vstream_path_full_frame_tb___024root__0__Slow.cpp
g++   -I.  -MMD -I/home/flynnsbit/.local/oss-cad-suite/share/verilator/include -I/home/flynnsbit/.local/oss-cad-suite/share/verilator/include/vltstd -DVERILATOR=1 -DVM_COVERAGE=0 -DVM_SC=0 -DVM_TIMING=0 -DVM_TRACE=0 -DVM_TRACE_FST=0 -DVM_TRACE_VCD=0 -DVM_TRACE_SAIF=0 -DVM_VPI=0 -faligned-new -fcf-protection=none -Wno-bool-operation -Wno-int-in-bool-context -Wno-shadow -Wno-sign-compare -Wno-subobject-linkage -Wno-tautological-compare -Wno-uninitialized -Wno-unused-but-set-parameter -Wno-unused-but-set-variable -Wno-unused-parameter -Wno-unused-variable    -std=c++17 -O2   -include Vstream_path_full_frame_tb__pch.h.slow -c Vstream_path_full_frame_tb___024root__1__Slow.cpp
g++   -I.  -MMD -I/home/flynnsbit/.local/oss-cad-suite/share/verilator/include -I/home/flynnsbit/.local/oss-cad-suite/share/verilator/include/vltstd -DVERILATOR=1 -DVM_COVERAGE=0 -DVM_SC=0 -DVM_TIMING=0 -DVM_TRACE=0 -DVM_TRACE_FST=0 -DVM_TRACE_VCD=0 -DVM_TRACE_SAIF=0 -DVM_VPI=0 -faligned-new -fcf-protection=none -Wno-bool-operation -Wno-int-in-bool-context -Wno-shadow -Wno-sign-compare -Wno-subobject-linkage -Wno-tautological-compare -Wno-uninitialized -Wno-unused-but-set-parameter -Wno-unused-but-set-variable -Wno-unused-parameter -Wno-unused-variable    -std=c++17 -O2   -include Vstream_path_full_frame_tb__pch.h.slow -c Vstream_path_full_frame_tb___024root__2__Slow.cpp
g++   -I.  -MMD -I/home/flynnsbit/.local/oss-cad-suite/share/verilator/include -I/home/flynnsbit/.local/oss-cad-suite/share/verilator/include/vltstd -DVERILATOR=1 -DVM_COVERAGE=0 -DVM_SC=0 -DVM_TIMING=0 -DVM_TRACE=0 -DVM_TRACE_FST=0 -DVM_TRACE_VCD=0 -DVM_TRACE_SAIF=0 -DVM_VPI=0 -faligned-new -fcf-protection=none -Wno-bool-operation -Wno-int-in-bool-context -Wno-shadow -Wno-sign-compare -Wno-subobject-linkage -Wno-tautological-compare -Wno-uninitialized -Wno-unused-but-set-parameter -Wno-unused-but-set-variable -Wno-unused-parameter -Wno-unused-variable    -std=c++17 -O2   -include Vstream_path_full_frame_tb__pch.h.slow -c Vstream_path_full_frame_tb__Syms__Slow.cpp
g++    stream_path_full_frame_tb.o verilated.o verilated_threads.o Vstream_path_full_frame_tb__ALL.a    -pthread -lpthread -latomic   -o Vstream_path_full_frame_tb
rm Vstream_path_full_frame_tb__ALL.verilator_deplist.tmp
make: Leaving directory '/home/flynnsbit/Projects/MisterPlex/.worktrees/rtl-real-ref-measure/build/verilator/stream_path_full_frame_real_ref'
- V e r i l a t i o n   R e p o r t: Verilator 5.051 devel rev v5.050-99-gf8fb1d664 (mod)
- Verilator: Built from 3.805 MB sources in 42 modules, into 11.231 MB in 13 C++ files needing 0.007 MB
- Verilator: Walltime 41.514 s (elab=0.125, cvt=1.328, bld=39.850); cpu 1.651 s on 1 threads; allocated 103.879 MB
SOURCE_SHA=a14f9faff51787ae5a405c44ce9bc235fb0f7505-dirty
REAL_REF_MODE no_golden_prefill USE_REAL_REF_COMMIT=1
TRAV_CAP_START idr=1
I_RECON_ENTER trav_pend=0 store_pend=0
TRAV_CAP_EOP idr=1 len=4570 mb_w=20 mb_h=15
TRAV_START idr=1 len=4570
TRAV_HDR_OK i_slice=1 bit_pos=26 qp=27 pic_mbs=300 type=7
TRAV_I_MB mb=0 type=0 i16=0 cbp=2f qp=27 bit_pos=79
TRAV_RES_LAUNCH mb=0 res_i=0 i16=0 nC=0 max=16 abs_bit=79
TRAV_RES_EXP mb=0 idx=0 i16=0 qp=27 max=16 c0=-19 c1=3 c2=3 c3=0 tc=8
TRAV_RES_OK mb=0 res_i=0 i16=0 tc=8 t1=3 tz=5 bit0=79 bit_end_abs=145 table=0 max=16
TRAV_RES_LAUNCH mb=0 res_i=1 i16=0 nC=8 max=16 abs_bit=145
TRAV_RES_EXP mb=0 idx=1 i16=0 qp=27 max=16 c0=0 c1=0 c2=0 c3=0 tc=0
TRAV_RES_OK mb=0 res_i=1 i16=0 tc=0 t1=0 tz=0 bit0=145 bit_end_abs=151 table=3 max=16
TRAV_RES_LAUNCH mb=0 res_i=2 i16=0 nC=8 max=16 abs_bit=151
TRAV_RES_EXP mb=0 idx=2 i16=0 qp=27 max=16 c0=0 c1=0 c2=0 c3=0 tc=0
TRAV_RES_OK mb=0 res_i=2 i16=0 tc=0 t1=0 tz=0 bit0=151 bit_end_abs=157 table=3 max=16
TRAV_RES_LAUNCH mb=0 res_i=3 i16=0 nC=0 max=16 abs_bit=157
TRAV_RES_EXP mb=0 idx=3 i16=0 qp=27 max=16 c0=9 c1=-4 c2=-8 c3=0 tc=15
TRAV_RES_OK mb=0 res_i=3 i16=0 tc=15 t1=0 tz=1 bit0=157 bit_end_abs=245 table=0 max=16
TRAV_RES_LAUNCH mb=0 res_i=4 i16=0 nC=0 max=16 abs_bit=245
TRAV_RES_EXP mb=0 idx=4 i16=0 qp=27 max=16 c0=2 c1=0 c2=0 c3=0 tc=1
TRAV_RES_OK mb=0 res_i=4 i16=0 tc=1 t1=0 tz=0 bit0=245 bit_end_abs=253 table=0 max=16
TRAV_RES_LAUNCH mb=0 res_i=5 i16=0 nC=1 max=16 abs_bit=253
TRAV_RES_EXP mb=0 idx=5 i16=0 qp=27 max=16 c0=0 c1=0 c2=0 c3=0 tc=0
TRAV_RES_OK mb=0 res_i=5 i16=0 tc=0 t1=0 tz=0 bit0=253 bit_end_abs=254 table=0 max=16
TRAV_RES_LAUNCH mb=0 res_i=6 i16=0 nC=8 max=16 abs_bit=254
TRAV_RES_EXP mb=0 idx=6 i16=0 qp=27 max=16 c0=4 c1=1 c2=-2 c3=-2 tc=15
TRAV_RES_OK mb=0 res_i=6 i16=0 tc=15 t1=3 tz=1 bit0=254 bit_end_abs=316 table=3 max=16
TRAV_RES_LAUNCH mb=0 res_i=7 i16=0 nC=8 max=16 abs_bit=316
TRAV_RES_EXP mb=0 idx=7 i16=0 qp=27 max=16 c0=6 c1=-3 c2=-8 c3=0 tc=15
TRAV_RES_OK mb=0 res_i=7 i16=0 tc=15 t1=1 tz=1 bit0=316 bit_end_abs=389 table=3 max=16
TRAV_RES_LAUNCH mb=0 res_i=8 i16=0 nC=0 max=16 abs_bit=389
TRAV_RES_EXP mb=0 idx=8 i16=0 qp=27 max=16 c0=2 c1=0 c2=0 c3=0 tc=1
TRAV_RES_OK mb=0 res_i=8 i16=0 tc=1 t1=0 tz=0 bit0=389 bit_end_abs=397 table=0 max=16
TRAV_RES_LAUNCH mb=0 res_i=9 i16=0 nC=8 max=16 abs_bit=397
TRAV_RES_EXP mb=0 idx=9 i16=0 qp=27 max=16 c0=4 c1=4 c2=-4 c3=0 tc=13
TRAV_RES_OK mb=0 res_i=9 i16=0 tc=13 t1=1 tz=2 bit0=397 bit_end_abs=459 table=3 max=16
TRAV_RES_LAUNCH mb=0 res_i=10 i16=0 nC=1 max=16 abs_bit=459
TRAV_RES_EXP mb=0 idx=10 i16=0 qp=27 max=16 c0=0 c1=0 c2=0 c3=0 tc=0
TRAV_RES_OK mb=0 res_i=10 i16=0 tc=0 t1=0 tz=0 bit0=459 bit_end_abs=460 table=0 max=16
TRAV_RES_LAUNCH mb=0 res_i=11 i16=0 nC=7 max=16 abs_bit=460
TRAV_RES_EXP mb=0 idx=11 i16=0 qp=27 max=16 c0=-1 c1=8 c2=-2 c3=0 tc=11
TRAV_RES_OK mb=0 res_i=11 i16=0 tc=11 t1=0 tz=4 bit0=460 bit_end_abs=526 table=2 max=16
TRAV_RES_LAUNCH mb=0 res_i=12 i16=0 nC=14 max=16 abs_bit=526
TRAV_RES_EXP mb=0 idx=12 i16=0 qp=27 max=16 c0=3 c1=-10 c2=-4 c3=0 tc=12
TRAV_RES_OK mb=0 res_i=12 i16=0 tc=12 t1=2 tz=4 bit0=526 bit_end_abs=590 table=3 max=16
TRAV_RES_LAUNCH mb=0 res_i=13 i16=0 nC=14 max=16 abs_bit=590
TRAV_RES_EXP mb=0 idx=13 i16=0 qp=27 max=16 c0=-4 c1=9 c2=-4 c3=0 tc=12
TRAV_RES_OK mb=0 res_i=13 i16=0 tc=12 t1=2 tz=4 bit0=590 bit_end_abs=653 table=3 max=16
TRAV_RES_LAUNCH mb=0 res_i=14 i16=0 nC=12 max=16 abs_bit=653
TRAV_RES_EXP mb=0 idx=14 i16=0 qp=27 max=16 c0=0 c1=-4 c2=0 c3=0 tc=10
TRAV_RES_OK mb=0 res_i=14 i16=0 tc=10 t1=0 tz=5 bit0=653 bit_end_abs=725 table=3 max=16
TRAV_RES_LAUNCH mb=0 res_i=15 i16=0 nC=11 max=16 abs_bit=725
TRAV_RES_EXP mb=0 idx=15 i16=0 qp=27 max=16 c0=-4 c1=3 c2=0 c3=0 tc=11
TRAV_RES_OK mb=0 res_i=15 i16=0 tc=11 t1=0 tz=4 bit0=725 bit_end_abs=792 table=3 max=16
TRAV_RES_LAUNCH mb=0 res_i=16 i16=0 nC=0 max=4 abs_bit=792
TRAV_RES_OK mb=0 res_i=16 i16=0 tc=4 t1=0 tz=0 bit0=792 bit_end_abs=842 table=4 max=4
TRAV_RES_LAUNCH mb=0 res_i=17 i16=0 nC=0 max=4 abs_bit=842
TRAV_RES_OK mb=0 res_i=17 i16=0 tc=4 t1=0 tz=0 bit0=842 bit_end_abs=897 table=4 max=4
TRAV_RES_LAUNCH mb=0 res_i=18 i16=0 nC=0 max=15 abs_bit=897
TRAV_RES_OK mb=0 res_i=18 i16=0 tc=12 t1=2 tz=3 bit0=897 bit_end_abs=967 table=0 max=15
TRAV_RES_LAUNCH mb=0 res_i=19 i16=0 nC=12 max=15 abs_bit=967
TRAV_RES_OK mb=0 res_i=19 i16=0 tc=6 t1=2 tz=8 bit0=967 bit_end_abs=1003 table=3 max=15
TRAV_RES_LAUNCH mb=0 res_i=20 i16=0 nC=12 max=15 abs_bit=1003
TRAV_RES_OK mb=0 res_i=20 i16=0 tc=11 t1=0 tz=4 bit0=1003 bit_end_abs=1063 table=3 max=15
TRAV_RES_LAUNCH mb=0 res_i=21 i16=0 nC=9 max=15 abs_bit=1063
TRAV_RES_OK mb=0 res_i=21 i16=0 tc=7 t1=0 tz=7 bit0=1063 bit_end_abs=1112 table=3 max=15
TRAV_RES_LAUNCH mb=0 res_i=22 i16=0 nC=0 max=15 abs_bit=1112
TRAV_RES_OK mb=0 res_i=22 i16=0 tc=10 t1=2 tz=4 bit0=1112 bit_end_abs=1156 table=0 max=15
TRAV_RES_LAUNCH mb=0 res_i=23 i16=0 nC=10 max=15 abs_bit=1156
TRAV_RES_OK mb=0 res_i=23 i16=0 tc=6 t1=1 tz=5 bit0=1156 bit_end_abs=1198 table=3 max=15
TRAV_RES_LAUNCH mb=0 res_i=24 i16=0 nC=10 max=15 abs_bit=1198
TRAV_RES_OK mb=0 res_i=24 i16=0 tc=10 t1=3 tz=5 bit0=1198 bit_end_abs=1255 table=3 max=15
TRAV_RES_LAUNCH mb=0 res_i=25 i16=0 nC=8 max=15 abs_bit=1255
TRAV_RES_OK mb=0 res_i=25 i16=0 tc=6 t1=0 tz=8 bit0=1255 bit_end_abs=1298 table=3 max=15
TRAV_I_MB mb=1 type=0 i16=0 cbp=2f qp=27 bit_pos=1354
TRAV_RES_LAUNCH mb=1 res_i=0 i16=0 nC=0 max=16 abs_bit=1354
TRAV_RES_EXP mb=1 idx=0 i16=0 qp=27 max=16 c0=0 c1=0 c2=0 c3=0 tc=0
TRAV_RES_OK mb=1 res_i=0 i16=0 tc=0 t1=0 tz=0 bit0=1354 bit_end_abs=1355 table=0 max=16
TRAV_RES_LAUNCH mb=1 res_i=1 i16=0 nC=0 max=16 abs_bit=1355
TRAV_RES_EXP mb=1 idx=1 i16=0 qp=27 max=16 c0=0 c1=0 c2=0 c3=0 tc=0
TRAV_RES_OK mb=1 res_i=1 i16=0 tc=0 t1=0 tz=0 bit0=1355 bit_end_abs=1356 table=0 max=16
TRAV_RES_LAUNCH mb=1 res_i=2 i16=0 nC=8 max=16 abs_bit=1356
TRAV_RES_EXP mb=1 idx=2 i16=0 qp=27 max=16 c0=3 c1=2 c2=-3 c3=-2 tc=16
TRAV_RES_OK mb=1 res_i=2 i16=0 tc=16 t1=3 tz=0 bit0=1356 bit_end_abs=1412 table=3 max=16
TRAV_RES_LAUNCH mb=1 res_i=3 i16=0 nC=8 max=16 abs_bit=1412
TRAV_RES_EXP mb=1 idx=3 i16=0 qp=27 max=16 c0=0 c1=0 c2=0 c3=0 tc=0
TRAV_RES_OK mb=1 res_i=3 i16=0 tc=0 t1=0 tz=0 bit0=1412 bit_end_abs=1418 table=3 max=16
TRAV_RES_LAUNCH mb=1 res_i=4 i16=0 nC=0 max=16 abs_bit=1418
TRAV_RES_EXP mb=1 idx=4 i16=0 qp=27 max=16 c0=0 c1=0 c2=0 c3=0 tc=0
TRAV_RES_OK mb=1 res_i=4 i16=0 tc=0 t1=0 tz=0 bit0=1418 bit_end_abs=1419 table=0 max=16
TRAV_RES_LAUNCH mb=1 res_i=5 i16=0 nC=0 max=16 abs_bit=1419
TRAV_RES_EXP mb=1 idx=5 i16=0 qp=27 max=16 c0=0 c1=0 c2=0 c3=0 tc=0
TRAV_RES_OK mb=1 res_i=5 i16=0 tc=0 t1=0 tz=0 bit0=1419 bit_end_abs=1420 table=0 max=16
TRAV_RES_LAUNCH mb=1 res_i=6 i16=0 nC=0 max=16 abs_bit=1420
TRAV_RES_EXP mb=1 idx=6 i16=0 qp=27 max=16 c0=0 c1=0 c2=0 c3=0 tc=0
TRAV_RES_OK mb=1 res_i=6 i16=0 tc=0 t1=0 tz=0 bit0=1420 bit_end_abs=1421 table=0 max=16
TRAV_RES_LAUNCH mb=1 res_i=7 i16=0 nC=0 max=16 abs_bit=1421
TRAV_RES_EXP mb=1 idx=7 i16=0 qp=27 max=16 c0=8 c1=-4 c2=-8 c3=0 tc=15
TRAV_RES_OK mb=1 res_i=7 i16=0 tc=15 t1=1 tz=1 bit0=1421 bit_end_abs=1504 table=0 max=16
TRAV_RES_LAUNCH mb=1 res_i=8 i16=0 nC=14 max=16 abs_bit=1504
TRAV_RES_EXP mb=1 idx=8 i16=0 qp=27 max=16 c0=4 c1=-9 c2=-3 c3=0 tc=12
TRAV_RES_OK mb=1 res_i=8 i16=0 tc=12 t1=2 tz=4 bit0=1504 bit_end_abs=1569 table=3 max=16
TRAV_RES_LAUNCH mb=1 res_i=9 i16=0 nC=6 max=16 abs_bit=1569
TRAV_RES_EXP mb=1 idx=9 i16=0 qp=27 max=16 c0=7 c1=-5 c2=3 c3=0 tc=11
TRAV_RES_OK mb=1 res_i=9 i16=0 tc=11 t1=1 tz=4 bit0=1569 bit_end_abs=1628 table=2 max=16
TRAV_RES_LAUNCH mb=1 res_i=10 i16=0 nC=12 max=16 abs_bit=1628
TRAV_RES_EXP mb=1 idx=10 i16=0 qp=27 max=16 c0=-1 c1=-7 c2=-2 c3=0 tc=11
TRAV_RES_OK mb=1 res_i=10 i16=0 tc=11 t1=0 tz=4 bit0=1628 bit_end_abs=1690 table=3 max=16
TRAV_RES_LAUNCH mb=1 res_i=11 i16=0 nC=11 max=16 abs_bit=1690
TRAV_RES_EXP mb=1 idx=11 i16=0 qp=27 max=16 c0=3 c1=-4 c2=0 c3=-4 tc=8
TRAV_RES_OK mb=1 res_i=11 i16=0 tc=8 t1=0 tz=6 bit0=1690 bit_end_abs=1741 table=3 max=16
TRAV_RES_LAUNCH mb=1 res_i=12 i16=0 nC=6 max=16 abs_bit=1741
TRAV_RES_EXP mb=1 idx=12 i16=0 qp=27 max=16 c0=-4 c1=5 c2=2 c3=0 tc=11
TRAV_RES_OK mb=1 res_i=12 i16=0 tc=11 t1=2 tz=5 bit0=1741 bit_end_abs=1801 table=2 max=16
TRAV_RES_LAUNCH mb=1 res_i=13 i16=0 nC=13 max=16 abs_bit=1801
TRAV_RES_EXP mb=1 idx=13 i16=0 qp=27 max=16 c0=7 c1=0 c2=-7 c3=0 tc=12
TRAV_RES_OK mb=1 res_i=13 i16=0 tc=12 t1=1 tz=3 bit0=1801 bit_end_abs=1866 table=3 max=16
TRAV_RES_LAUNCH mb=1 res_i=14 i16=0 nC=10 max=16 abs_bit=1866
TRAV_RES_EXP mb=1 idx=14 i16=0 qp=27 max=16 c0=-3 c1=4 c2=0 c3=-4 tc=8
TRAV_RES_OK mb=1 res_i=14 i16=0 tc=8 t1=0 tz=6 bit0=1866 bit_end_abs=1917 table=3 max=16
TRAV_RES_LAUNCH mb=1 res_i=15 i16=0 nC=10 max=16 abs_bit=1917
TRAV_RES_EXP mb=1 idx=15 i16=0 qp=27 max=16 c0=1 c1=6 c2=-1 c3=0 tc=11
TRAV_RES_OK mb=1 res_i=15 i16=0 tc=11 t1=0 tz=4 bit0=1917 bit_end_abs=1974 table=3 max=16
TRAV_RES_LAUNCH mb=1 res_i=16 i16=0 nC=0 max=4 abs_bit=1974
TRAV_RES_OK mb=1 res_i=16 i16=0 tc=2 t1=0 tz=1 bit0=1974 bit_end_abs=1993 table=4 max=4
TRAV_RES_LAUNCH mb=1 res_i=17 i16=0 nC=0 max=4 abs_bit=1993
TRAV_RES_OK mb=1 res_i=17 i16=0 tc=2 t1=1 tz=1 bit0=1993 bit_end_abs=2005 table=4 max=4
TRAV_RES_LAUNCH mb=1 res_i=18 i16=0 nC=6 max=15 abs_bit=2005
TRAV_RES_OK mb=1 res_i=18 i16=0 tc=10 t1=3 tz=1 bit0=2005 bit_end_abs=2047 table=2 max=15
TRAV_RES_LAUNCH mb=1 res_i=19 i16=0 nC=10 max=15 abs_bit=2047
TRAV_RES_OK mb=1 res_i=19 i16=0 tc=10 t1=3 tz=1 bit0=2047 bit_end_abs=2087 table=3 max=15
TRAV_RES_LAUNCH mb=1 res_i=20 i16=0 nC=9 max=15 abs_bit=2087
TRAV_RES_OK mb=1 res_i=20 i16=0 tc=13 t1=0 tz=2 bit0=2087 bit_end_abs=2145 table=3 max=15
TRAV_RES_LAUNCH mb=1 res_i=21 i16=0 nC=12 max=15 abs_bit=2145
TRAV_RES_OK mb=1 res_i=21 i16=0 tc=12 t1=0 tz=3 bit0=2145 bit_end_abs=2207 table=3 max=15
TRAV_RES_LAUNCH mb=1 res_i=22 i16=0 nC=6 max=15 abs_bit=2207
TRAV_RES_OK mb=1 res_i=22 i16=0 tc=6 t1=0 tz=3 bit0=2207 bit_end_abs=2248 table=2 max=15
TRAV_RES_LAUNCH mb=1 res_i=23 i16=0 nC=6 max=15 abs_bit=2248
TRAV_RES_OK mb=1 res_i=23 i16=0 tc=6 t1=0 tz=3 bit0=2248 bit_end_abs=2288 table=2 max=15
TRAV_RES_LAUNCH mb=1 res_i=24 i16=0 nC=6 max=15 abs_bit=2288
TRAV_RES_OK mb=1 res_i=24 i16=0 tc=12 t1=3 tz=3 bit0=2288 bit_end_abs=2346 table=2 max=15
TRAV_RES_LAUNCH mb=1 res_i=25 i16=0 nC=9 max=15 abs_bit=2346
TRAV_RES_OK mb=1 res_i=25 i16=0 tc=13 t1=3 tz=2 bit0=2346 bit_end_abs=2396 table=3 max=15
TRAV_I_MB mb=2 type=0 i16=0 cbp=2f qp=27 bit_pos=2460
TRAV_RES_LAUNCH mb=2 res_i=0 i16=0 nC=0 max=16 abs_bit=2460
TRAV_RES_EXP mb=2 idx=0 i16=0 qp=27 max=16 c0=0 c1=0 c2=0 c3=0 tc=0
TRAV_RES_OK mb=2 res_i=0 i16=0 tc=0 t1=0 tz=0 bit0=2460 bit_end_abs=2461 table=0 max=16
TRAV_RES_LAUNCH mb=2 res_i=1 i16=0 nC=0 max=16 abs_bit=2461
TRAV_RES_EXP mb=2 idx=1 i16=0 qp=27 max=16 c0=0 c1=0 c2=0 c3=0 tc=0
TRAV_RES_OK mb=2 res_i=1 i16=0 tc=0 t1=0 tz=0 bit0=2461 bit_end_abs=2462 table=0 max=16
TRAV_RES_LAUNCH mb=2 res_i=2 i16=0 nC=8 max=16 abs_bit=2462
TRAV_RES_EXP mb=2 idx=2 i16=0 qp=27 max=16 c0=2 c1=2 c2=-2 c3=-2 tc=16
TRAV_RES_OK mb=2 res_i=2 i16=0 tc=16 t1=1 tz=0 bit0=2462 bit_end_abs=2519 table=3 max=16
TRAV_RES_LAUNCH mb=2 res_i=3 i16=0 nC=8 max=16 abs_bit=2519
TRAV_RES_EXP mb=2 idx=3 i16=0 qp=27 max=16 c0=7 c1=-4 c2=-8 c3=0 tc=15
TRAV_RES_OK mb=2 res_i=3 i16=0 tc=15 t1=1 tz=1 bit0=2519 bit_end_abs=2592 table=3 max=16
TRAV_RES_LAUNCH mb=2 res_i=4 i16=0 nC=0 max=16 abs_bit=2592
TRAV_RES_EXP mb=2 idx=4 i16=0 qp=27 max=16 c0=0 c1=0 c2=0 c3=0 tc=0
TRAV_RES_OK mb=2 res_i=4 i16=0 tc=0 t1=0 tz=0 bit0=2592 bit_end_abs=2593 table=0 max=16
TRAV_RES_LAUNCH mb=2 res_i=5 i16=0 nC=0 max=16 abs_bit=2593
TRAV_RES_EXP mb=2 idx=5 i16=0 qp=27 max=16 c0=0 c1=0 c2=0 c3=0 tc=0
TRAV_RES_OK mb=2 res_i=5 i16=0 tc=0 t1=0 tz=0 bit0=2593 bit_end_abs=2594 table=0 max=16
TRAV_RES_LAUNCH mb=2 res_i=6 i16=0 nC=8 max=16 abs_bit=2594
TRAV_RES_EXP mb=2 idx=6 i16=0 qp=27 max=16 c0=3 c1=2 c2=-2 c3=-2 tc=16
TRAV_RES_OK mb=2 res_i=6 i16=0 tc=16 t1=1 tz=0 bit0=2594 bit_end_abs=2652 table=3 max=16
TRAV_RES_LAUNCH mb=2 res_i=7 i16=0 nC=8 max=16 abs_bit=2652
TRAV_RES_EXP mb=2 idx=7 i16=0 qp=27 max=16 c0=0 c1=0 c2=0 c3=0 tc=0
TRAV_RES_OK mb=2 res_i=7 i16=0 tc=0 t1=0 tz=0 bit0=2652 bit_end_abs=2658 table=3 max=16
TRAV_RES_LAUNCH mb=2 res_i=8 i16=0 nC=14 max=16 abs_bit=2658
TRAV_RES_EXP mb=2 idx=8 i16=0 qp=27 max=16 c0=5 c1=-10 c2=-4 c3=0 tc=12
TRAV_RES_OK mb=2 res_i=8 i16=0 tc=12 t1=2 tz=4 bit0=2658 bit_end_abs=2724 table=3 max=16
TRAV_RES_LAUNCH mb=2 res_i=9 i16=0 nC=14 max=16 abs_bit=2724
TRAV_RES_EXP mb=2 idx=9 i16=0 qp=27 max=16 c0=4 c1=4 c2=-4 c3=0 tc=14
TRAV_RES_OK mb=2 res_i=9 i16=0 tc=14 t1=2 tz=1 bit0=2724 bit_end_abs=2788 table=3 max=16
TRAV_RES_LAUNCH mb=2 res_i=10 i16=0 nC=12 max=16 abs_bit=2788
TRAV_RES_EXP mb=2 idx=10 i16=0 qp=27 max=16 c0=0 c1=-3 c2=0 c3=0 tc=10
TRAV_RES_OK mb=2 res_i=10 i16=0 tc=10 t1=0 tz=5 bit0=2788 bit_end_abs=2857 table=3 max=16
TRAV_RES_LAUNCH mb=2 res_i=11 i16=0 nC=12 max=16 abs_bit=2857
TRAV_RES_EXP mb=2 idx=11 i16=0 qp=27 max=16 c0=-10 c1=0 c2=0 c3=0 tc=9
TRAV_RES_OK mb=2 res_i=11 i16=0 tc=9 t1=0 tz=6 bit0=2857 bit_end_abs=2919 table=3 max=16
TRAV_RES_LAUNCH mb=2 res_i=12 i16=0 nC=15 max=16 abs_bit=2919
TRAV_RES_EXP mb=2 idx=12 i16=0 qp=27 max=16 c0=3 c1=-10 c2=-4 c3=0 tc=12
TRAV_RES_OK mb=2 res_i=12 i16=0 tc=12 t1=2 tz=4 bit0=2919 bit_end_abs=2984 table=3 max=16
TRAV_RES_LAUNCH mb=2 res_i=13 i16=0 nC=6 max=16 abs_bit=2984
TRAV_RES_EXP mb=2 idx=13 i16=0 qp=27 max=16 c0=3 c1=-5 c2=4 c3=0 tc=12
TRAV_RES_OK mb=2 res_i=13 i16=0 tc=12 t1=2 tz=4 bit0=2984 bit_end_abs=3048 table=2 max=16
TRAV_RES_LAUNCH mb=2 res_i=14 i16=0 nC=11 max=16 abs_bit=3048
TRAV_RES_EXP mb=2 idx=14 i16=0 qp=27 max=16 c0=-1 c1=-4 c2=0 c3=0 tc=11
TRAV_RES_OK mb=2 res_i=14 i16=0 tc=11 t1=0 tz=4 bit0=3048 bit_end_abs=3115 table=3 max=16
TRAV_RES_LAUNCH mb=2 res_i=15 i16=0 nC=12 max=16 abs_bit=3115
TRAV_RES_EXP mb=2 idx=15 i16=0 qp=27 max=16 c0=-4 c1=-5 c2=0 c3=-4 tc=8
TRAV_RES_OK mb=2 res_i=15 i16=0 tc=8 t1=0 tz=6 bit0=3115 bit_end_abs=3167 table=3 max=16
TRAV_RES_LAUNCH mb=2 res_i=16 i16=0 nC=0 max=4 abs_bit=3167
TRAV_RES_OK mb=2 res_i=16 i16=0 tc=4 t1=0 tz=0 bit0=3167 bit_end_abs=3187 table=4 max=4
TRAV_RES_LAUNCH mb=2 res_i=17 i16=0 nC=0 max=4 abs_bit=3187
TRAV_RES_OK mb=2 res_i=17 i16=0 tc=4 t1=1 tz=0 bit0=3187 bit_end_abs=3205 table=4 max=4
TRAV_RES_LAUNCH mb=2 res_i=18 i16=0 nC=10 max=15 abs_bit=3205
TRAV_RES_OK mb=2 res_i=18 i16=0 tc=6 t1=2 tz=8 bit0=3205 bit_end_abs=3238 table=3 max=15
TRAV_RES_LAUNCH mb=2 res_i=19 i16=0 nC=6 max=15 abs_bit=3238
TRAV_RES_OK mb=2 res_i=19 i16=0 tc=10 t1=3 tz=1 bit0=3238 bit_end_abs=3281 table=2 max=15
TRAV_RES_LAUNCH mb=2 res_i=20 i16=0 nC=9 max=15 abs_bit=3281
TRAV_RES_OK mb=2 res_i=20 i16=0 tc=7 t1=0 tz=7 bit0=3281 bit_end_abs=3333 table=3 max=15
TRAV_RES_LAUNCH mb=2 res_i=21 i16=0 nC=9 max=15 abs_bit=3333
TRAV_RES_OK mb=2 res_i=21 i16=0 tc=15 t1=0 tz=0 bit0=3333 bit_end_abs=3390 table=3 max=15
TRAV_RES_LAUNCH mb=2 res_i=22 i16=0 nC=6 max=15 abs_bit=3390
TRAV_RES_OK mb=2 res_i=22 i16=0 tc=4 t1=3 tz=7 bit0=3390 bit_end_abs=3409 table=2 max=15
TRAV_RES_LAUNCH mb=2 res_i=23 i16=0 nC=4 max=15 abs_bit=3409
TRAV_RES_OK mb=2 res_i=23 i16=0 tc=5 t1=3 tz=3 bit0=3409 bit_end_abs=3426 table=2 max=15
TRAV_RES_LAUNCH mb=2 res_i=24 i16=0 nC=9 max=15 abs_bit=3426
TRAV_RES_OK mb=2 res_i=24 i16=0 tc=7 t1=0 tz=7 bit0=3426 bit_end_abs=3475 table=3 max=15
TRAV_RES_LAUNCH mb=2 res_i=25 i16=0 nC=6 max=15 abs_bit=3475
TRAV_RES_OK mb=2 res_i=25 i16=0 tc=13 t1=3 tz=2 bit0=3475 bit_end_abs=3529 table=2 max=15
TRAV_I_MB mb=3 type=0 i16=0 cbp=2f qp=27 bit_pos=3582
TRAV_RES_LAUNCH mb=3 res_i=0 i16=0 nC=0 max=16 abs_bit=3582
TRAV_RES_EXP mb=3 idx=0 i16=0 qp=27 max=16 c0=0 c1=0 c2=0 c3=0 tc=0
TRAV_RES_OK mb=3 res_i=0 i16=0 tc=0 t1=0 tz=0 bit0=3582 bit_end_abs=3583 table=0 max=16
TRAV_RES_LAUNCH mb=3 res_i=1 i16=0 nC=0 max=16 abs_bit=3583
TRAV_RES_EXP mb=3 idx=1 i16=0 qp=27 max=16 c0=5 c1=-5 c2=4 c3=0 tc=8
TRAV_RES_OK mb=3 res_i=1 i16=0 tc=8 t1=3 tz=5 bit0=3583 bit_end_abs=3629 table=0 max=16
TRAV_RES_LAUNCH mb=3 res_i=2 i16=0 nC=0 max=16 abs_bit=3629
TRAV_RES_EXP mb=3 idx=2 i16=0 qp=27 max=16 c0=0 c1=0 c2=0 c3=0 tc=0
TRAV_RES_OK mb=3 res_i=2 i16=0 tc=0 t1=0 tz=0 bit0=3629 bit_end_abs=3630 table=0 max=16
TRAV_RES_LAUNCH mb=3 res_i=3 i16=0 nC=4 max=16 abs_bit=3630
TRAV_RES_EXP mb=3 idx=3 i16=0 qp=27 max=16 c0=7 c1=-4 c2=-6 c3=0 tc=14
TRAV_RES_OK mb=3 res_i=3 i16=0 tc=14 t1=0 tz=2 bit0=3630 bit_end_abs=3707 table=2 max=16
TRAV_RES_LAUNCH mb=3 res_i=4 i16=0 nC=8 max=16 abs_bit=3707
TRAV_RES_EXP mb=3 idx=4 i16=0 qp=27 max=16 c0=1 c1=0 c2=0 c3=0 tc=1
TRAV_RES_OK mb=3 res_i=4 i16=0 tc=1 t1=1 tz=0 bit0=3707 bit_end_abs=3715 table=3 max=16
TRAV_RES_LAUNCH mb=3 res_i=5 i16=0 nC=1 max=16 abs_bit=3715
TRAV_RES_EXP mb=3 idx=5 i16=0 qp=27 max=16 c0=0 c1=0 c2=0 c3=0 tc=0
TRAV_RES_OK mb=3 res_i=5 i16=0 tc=0 t1=0 tz=0 bit0=3715 bit_end_abs=3716 table=0 max=16
TRAV_RES_LAUNCH mb=3 res_i=6 i16=0 nC=8 max=16 abs_bit=3716
TRAV_RES_EXP mb=3 idx=6 i16=0 qp=27 max=16 c0=3 c1=1 c2=-2 c3=-1 tc=16
TRAV_RES_OK mb=3 res_i=6 i16=0 tc=16 t1=3 tz=0 bit0=3716 bit_end_abs=3768 table=3 max=16
TRAV_RES_LAUNCH mb=3 res_i=7 i16=0 nC=8 max=16 abs_bit=3768
TRAV_RES_EXP mb=3 idx=7 i16=0 qp=27 max=16 c0=6 c1=-3 c2=-7 c3=0 tc=15
TRAV_RES_OK mb=3 res_i=7 i16=0 tc=15 t1=1 tz=1 bit0=3768 bit_end_abs=3839 table=3 max=16
TRAV_RES_LAUNCH mb=3 res_i=8 i16=0 nC=6 max=16 abs_bit=3839
TRAV_RES_EXP mb=3 idx=8 i16=0 qp=27 max=16 c0=-1 c1=1 c2=-4 c3=-4 tc=15
TRAV_RES_OK mb=3 res_i=8 i16=0 tc=15 t1=2 tz=1 bit0=3839 bit_end_abs=3895 table=2 max=16
TRAV_RES_LAUNCH mb=3 res_i=9 i16=0 nC=15 max=16 abs_bit=3895
TRAV_RES_EXP mb=3 idx=9 i16=0 qp=27 max=16 c0=4 c1=5 c2=-3 c3=0 tc=13
TRAV_RES_OK mb=3 res_i=9 i16=0 tc=13 t1=1 tz=2 bit0=3895 bit_end_abs=3956 table=3 max=16
TRAV_RES_LAUNCH mb=3 res_i=10 i16=0 nC=12 max=16 abs_bit=3956
TRAV_RES_EXP mb=3 idx=10 i16=0 qp=27 max=16 c0=3 c1=6 c2=0 c3=-4 tc=8
TRAV_RES_OK mb=3 res_i=10 i16=0 tc=8 t1=0 tz=6 bit0=3956 bit_end_abs=4008 table=3 max=16
TRAV_RES_LAUNCH mb=3 res_i=11 i16=0 nC=11 max=16 abs_bit=4008
TRAV_RES_EXP mb=3 idx=11 i16=0 qp=27 max=16 c0=-1 c1=7 c2=-2 c3=0 tc=11
TRAV_RES_OK mb=3 res_i=11 i16=0 tc=11 t1=0 tz=4 bit0=4008 bit_end_abs=4069 table=3 max=16
TRAV_RES_LAUNCH mb=3 res_i=12 i16=0 nC=15 max=16 abs_bit=4069
TRAV_RES_EXP mb=3 idx=12 i16=0 qp=27 max=16 c0=3 c1=-9 c2=-3 c3=0 tc=11
TRAV_RES_OK mb=3 res_i=12 i16=0 tc=11 t1=1 tz=4 bit0=4069 bit_end_abs=4128 table=3 max=16
TRAV_RES_LAUNCH mb=3 res_i=13 i16=0 nC=13 max=16 abs_bit=4128
TRAV_RES_EXP mb=3 idx=13 i16=0 qp=27 max=16 c0=-4 c1=9 c2=-3 c3=0 tc=11
TRAV_RES_OK mb=3 res_i=13 i16=0 tc=11 t1=1 tz=4 bit0=4128 bit_end_abs=4187 table=3 max=16
TRAV_RES_LAUNCH mb=3 res_i=14 i16=0 nC=11 max=16 abs_bit=4187
TRAV_RES_EXP mb=3 idx=14 i16=0 qp=27 max=16 c0=1 c1=-3 c2=0 c3=0 tc=11
TRAV_RES_OK mb=3 res_i=14 i16=0 tc=11 t1=0 tz=4 bit0=4187 bit_end_abs=4252 table=3 max=16
TRAV_RES_LAUNCH mb=3 res_i=15 i16=0 nC=11 max=16 abs_bit=4252
TRAV_RES_EXP mb=3 idx=15 i16=0 qp=27 max=16 c0=-4 c1=3 c2=0 c3=0 tc=11
TRAV_RES_OK mb=3 res_i=15 i16=0 tc=11 t1=0 tz=4 bit0=4252 bit_end_abs=4317 table=3 max=16
TRAV_RES_LAUNCH mb=3 res_i=16 i16=0 nC=0 max=4 abs_bit=4317
TRAV_RES_OK mb=3 res_i=16 i16=0 tc=2 t1=0 tz=0 bit0=4317 bit_end_abs=4341 table=4 max=4
TRAV_RES_LAUNCH mb=3 res_i=17 i16=0 nC=0 max=4 abs_bit=4341
TRAV_RES_OK mb=3 res_i=17 i16=0 tc=4 t1=0 tz=0 bit0=4341 bit_end_abs=4390 table=4 max=4
TRAV_RES_LAUNCH mb=3 res_i=18 i16=0 nC=10 max=15 abs_bit=4390
TRAV_RES_OK mb=3 res_i=18 i16=0 tc=9 t1=2 tz=2 bit0=4390 bit_end_abs=4427 table=3 max=15
TRAV_RES_LAUNCH mb=3 res_i=19 i16=0 nC=9 max=15 abs_bit=4427
TRAV_RES_OK mb=3 res_i=19 i16=0 tc=7 t1=3 tz=7 bit0=4427 bit_end_abs=4470 table=3 max=15
TRAV_RES_LAUNCH mb=3 res_i=20 i16=0 nC=12 max=15 abs_bit=4470
TRAV_RES_OK mb=3 res_i=20 i16=0 tc=12 t1=0 tz=3 bit0=4470 bit_end_abs=4530 table=3 max=15
TRAV_RES_LAUNCH mb=3 res_i=21 i16=0 nC=10 max=15 abs_bit=4530
TRAV_RES_OK mb=3 res_i=21 i16=0 tc=7 t1=0 tz=7 bit0=4530 bit_end_abs=4579 table=3 max=15
TRAV_RES_LAUNCH mb=3 res_i=22 i16=0 nC=5 max=15 abs_bit=4579
TRAV_RES_OK mb=3 res_i=22 i16=0 tc=15 t1=0 tz=0 bit0=4579 bit_end_abs=4649 table=2 max=15
TRAV_RES_LAUNCH mb=3 res_i=23 i16=0 nC=15 max=15 abs_bit=4649
TRAV_RES_OK mb=3 res_i=23 i16=0 tc=7 t1=1 tz=7 bit0=4649 bit_end_abs=4699 table=3 max=15
TRAV_RES_LAUNCH mb=3 res_i=24 i16=0 nC=14 max=15 abs_bit=4699
TRAV_RES_OK mb=3 res_i=24 i16=0 tc=12 t1=0 tz=3 bit0=4699 bit_end_abs=4763 table=3 max=15
TRAV_RES_LAUNCH mb=3 res_i=25 i16=0 nC=10 max=15 abs_bit=4763
TRAV_RES_OK mb=3 res_i=25 i16=0 tc=7 t1=0 tz=7 bit0=4763 bit_end_abs=4821 table=3 max=15
TRAV_I_MB mb=4 type=0 i16=0 cbp=2f qp=27 bit_pos=4868
TRAV_RES_LAUNCH mb=4 res_i=0 i16=0 nC=0 max=16 abs_bit=4868
TRAV_RES_EXP mb=4 idx=0 i16=0 qp=27 max=16 c0=0 c1=0 c2=0 c3=0 tc=0
TRAV_RES_OK mb=4 res_i=0 i16=0 tc=0 t1=0 tz=0 bit0=4868 bit_end_abs=4869 table=0 max=16
TRAV_RES_LAUNCH mb=4 res_i=1 i16=0 nC=0 max=16 abs_bit=4869
TRAV_RES_EXP mb=4 idx=1 i16=0 qp=27 max=16 c0=0 c1=0 c2=0 c3=0 tc=0
TRAV_RES_OK mb=4 res_i=1 i16=0 tc=0 t1=0 tz=0 bit0=4869 bit_end_abs=4870 table=0 max=16
TRAV_RES_LAUNCH mb=4 res_i=2 i16=0 nC=8 max=16 abs_bit=4870
TRAV_RES_EXP mb=4 idx=2 i16=0 qp=27 max=16 c0=4 c1=1 c2=-2 c3=-2 tc=15
TRAV_RES_OK mb=4 res_i=2 i16=0 tc=15 t1=3 tz=1 bit0=4870 bit_end_abs=4932 table=3 max=16
TRAV_RES_LAUNCH mb=4 res_i=3 i16=0 nC=8 max=16 abs_bit=4932
TRAV_RES_EXP mb=4 idx=3 i16=0 qp=27 max=16 c0=0 c1=0 c2=0 c3=0 tc=0
TRAV_RES_OK mb=4 res_i=3 i16=0 tc=0 t1=0 tz=0 bit0=4932 bit_end_abs=4938 table=3 max=16
TRAV_RES_LAUNCH mb=4 res_i=4 i16=0 nC=0 max=16 abs_bit=4938
TRAV_RES_EXP mb=4 idx=4 i16=0 qp=27 max=16 c0=0 c1=0 c2=0 c3=0 tc=0
TRAV_RES_OK mb=4 res_i=4 i16=0 tc=0 t1=0 tz=0 bit0=4938 bit_end_abs=4939 table=0 max=16
TRAV_RES_LAUNCH mb=4 res_i=5 i16=0 nC=0 max=16 abs_bit=4939
TRAV_RES_EXP mb=4 idx=5 i16=0 qp=27 max=16 c0=0 c1=0 c2=0 c3=0 tc=0
TRAV_RES_OK mb=4 res_i=5 i16=0 tc=0 t1=0 tz=0 bit0=4939 bit_end_abs=4940 table=0 max=16
TRAV_RES_LAUNCH mb=4 res_i=6 i16=0 nC=0 max=16 abs_bit=4940
TRAV_RES_EXP mb=4 idx=6 i16=0 qp=27 max=16 c0=0 c1=0 c2=0 c3=0 tc=0
TRAV_RES_OK mb=4 res_i=6 i16=0 tc=0 t1=0 tz=0 bit0=4940 bit_end_abs=4941 table=0 max=16
TRAV_RES_LAUNCH mb=4 res_i=7 i16=0 nC=0 max=16 abs_bit=4941
TRAV_RES_EXP mb=4 idx=7 i16=0 qp=27 max=16 c0=7 c1=-3 c2=-7 c3=0 tc=15
TRAV_RES_OK mb=4 res_i=7 i16=0 tc=15 t1=1 tz=1 bit0=4941 bit_end_abs=5022 table=0 max=16
TRAV_RES_LAUNCH mb=4 res_i=8 i16=0 nC=13 max=16 abs_bit=5022
TRAV_RES_EXP mb=4 idx=8 i16=0 qp=27 max=16 c0=4 c1=-9 c2=-3 c3=0 tc=11
TRAV_RES_OK mb=4 res_i=8 i16=0 tc=11 t1=1 tz=4 bit0=5022 bit_end_abs=5081 table=3 max=16
TRAV_RES_LAUNCH mb=4 res_i=9 i16=0 nC=6 max=16 abs_bit=5081
TRAV_RES_EXP mb=4 idx=9 i16=0 qp=27 max=16 c0=0 c1=0 c2=0 c3=0 tc=0
TRAV_RES_OK mb=4 res_i=9 i16=0 tc=0 t1=0 tz=0 bit0=5081 bit_end_abs=5085 table=2 max=16
TRAV_RES_LAUNCH mb=4 res_i=10 i16=0 nC=11 max=16 abs_bit=5085
TRAV_RES_EXP mb=4 idx=10 i16=0 qp=27 max=16 c0=0 c1=-3 c2=0 c3=0 tc=10
TRAV_RES_OK mb=4 res_i=10 i16=0 tc=10 t1=0 tz=5 bit0=5085 bit_end_abs=5154 table=3 max=16
TRAV_RES_LAUNCH mb=4 res_i=11 i16=0 nC=5 max=16 abs_bit=5154
TRAV_RES_EXP mb=4 idx=11 i16=0 qp=27 max=16 c0=4 c1=-4 c2=-3 c3=0 tc=11
TRAV_RES_OK mb=4 res_i=11 i16=0 tc=11 t1=1 tz=4 bit0=5154 bit_end_abs=5210 table=2 max=16
TRAV_RES_LAUNCH mb=4 res_i=12 i16=0 nC=0 max=16 abs_bit=5210
TRAV_RES_EXP mb=4 idx=12 i16=0 qp=27 max=16 c0=0 c1=0 c2=0 c3=0 tc=0
TRAV_RES_OK mb=4 res_i=12 i16=0 tc=0 t1=0 tz=0 bit0=5210 bit_end_abs=5211 table=0 max=16
TRAV_RES_LAUNCH mb=4 res_i=13 i16=0 nC=8 max=16 abs_bit=5211
TRAV_RES_EXP mb=4 idx=13 i16=0 qp=27 max=16 c0=6 c1=1 c2=-5 c3=0 tc=12
TRAV_RES_OK mb=4 res_i=13 i16=0 tc=12 t1=1 tz=3 bit0=5211 bit_end_abs=5271 table=3 max=16
TRAV_RES_LAUNCH mb=4 res_i=14 i16=0 nC=6 max=16 abs_bit=5271
TRAV_RES_EXP mb=4 idx=14 i16=0 qp=27 max=16 c0=2 c1=2 c2=-1 c3=-1 tc=13
TRAV_RES_OK mb=4 res_i=14 i16=0 tc=13 t1=2 tz=2 bit0=5271 bit_end_abs=5314 table=2 max=16
TRAV_RES_LAUNCH mb=4 res_i=15 i16=0 nC=13 max=16 abs_bit=5314
TRAV_RES_EXP mb=4 idx=15 i16=0 qp=27 max=16 c0=0 c1=7 c2=-2 c3=0 tc=10
TRAV_RES_OK mb=4 res_i=15 i16=0 tc=10 t1=0 tz=5 bit0=5314 bit_end_abs=5376 table=3 max=16
TRAV_RES_LAUNCH mb=4 res_i=16 i16=0 nC=0 max=4 abs_bit=5376
TRAV_RES_OK mb=4 res_i=16 i16=0 tc=2 t1=0 tz=1 bit0=5376 bit_end_abs=5390 table=4 max=4
TRAV_RES_LAUNCH mb=4 res_i=17 i16=0 nC=0 max=4 abs_bit=5390
TRAV_RES_OK mb=4 res_i=17 i16=0 tc=2 t1=0 tz=1 bit0=5390 bit_end_abs=5411 table=4 max=4
TRAV_RES_LAUNCH mb=4 res_i=18 i16=0 nC=7 max=15 abs_bit=5411
TRAV_RES_OK mb=4 res_i=18 i16=0 tc=10 t1=2 tz=1 bit0=5411 bit_end_abs=5457 table=2 max=15
TRAV_RES_LAUNCH mb=4 res_i=19 i16=0 nC=10 max=15 abs_bit=5457
TRAV_RES_OK mb=4 res_i=19 i16=0 tc=10 t1=2 tz=1 bit0=5457 bit_end_abs=5501 table=3 max=15
TRAV_RES_LAUNCH mb=4 res_i=20 i16=0 nC=9 max=15 abs_bit=5501
TRAV_RES_OK mb=4 res_i=20 i16=0 tc=13 t1=1 tz=2 bit0=5501 bit_end_abs=5557 table=3 max=15
TRAV_RES_LAUNCH mb=4 res_i=21 i16=0 nC=12 max=15 abs_bit=5557
TRAV_RES_OK mb=4 res_i=21 i16=0 tc=13 t1=1 tz=2 bit0=5557 bit_end_abs=5613 table=3 max=15
TRAV_RES_LAUNCH mb=4 res_i=22 i16=0 nC=7 max=15 abs_bit=5613
TRAV_RES_OK mb=4 res_i=22 i16=0 tc=10 t1=2 tz=1 bit0=5613 bit_end_abs=5670 table=2 max=15
TRAV_RES_LAUNCH mb=4 res_i=23 i16=0 nC=10 max=15 abs_bit=5670
TRAV_RES_OK mb=4 res_i=23 i16=0 tc=10 t1=2 tz=1 bit0=5670 bit_end_abs=5725 table=3 max=15
TRAV_RES_LAUNCH mb=4 res_i=24 i16=0 nC=9 max=15 abs_bit=5725
TRAV_RES_OK mb=4 res_i=24 i16=0 tc=13 t1=0 tz=2 bit0=5725 bit_end_abs=5794 table=3 max=15
TRAV_RES_LAUNCH mb=4 res_i=25 i16=0 nC=12 max=15 abs_bit=5794
TRAV_RES_OK mb=4 res_i=25 i16=0 tc=13 t1=0 tz=2 bit0=5794 bit_end_abs=5863 table=3 max=15
TRAV_I_MB mb=5 type=0 i16=0 cbp=2f qp=33 bit_pos=5924
TRAV_RES_LAUNCH mb=5 res_i=0 i16=0 nC=0 max=16 abs_bit=5924
TRAV_RES_EXP mb=5 idx=0 i16=0 qp=33 max=16 c0=0 c1=0 c2=0 c3=0 tc=0
TRAV_RES_OK mb=5 res_i=0 i16=0 tc=0 t1=0 tz=0 bit0=5924 bit_end_abs=5925 table=0 max=16
TRAV_RES_LAUNCH mb=5 res_i=1 i16=0 nC=0 max=16 abs_bit=5925
TRAV_RES_EXP mb=5 idx=1 i16=0 qp=33 max=16 c0=0 c1=0 c2=0 c3=0 tc=0
TRAV_RES_OK mb=5 res_i=1 i16=0 tc=0 t1=0 tz=0 bit0=5925 bit_end_abs=5926 table=0 max=16
TRAV_RES_LAUNCH mb=5 res_i=2 i16=0 nC=8 max=16 abs_bit=5926
TRAV_RES_EXP mb=5 idx=2 i16=0 qp=33 max=16 c0=1 c1=1 c2=-1 c3=-1 tc=12
TRAV_RES_OK mb=5 res_i=2 i16=0 tc=12 t1=3 tz=3 bit0=5926 bit_end_abs=5964 table=3 max=16
TRAV_RES_LAUNCH mb=5 res_i=3 i16=0 nC=6 max=16 abs_bit=5964
TRAV_RES_EXP mb=5 idx=3 i16=0 qp=33 max=16 c0=4 c1=-2 c2=-3 c3=0 tc=11
TRAV_RES_OK mb=5 res_i=3 i16=0 tc=11 t1=1 tz=4 bit0=5964 bit_end_abs=6015 table=2 max=16
TRAV_RES_LAUNCH mb=5 res_i=4 i16=0 nC=0 max=16 abs_bit=6015
TRAV_RES_EXP mb=5 idx=4 i16=0 qp=33 max=16 c0=0 c1=0 c2=0 c3=0 tc=0
TRAV_RES_OK mb=5 res_i=4 i16=0 tc=0 t1=0 tz=0 bit0=6015 bit_end_abs=6016 table=0 max=16
TRAV_RES_LAUNCH mb=5 res_i=5 i16=0 nC=0 max=16 abs_bit=6016
TRAV_RES_EXP mb=5 idx=5 i16=0 qp=33 max=16 c0=0 c1=0 c2=0 c3=0 tc=0
TRAV_RES_OK mb=5 res_i=5 i16=0 tc=0 t1=0 tz=0 bit0=6016 bit_end_abs=6017 table=0 max=16
TRAV_RES_LAUNCH mb=5 res_i=6 i16=0 nC=6 max=16 abs_bit=6017
TRAV_RES_EXP mb=5 idx=6 i16=0 qp=33 max=16 c0=1 c1=1 c2=-1 c3=-1 tc=12
TRAV_RES_OK mb=5 res_i=6 i16=0 tc=12 t1=3 tz=3 bit0=6017 bit_end_abs=6057 table=2 max=16
TRAV_RES_LAUNCH mb=5 res_i=7 i16=0 nC=6 max=16 abs_bit=6057
TRAV_RES_EXP mb=5 idx=7 i16=0 qp=33 max=16 c0=4 c1=-1 c2=-3 c3=0 tc=11
TRAV_RES_OK mb=5 res_i=7 i16=0 tc=11 t1=1 tz=4 bit0=6057 bit_end_abs=6106 table=2 max=16
TRAV_RES_LAUNCH mb=5 res_i=8 i16=0 nC=12 max=16 abs_bit=6106
TRAV_RES_EXP mb=5 idx=8 i16=0 qp=33 max=16 c0=2 c1=-4 c2=-2 c3=0 tc=9
TRAV_RES_OK mb=5 res_i=8 i16=0 tc=9 t1=2 tz=4 bit0=6106 bit_end_abs=6147 table=3 max=16
TRAV_RES_LAUNCH mb=5 res_i=9 i16=0 nC=10 max=16 abs_bit=6147
TRAV_RES_EXP mb=5 idx=9 i16=0 qp=33 max=16 c0=2 c1=2 c2=-1 c3=0 tc=11
TRAV_RES_OK mb=5 res_i=9 i16=0 tc=11 t1=3 tz=2 bit0=6147 bit_end_abs=6186 table=3 max=16
TRAV_RES_LAUNCH mb=5 res_i=10 i16=0 nC=10 max=16 abs_bit=6186
TRAV_RES_EXP mb=5 idx=10 i16=0 qp=33 max=16 c0=0 c1=-2 c2=0 c3=0 tc=8
TRAV_RES_OK mb=5 res_i=10 i16=0 tc=8 t1=0 tz=7 bit0=6186 bit_end_abs=6236 table=3 max=16
TRAV_RES_LAUNCH mb=5 res_i=11 i16=0 nC=10 max=16 abs_bit=6236
TRAV_RES_EXP mb=5 idx=11 i16=0 qp=33 max=16 c0=-2 c1=2 c2=0 c3=0 tc=10
TRAV_RES_OK mb=5 res_i=11 i16=0 tc=10 t1=0 tz=5 bit0=6236 bit_end_abs=6286 table=3 max=16
TRAV_RES_LAUNCH mb=5 res_i=12 i16=0 nC=12 max=16 abs_bit=6286
TRAV_RES_EXP mb=5 idx=12 i16=0 qp=33 max=16 c0=-3 c1=-3 c2=1 c3=1 tc=10
TRAV_RES_OK mb=5 res_i=12 i16=0 tc=10 t1=3 tz=3 bit0=6286 bit_end_abs=6322 table=3 max=16
TRAV_RES_LAUNCH mb=5 res_i=13 i16=0 nC=11 max=16 abs_bit=6322
TRAV_RES_EXP mb=5 idx=13 i16=0 qp=33 max=16 c0=-2 c1=4 c2=-2 c3=0 tc=9
TRAV_RES_OK mb=5 res_i=13 i16=0 tc=9 t1=2 tz=4 bit0=6322 bit_end_abs=6363 table=3 max=16
TRAV_RES_LAUNCH mb=5 res_i=14 i16=0 nC=10 max=16 abs_bit=6363
TRAV_RES_EXP mb=5 idx=14 i16=0 qp=33 max=16 c0=0 c1=-2 c2=0 c3=0 tc=8
TRAV_RES_OK mb=5 res_i=14 i16=0 tc=8 t1=0 tz=7 bit0=6363 bit_end_abs=6413 table=3 max=16
TRAV_RES_LAUNCH mb=5 res_i=15 i16=0 nC=9 max=16 abs_bit=6413
TRAV_RES_EXP mb=5 idx=15 i16=0 qp=33 max=16 c0=-2 c1=2 c2=0 c3=0 tc=10
TRAV_RES_OK mb=5 res_i=15 i16=0 tc=10 t1=0 tz=5 bit0=6413 bit_end_abs=6463 table=3 max=16
TRAV_RES_LAUNCH mb=5 res_i=16 i16=0 nC=0 max=4 abs_bit=6463
TRAV_RES_OK mb=5 res_i=16 i16=0 tc=2 t1=0 tz=1 bit0=6463 bit_end_abs=6478 table=4 max=4
TRAV_RES_LAUNCH mb=5 res_i=17 i16=0 nC=0 max=4 abs_bit=6478
TRAV_RES_OK mb=5 res_i=17 i16=0 tc=2 t1=0 tz=1 bit0=6478 bit_end_abs=6499 table=4 max=4
TRAV_RES_LAUNCH mb=5 res_i=18 i16=0 nC=10 max=15 abs_bit=6499
TRAV_RES_OK mb=5 res_i=18 i16=0 tc=3 t1=3 tz=4 bit0=6499 bit_end_abs=6516 table=3 max=15
TRAV_RES_LAUNCH mb=5 res_i=19 i16=0 nC=3 max=15 abs_bit=6516
TRAV_RES_OK mb=5 res_i=19 i16=0 tc=3 t1=3 tz=4 bit0=6516 bit_end_abs=6531 table=1 max=15
TRAV_RES_LAUNCH mb=5 res_i=20 i16=0 nC=8 max=15 abs_bit=6531
TRAV_RES_OK mb=5 res_i=20 i16=0 tc=7 t1=0 tz=7 bit0=6531 bit_end_abs=6571 table=3 max=15
TRAV_RES_LAUNCH mb=5 res_i=21 i16=0 nC=5 max=15 abs_bit=6571
TRAV_RES_OK mb=5 res_i=21 i16=0 tc=7 t1=0 tz=7 bit0=6571 bit_end_abs=6612 table=2 max=15
TRAV_RES_LAUNCH mb=5 res_i=22 i16=0 nC=10 max=15 abs_bit=6612
TRAV_RES_OK mb=5 res_i=22 i16=0 tc=5 t1=3 tz=6 bit0=6612 bit_end_abs=6636 table=3 max=15
TRAV_RES_LAUNCH mb=5 res_i=23 i16=0 nC=5 max=15 abs_bit=6636
TRAV_RES_OK mb=5 res_i=23 i16=0 tc=5 t1=3 tz=6 bit0=6636 bit_end_abs=6658 table=2 max=15
TRAV_RES_LAUNCH mb=5 res_i=24 i16=0 nC=9 max=15 abs_bit=6658
TRAV_RES_OK mb=5 res_i=24 i16=0 tc=7 t1=0 tz=7 bit0=6658 bit_end_abs=6707 table=3 max=15
TRAV_RES_LAUNCH mb=5 res_i=25 i16=0 nC=6 max=15 abs_bit=6707
TRAV_RES_OK mb=5 res_i=25 i16=0 tc=7 t1=0 tz=7 bit0=6707 bit_end_abs=6757 table=2 max=15
TRAV_I_MB mb=6 type=0 i16=0 cbp=27 qp=31 bit_pos=6796
TRAV_RES_EXP mb=6 idx=0 i16=0 qp=31 max=16 c0=0 c1=0 c2=0 c3=0 tc=0
TRAV_RES_EXP mb=6 idx=1 i16=0 qp=31 max=16 c0=4 c1=-4 c2=4 c3=0 tc=8
TRAV_RES_EXP mb=6 idx=2 i16=0 qp=31 max=16 c0=2 c1=1 c2=-1 c3=-1 tc=15
TRAV_RES_EXP mb=6 idx=3 i16=0 qp=31 max=16 c0=0 c1=0 c2=0 c3=0 tc=0
TRAV_RES_EXP mb=6 idx=4 i16=0 qp=31 max=16 c0=0 c1=0 c2=0 c3=0 tc=0
TRAV_RES_EXP mb=6 idx=5 i16=0 qp=31 max=16 c0=12 c1=0 c2=0 c3=0 tc=1
TRAV_RES_EXP mb=6 idx=6 i16=0 qp=31 max=16 c0=0 c1=0 c2=0 c3=0 tc=0
TRAV_RES_EXP mb=6 idx=7 i16=0 qp=31 max=16 c0=0 c1=0 c2=0 c3=0 tc=0
TRAV_RES_EXP mb=6 idx=8 i16=0 qp=31 max=16 c0=2 c1=-6 c2=-2 c3=0 tc=11
TRAV_RES_EXP mb=6 idx=9 i16=0 qp=31 max=16 c0=0 c1=0 c2=0 c3=0 tc=0
TRAV_RES_EXP mb=6 idx=10 i16=0 qp=31 max=16 c0=0 c1=-2 c2=0 c3=0 tc=9
TRAV_RES_EXP mb=6 idx=11 i16=0 qp=31 max=16 c0=0 c1=0 c2=0 c3=0 tc=0
TRAV_I_MB mb=7 type=7 i16=1 cbp=10 qp=13 bit_pos=7411
TRAV_RES_EXP mb=7 idx=0 i16=1 qp=13 max=16 c0=0 c1=0 c2=0 c3=0 tc=0
SINK_I16_DC mb=7 qp=13 c0=0 dc0=0 dc15=0 pix0=0 pix15=0
TRAV_I_MB mb=8 type=3 i16=1 cbp=0 qp=13 bit_pos=7463
TRAV_RES_EXP mb=8 idx=0 i16=1 qp=13 max=16 c0=0 c1=0 c2=0 c3=0 tc=0
SINK_I16_DC mb=8 qp=13 c0=0 dc0=0 dc15=0 pix0=0 pix15=0
TRAV_I_MB mb=9 type=3 i16=1 cbp=0 qp=13 bit_pos=7471
TRAV_RES_EXP mb=9 idx=0 i16=1 qp=13 max=16 c0=0 c1=0 c2=0 c3=0 tc=0
SINK_I16_DC mb=9 qp=13 c0=0 dc0=0 dc15=0 pix0=0 pix15=0
TRAV_I_MB mb=10 type=7 i16=1 cbp=10 qp=11 bit_pos=7485
TRAV_RES_EXP mb=10 idx=0 i16=1 qp=11 max=16 c0=-1202 c1=0 c2=0 c3=0 tc=1
SINK_I16_DC mb=10 qp=11 c0=-1202 dc0=-10818 dc15=-10818 pix0=-169 pix15=-169
TRAV_I_MB mb=11 type=0 i16=0 cbp=28 qp=28 bit_pos=7633
TRAV_RES_EXP mb=11 idx=12 i16=0 qp=28 max=16 c0=0 c1=0 c2=0 c3=0 tc=0
TRAV_RES_EXP mb=11 idx=13 i16=0 qp=28 max=16 c0=26 c1=0 c2=0 c3=0 tc=1
TRAV_RES_EXP mb=11 idx=14 i16=0 qp=28 max=16 c0=0 c1=0 c2=0 c3=0 tc=0
TRAV_RES_EXP mb=11 idx=15 i16=0 qp=28 max=16 c0=0 c1=0 c2=0 c3=0 tc=0
TRAV_I_MB mb=12 type=0 i16=0 cbp=20 qp=31 bit_pos=7826
TRAV_I_MB mb=13 type=0 i16=0 cbp=21 qp=31 bit_pos=7967
TRAV_RES_EXP mb=13 idx=0 i16=0 qp=31 max=16 c0=0 c1=0 c2=0 c3=0 tc=0
TRAV_RES_EXP mb=13 idx=1 i16=0 qp=31 max=16 c0=6 c1=-6 c2=0 c3=0 tc=3
TRAV_RES_EXP mb=13 idx=2 i16=0 qp=31 max=16 c0=0 c1=0 c2=0 c3=0 tc=0
TRAV_RES_EXP mb=13 idx=3 i16=0 qp=31 max=16 c0=0 c1=0 c2=0 c3=0 tc=0
TRAV_I_MB mb=14 type=7 i16=1 cbp=10 qp=11 bit_pos=8219
TRAV_RES_EXP mb=14 idx=0 i16=1 qp=11 max=16 c0=-21 c1=0 c2=0 c3=0 tc=1
SINK_I16_DC mb=14 qp=11 c0=-21 dc0=-189 dc15=-189 pix0=-3 pix15=-3
TRAV_I_MB mb=15 type=3 i16=1 cbp=0 qp=11 bit_pos=8301
TRAV_RES_EXP mb=15 idx=0 i16=1 qp=11 max=16 c0=0 c1=0 c2=0 c3=0 tc=0
SINK_I16_DC mb=15 qp=11 c0=0 dc0=0 dc15=0 pix0=0 pix15=0
TRAV_I_MB mb=16 type=0 i16=0 cbp=22 qp=33 bit_pos=8345
TRAV_RES_EXP mb=16 idx=4 i16=0 qp=33 max=16 c0=0 c1=0 c2=0 c3=0 tc=0
TRAV_RES_EXP mb=16 idx=5 i16=0 qp=33 max=16 c0=9 c1=0 c2=0 c3=0 tc=1
TRAV_RES_EXP mb=16 idx=6 i16=0 qp=33 max=16 c0=0 c1=0 c2=0 c3=0 tc=0
TRAV_RES_EXP mb=16 idx=7 i16=0 qp=33 max=16 c0=0 c1=0 c2=0 c3=0 tc=0
TRAV_I_MB mb=17 type=7 i16=1 cbp=10 qp=13 bit_pos=8565
TRAV_RES_EXP mb=17 idx=0 i16=1 qp=13 max=16 c0=6 c1=0 c2=0 c3=0 tc=1
SINK_I16_DC mb=17 qp=13 c0=6 dc0=66 dc15=66 pix0=1 pix15=1
TRAV_I_MB mb=18 type=3 i16=1 cbp=0 qp=13 bit_pos=8616
TRAV_RES_EXP mb=18 idx=0 i16=1 qp=13 max=16 c0=0 c1=0 c2=0 c3=0 tc=0
SINK_I16_DC mb=18 qp=13 c0=0 dc0=0 dc15=0 pix0=0 pix15=0
TRAV_I_MB mb=19 type=3 i16=1 cbp=0 qp=13 bit_pos=8624
TRAV_RES_EXP mb=19 idx=0 i16=1 qp=13 max=16 c0=0 c1=0 c2=0 c3=0 tc=0
SINK_I16_DC mb=19 qp=13 c0=0 dc0=0 dc15=0 pix0=0 pix15=0
TRAV_I_MB mb=20 type=0 i16=0 cbp=23 qp=26 bit_pos=8684
TRAV_RES_EXP mb=20 idx=0 i16=0 qp=26 max=16 c0=0 c1=0 c2=0 c3=0 tc=0
TRAV_RES_EXP mb=20 idx=1 i16=0 qp=26 max=16 c0=0 c1=0 c2=0 c3=0 tc=0
TRAV_RES_EXP mb=20 idx=2 i16=0 qp=26 max=16 c0=0 c1=0 c2=0 c3=0 tc=0
TRAV_RES_EXP mb=20 idx=3 i16=0 qp=26 max=16 c0=-1 c1=0 c2=0 c3=0 tc=1
TRAV_RES_EXP mb=20 idx=4 i16=0 qp=26 max=16 c0=1 c1=0 c2=0 c3=0 tc=1
TRAV_RES_EXP mb=20 idx=5 i16=0 qp=26 max=16 c0=0 c1=0 c2=0 c3=0 tc=0
TRAV_RES_EXP mb=20 idx=6 i16=0 qp=26 max=16 c0=0 c1=0 c2=0 c3=0 tc=0
TRAV_RES_EXP mb=20 idx=7 i16=0 qp=26 max=16 c0=0 c1=0 c2=1 c3=0 tc=1
TRAV_I_MB mb=21 type=0 i16=0 cbp=2b qp=26 bit_pos=8970
TRAV_RES_EXP mb=21 idx=0 i16=0 qp=26 max=16 c0=1 c1=0 c2=0 c3=0 tc=1
TRAV_RES_EXP mb=21 idx=1 i16=0 qp=26 max=16 c0=0 c1=0 c2=0 c3=0 tc=0
TRAV_RES_EXP mb=21 idx=2 i16=0 qp=26 max=16 c0=0 c1=0 c2=0 c3=0 tc=0
TRAV_RES_EXP mb=21 idx=3 i16=0 qp=26 max=16 c0=0 c1=0 c2=0 c3=0 tc=0
TRAV_RES_EXP mb=21 idx=4 i16=0 qp=26 max=16 c0=0 c1=0 c2=0 c3=0 tc=0
TRAV_RES_EXP mb=21 idx=5 i16=0 qp=26 max=16 c0=1 c1=0 c2=0 c3=0 tc=1
TRAV_RES_EXP mb=21 idx=6 i16=0 qp=26 max=16 c0=0 c1=0 c2=0 c3=0 tc=0
TRAV_RES_EXP mb=21 idx=7 i16=0 qp=26 max=16 c0=0 c1=0 c2=0 c3=0 tc=0
TRAV_RES_EXP mb=21 idx=12 i16=0 qp=26 max=16 c0=0 c1=0 c2=2 c3=0 tc=2
TRAV_RES_EXP mb=21 idx=13 i16=0 qp=26 max=16 c0=0 c1=0 c2=0 c3=0 tc=0
TRAV_RES_EXP mb=21 idx=14 i16=0 qp=26 max=16 c0=0 c1=0 c2=0 c3=0 tc=0
TRAV_RES_EXP mb=21 idx=15 i16=0 qp=26 max=16 c0=0 c1=0 c2=0 c3=0 tc=0
TRAV_I_MB mb=22 type=0 i16=0 cbp=27 qp=28 bit_pos=9142
TRAV_RES_EXP mb=22 idx=0 i16=0 qp=28 max=16 c0=1 c1=0 c2=0 c3=0 tc=1
TRAV_RES_EXP mb=22 idx=1 i16=0 qp=28 max=16 c0=1 c1=0 c2=0 c3=0 tc=1
TRAV_RES_EXP mb=22 idx=2 i16=0 qp=28 max=16 c0=0 c1=0 c2=0 c3=0 tc=0
TRAV_RES_EXP mb=22 idx=3 i16=0 qp=28 max=16 c0=0 c1=0 c2=0 c3=0 tc=0
TRAV_RES_EXP mb=22 idx=4 i16=0 qp=28 max=16 c0=0 c1=0 c2=0 c3=0 tc=0
TRAV_RES_EXP mb=22 idx=5 i16=0 qp=28 max=16 c0=0 c1=0 c2=-3 c3=0 tc=2
TRAV_RES_EXP mb=22 idx=6 i16=0 qp=28 max=16 c0=0 c1=0 c2=0 c3=0 tc=0
TRAV_RES_EXP mb=22 idx=7 i16=0 qp=28 max=16 c0=0 c1=0 c2=0 c3=0 tc=0
TRAV_RES_EXP mb=22 idx=8 i16=0 qp=28 max=16 c0=0 c1=0 c2=0 c3=0 tc=0
TRAV_RES_EXP mb=22 idx=9 i16=0 qp=28 max=16 c0=0 c1=0 c2=0 c3=0 tc=0
TRAV_RES_EXP mb=22 idx=10 i16=0 qp=28 max=16 c0=0 c1=0 c2=0 c3=0 tc=0
TRAV_RES_EXP mb=22 idx=11 i16=0 qp=28 max=16 c0=0 c1=0 c2=1 c3=0 tc=2
TRAV_I_MB mb=23 type=22 i16=1 cbp=2f qp=28 bit_pos=9325
TRAV_RES_EXP mb=23 idx=0 i16=1 qp=28 max=16 c0=2 c1=0 c2=-3 c3=0 tc=5
SINK_I16_DC mb=23 qp=28 c0=2 dc0=-384 dc15=256 pix0=-6 pix15=4
TRAV_RES_EXP mb=23 idx=1 i16=1 qp=28 max=15 c0=2 c1=1 c2=0 c3=-1 tc=3
TRAV_RES_EXP mb=23 idx=2 i16=1 qp=28 max=15 c0=-2 c1=3 c2=0 c3=0 tc=4
TRAV_RES_EXP mb=23 idx=3 i16=1 qp=28 max=15 c0=0 c1=0 c2=0 c3=0 tc=0
TRAV_RES_EXP mb=23 idx=4 i16=1 qp=28 max=15 c0=0 c1=0 c2=0 c3=0 tc=0
TRAV_RES_EXP mb=23 idx=5 i16=1 qp=28 max=15 c0=0 c1=3 c2=0 c3=0 tc=2
TRAV_RES_EXP mb=23 idx=6 i16=1 qp=28 max=15 c0=0 c1=3 c2=0 c3=0 tc=2
TRAV_RES_EXP mb=23 idx=7 i16=1 qp=28 max=15 c0=0 c1=-2 c2=0 c3=0 tc=1
TRAV_RES_EXP mb=23 idx=8 i16=1 qp=28 max=15 c0=0 c1=0 c2=0 c3=0 tc=0
TRAV_RES_EXP mb=23 idx=9 i16=1 qp=28 max=15 c0=0 c1=0 c2=0 c3=0 tc=0
TRAV_RES_EXP mb=23 idx=10 i16=1 qp=28 max=15 c0=0 c1=0 c2=0 c3=0 tc=0
TRAV_RES_EXP mb=23 idx=11 i16=1 qp=28 max=15 c0=0 c1=0 c2=0 c3=0 tc=0
TRAV_RES_EXP mb=23 idx=12 i16=1 qp=28 max=15 c0=0 c1=0 c2=0 c3=0 tc=0
TRAV_RES_EXP mb=23 idx=13 i16=1 qp=28 max=15 c0=0 c1=0 c2=0 c3=0 tc=0
TRAV_RES_EXP mb=23 idx=14 i16=1 qp=28 max=15 c0=0 c1=0 c2=0 c3=0 tc=0
TRAV_RES_EXP mb=23 idx=15 i16=1 qp=28 max=15 c0=0 c1=0 c2=0 c3=0 tc=0
TRAV_RES_EXP mb=23 idx=16 i16=1 qp=28 max=15 c0=0 c1=0 c2=0 c3=0 tc=0
TRAV_I_MB mb=24 type=0 i16=0 cbp=2c qp=25 bit_pos=9635
TRAV_RES_EXP mb=24 idx=8 i16=0 qp=25 max=16 c0=0 c1=0 c2=0 c3=0 tc=0
TRAV_RES_EXP mb=24 idx=9 i16=0 qp=25 max=16 c0=-1 c1=0 c2=0 c3=0 tc=1
TRAV_RES_EXP mb=24 idx=10 i16=0 qp=25 max=16 c0=0 c1=0 c2=0 c3=0 tc=0
TRAV_RES_EXP mb=24 idx=11 i16=0 qp=25 max=16 c0=0 c1=0 c2=0 c3=0 tc=0
TRAV_RES_EXP mb=24 idx=12 i16=0 qp=25 max=16 c0=0 c1=0 c2=0 c3=0 tc=0
TRAV_RES_EXP mb=24 idx=13 i16=0 qp=25 max=16 c0=0 c1=0 c2=0 c3=0 tc=0
TRAV_RES_EXP mb=24 idx=14 i16=0 qp=25 max=16 c0=0 c1=0 c2=0 c3=0 tc=0
TRAV_RES_EXP mb=24 idx=15 i16=0 qp=25 max=16 c0=0 c1=0 c2=-1 c3=0 tc=1
TRAV_I_MB mb=25 type=0 i16=0 cbp=2a qp=30 bit_pos=9830
TRAV_RES_EXP mb=25 idx=4 i16=0 qp=30 max=16 c0=0 c1=0 c2=0 c3=0 tc=0
TRAV_RES_EXP mb=25 idx=5 i16=0 qp=30 max=16 c0=0 c1=0 c2=0 c3=0 tc=0
TRAV_RES_EXP mb=25 idx=6 i16=0 qp=30 max=16 c0=0 c1=0 c2=0 c3=0 tc=0
TRAV_RES_EXP mb=25 idx=7 i16=0 qp=30 max=16 c0=5 c1=-2 c2=-4 c3=0 tc=14
TRAV_RES_EXP mb=25 idx=12 i16=0 qp=30 max=16 c0=0 c1=0 c2=0 c3=0 tc=0
TRAV_RES_EXP mb=25 idx=13 i16=0 qp=30 max=16 c0=5 c1=1 c2=-4 c3=0 tc=11
TRAV_RES_EXP mb=25 idx=14 i16=0 qp=30 max=16 c0=0 c1=0 c2=0 c3=0 tc=0
TRAV_RES_EXP mb=25 idx=15 i16=0 qp=30 max=16 c0=-1 c1=5 c2=-1 c3=0 tc=11
TRAV_I_MB mb=26 type=0 i16=0 cbp=25 qp=34 bit_pos=10273
TRAV_RES_EXP mb=26 idx=0 i16=0 qp=34 max=16 c0=0 c1=0 c2=0 c3=0 tc=0
TRAV_RES_EXP mb=26 idx=1 i16=0 qp=34 max=16 c0=0 c1=0 c2=0 c3=0 tc=0
TRAV_RES_EXP mb=26 idx=2 i16=0 qp=34 max=16 c0=1 c1=1 c2=-1 c3=0 tc=11
TRAV_RES_EXP mb=26 idx=3 i16=0 qp=34 max=16 c0=0 c1=0 c2=0 c3=0 tc=0
TRAV_RES_EXP mb=26 idx=8 i16=0 qp=34 max=16 c0=2 c1=-4 c2=-1 c3=0 tc=8
TRAV_RES_EXP mb=26 idx=9 i16=0 qp=34 max=16 c0=0 c1=0 c2=0 c3=0 tc=0
TRAV_RES_EXP mb=26 idx=10 i16=0 qp=34 max=16 c0=0 c1=-1 c2=0 c3=0 tc=8
TRAV_RES_EXP mb=26 idx=11 i16=0 qp=34 max=16 c0=0 c1=0 c2=0 c3=0 tc=0
TRAV_I_MB mb=27 type=1 i16=1 cbp=0 qp=13 bit_pos=10596
TRAV_RES_EXP mb=27 idx=0 i16=1 qp=13 max=16 c0=0 c1=0 c2=0 c3=0 tc=0
SINK_I16_DC mb=27 qp=13 c0=0 dc0=0 dc15=0 pix0=0 pix15=0
TRAV_I_MB mb=28 type=1 i16=1 cbp=0 qp=13 bit_pos=10602
TRAV_RES_EXP mb=28 idx=0 i16=1 qp=13 max=16 c0=0 c1=0 c2=0 c3=0 tc=0
SINK_I16_DC mb=28 qp=13 c0=0 dc0=0 dc15=0 pix0=0 pix15=0
TRAV_I_MB mb=29 type=1 i16=1 cbp=0 qp=13 bit_pos=10608
TRAV_RES_EXP mb=29 idx=0 i16=1 qp=13 max=16 c0=0 c1=0 c2=0 c3=0 tc=0
SINK_I16_DC mb=29 qp=13 c0=0 dc0=0 dc15=0 pix0=0 pix15=0
TRAV_I_MB mb=30 type=1 i16=1 cbp=0 qp=13 bit_pos=10616
TRAV_RES_EXP mb=30 idx=0 i16=1 qp=13 max=16 c0=0 c1=0 c2=0 c3=0 tc=0
SINK_I16_DC mb=30 qp=13 c0=0 dc0=0 dc15=0 pix0=0 pix15=0
TRAV_I_MB mb=31 type=2 i16=1 cbp=0 qp=13 bit_pos=10624
TRAV_RES_EXP mb=31 idx=0 i16=1 qp=13 max=16 c0=0 c1=0 c2=0 c3=0 tc=0
SINK_I16_DC mb=31 qp=13 c0=0 dc0=0 dc15=0 pix0=0 pix15=0
TRAV_I_MB mb=32 type=0 i16=0 cbp=22 qp=28 bit_pos=10677
TRAV_RES_EXP mb=32 idx=4 i16=0 qp=28 max=16 c0=0 c1=0 c2=0 c3=0 tc=0
TRAV_RES_EXP mb=32 idx=5 i16=0 qp=28 max=16 c0=0 c1=0 c2=0 c3=0 tc=0
TRAV_RES_EXP mb=32 idx=6 i16=0 qp=28 max=16 c0=26 c1=0 c2=0 c3=0 tc=1
TRAV_RES_EXP mb=32 idx=7 i16=0 qp=28 max=16 c0=0 c1=0 c2=0 c3=0 tc=0
TRAV_I_MB mb=33 type=1 i16=1 cbp=0 qp=33 bit_pos=10894
TRAV_RES_EXP mb=33 idx=0 i16=1 qp=33 max=16 c0=-1 c1=1 c2=0 c3=0 tc=2
SINK_I16_DC mb=33 qp=33 c0=-1 dc0=0 dc15=-224 pix0=0 pix15=-3
TRAV_I_MB mb=34 type=1 i16=1 cbp=0 qp=13 bit_pos=10919
TRAV_RES_EXP mb=34 idx=0 i16=1 qp=13 max=16 c0=0 c1=0 c2=0 c3=0 tc=0
SINK_I16_DC mb=34 qp=13 c0=0 dc0=0 dc15=0 pix0=0 pix15=0
TRAV_I_MB mb=35 type=1 i16=1 cbp=0 qp=13 bit_pos=10925
TRAV_RES_EXP mb=35 idx=0 i16=1 qp=13 max=16 c0=0 c1=0 c2=0 c3=0 tc=0
SINK_I16_DC mb=35 qp=13 c0=0 dc0=0 dc15=0 pix0=0 pix15=0
TRAV_I_MB mb=36 type=1 i16=1 cbp=0 qp=13 bit_pos=10933
TRAV_RES_EXP mb=36 idx=0 i16=1 qp=13 max=16 c0=0 c1=0 c2=0 c3=0 tc=0
SINK_I16_DC mb=36 qp=13 c0=0 dc0=0 dc15=0 pix0=0 pix15=0
TRAV_I_MB mb=37 type=1 i16=1 cbp=0 qp=13 bit_pos=10941
TRAV_RES_EXP mb=37 idx=0 i16=1 qp=13 max=16 c0=0 c1=0 c2=0 c3=0 tc=0
SINK_I16_DC mb=37 qp=13 c0=0 dc0=0 dc15=0 pix0=0 pix15=0
TRAV_I_MB mb=38 type=1 i16=1 cbp=0 qp=13 bit_pos=10947
TRAV_RES_EXP mb=38 idx=0 i16=1 qp=13 max=16 c0=0 c1=0 c2=0 c3=0 tc=0
SINK_I16_DC mb=38 qp=13 c0=0 dc0=0 dc15=0 pix0=0 pix15=0
TRAV_I_MB mb=39 type=1 i16=1 cbp=0 qp=13 bit_pos=10953
TRAV_RES_EXP mb=39 idx=0 i16=1 qp=13 max=16 c0=0 c1=0 c2=0 c3=0 tc=0
SINK_I16_DC mb=39 qp=13 c0=0 dc0=0 dc15=0 pix0=0 pix15=0
TRAV_I_MB mb=40 type=0 i16=0 cbp=21 qp=27 bit_pos=11004
TRAV_RES_EXP mb=40 idx=0 i16=0 qp=27 max=16 c0=0 c1=0 c2=0 c3=0 tc=0
TRAV_RES_EXP mb=40 idx=1 i16=0 qp=27 max=16 c0=0 c1=0 c2=0 c3=0 tc=0
TRAV_RES_EXP mb=40 idx=2 i16=0 qp=27 max=16 c0=3 c1=3 c2=-3 c3=0 tc=8
TRAV_RES_EXP mb=40 idx=3 i16=0 qp=27 max=16 c0=0 c1=0 c2=0 c3=0 tc=0
TRAV_I_MB mb=41 type=6 i16=1 cbp=10 qp=27 bit_pos=11329
TRAV_RES_EXP mb=41 idx=0 i16=1 qp=27 max=16 c0=1 c1=0 c2=-1 c3=0 tc=2
SINK_I16_DC mb=41 qp=27 c0=1 dc0=0 dc15=112 pix0=0 pix15=2
TRAV_I_MB mb=42 type=22 i16=1 cbp=2f qp=31 bit_pos=11362
TRAV_RES_EXP mb=42 idx=0 i16=1 qp=31 max=16 c0=1 c1=-1 c2=1 c3=1 tc=7
SINK_I16_DC mb=42 qp=31 c0=1 dc0=264 dc15=88 pix0=4 pix15=1
TRAV_RES_EXP mb=42 idx=1 i16=1 qp=31 max=15 c0=0 c1=0 c2=0 c3=0 tc=0
TRAV_RES_EXP mb=42 idx=2 i16=1 qp=31 max=15 c0=0 c1=0 c2=0 c3=0 tc=0
TRAV_RES_EXP mb=42 idx=3 i16=1 qp=31 max=15 c0=0 c1=0 c2=0 c3=0 tc=0
TRAV_RES_EXP mb=42 idx=4 i16=1 qp=31 max=15 c0=0 c1=0 c2=0 c3=0 tc=0
TRAV_RES_EXP mb=42 idx=5 i16=1 qp=31 max=15 c0=0 c1=0 c2=0 c3=0 tc=0
TRAV_RES_EXP mb=42 idx=6 i16=1 qp=31 max=15 c0=0 c1=2 c2=0 c3=0 tc=2
TRAV_RES_EXP mb=42 idx=7 i16=1 qp=31 max=15 c0=0 c1=0 c2=0 c3=0 tc=0
TRAV_RES_EXP mb=42 idx=8 i16=1 qp=31 max=15 c0=0 c1=0 c2=0 c3=0 tc=0
TRAV_RES_EXP mb=42 idx=9 i16=1 qp=31 max=15 c0=0 c1=0 c2=0 c3=0 tc=0
TRAV_RES_EXP mb=42 idx=10 i16=1 qp=31 max=15 c0=0 c1=0 c2=0 c3=0 tc=0
TRAV_RES_EXP mb=42 idx=11 i16=1 qp=31 max=15 c0=0 c1=0 c2=0 c3=0 tc=0
TRAV_RES_EXP mb=42 idx=12 i16=1 qp=31 max=15 c0=0 c1=0 c2=0 c3=0 tc=0
TRAV_RES_EXP mb=42 idx=13 i16=1 qp=31 max=15 c0=0 c1=0 c2=0 c3=0 tc=0
TRAV_RES_EXP mb=42 idx=14 i16=1 qp=31 max=15 c0=0 c1=0 c2=0 c3=0 tc=0
TRAV_RES_EXP mb=42 idx=15 i16=1 qp=31 max=15 c0=0 c1=0 c2=0 c3=0 tc=0
TRAV_RES_EXP mb=42 idx=16 i16=1 qp=31 max=15 c0=0 c1=0 c2=0 c3=0 tc=0
TRAV_I_MB mb=43 type=0 i16=0 cbp=23 qp=33 bit_pos=11480
TRAV_RES_EXP mb=43 idx=0 i16=0 qp=33 max=16 c0=0 c1=-1 c2=1 c3=0 tc=3
TRAV_RES_EXP mb=43 idx=1 i16=0 qp=33 max=16 c0=0 c1=0 c2=0 c3=0 tc=0
TRAV_RES_EXP mb=43 idx=2 i16=0 qp=33 max=16 c0=0 c1=0 c2=0 c3=0 tc=0
TRAV_RES_EXP mb=43 idx=3 i16=0 qp=33 max=16 c0=2 c1=-3 c2=-2 c3=0 tc=5
TRAV_RES_EXP mb=43 idx=4 i16=0 qp=33 max=16 c0=0 c1=0 c2=0 c3=0 tc=0
TRAV_RES_EXP mb=43 idx=5 i16=0 qp=33 max=16 c0=0 c1=0 c2=0 c3=0 tc=0
TRAV_RES_EXP mb=43 idx=6 i16=0 qp=33 max=16 c0=1 c1=0 c2=1 c3=0 tc=2
TRAV_RES_EXP mb=43 idx=7 i16=0 qp=33 max=16 c0=4 c1=0 c2=-4 c3=0 tc=3
TRAV_I_MB mb=44 type=0 i16=0 cbp=2f qp=30 bit_pos=11898
TRAV_RES_EXP mb=44 idx=0 i16=0 qp=30 max=16 c0=0 c1=0 c2=0 c3=0 tc=0
TRAV_RES_EXP mb=44 idx=1 i16=0 qp=30 max=16 c0=0 c1=0 c2=0 c3=0 tc=0
TRAV_RES_EXP mb=44 idx=2 i16=0 qp=30 max=16 c0=-1 c1=0 c2=0 c3=0 tc=1
TRAV_RES_EXP mb=44 idx=3 i16=0 qp=30 max=16 c0=0 c1=0 c2=1 c3=0 tc=1
TRAV_RES_EXP mb=44 idx=4 i16=0 qp=30 max=16 c0=0 c1=0 c2=0 c3=0 tc=0
TRAV_RES_EXP mb=44 idx=5 i16=0 qp=30 max=16 c0=0 c1=0 c2=0 c3=0 tc=0
TRAV_RES_EXP mb=44 idx=6 i16=0 qp=30 max=16 c0=-1 c1=0 c2=0 c3=0 tc=1
TRAV_RES_EXP mb=44 idx=7 i16=0 qp=30 max=16 c0=-1 c1=0 c2=0 c3=0 tc=1
TRAV_RES_EXP mb=44 idx=8 i16=0 qp=30 max=16 c0=2 c1=-2 c2=2 c3=0 tc=8
TRAV_RES_EXP mb=44 idx=9 i16=0 qp=30 max=16 c0=0 c1=0 c2=0 c3=0 tc=0
TRAV_RES_EXP mb=44 idx=10 i16=0 qp=30 max=16 c0=0 c1=0 c2=0 c3=0 tc=0
TRAV_RES_EXP mb=44 idx=11 i16=0 qp=30 max=16 c0=-1 c1=0 c2=0 c3=0 tc=1
TRAV_RES_EXP mb=44 idx=12 i16=0 qp=30 max=16 c0=0 c1=0 c2=0 c3=0 tc=0
TRAV_RES_EXP mb=44 idx=13 i16=0 qp=30 max=16 c0=0 c1=0 c2=0 c3=0 tc=0
TRAV_RES_EXP mb=44 idx=14 i16=0 qp=30 max=16 c0=0 c1=0 c2=0 c3=0 tc=0
TRAV_RES_EXP mb=44 idx=15 i16=0 qp=30 max=16 c0=0 c1=0 c2=3 c3=0 tc=2
TRAV_I_MB mb=45 type=0 i16=0 cbp=2f qp=30 bit_pos=12246
TRAV_RES_EXP mb=45 idx=0 i16=0 qp=30 max=16 c0=0 c1=0 c2=0 c3=0 tc=0
TRAV_RES_EXP mb=45 idx=1 i16=0 qp=30 max=16 c0=0 c1=0 c2=0 c3=0 tc=0
TRAV_RES_EXP mb=45 idx=2 i16=0 qp=30 max=16 c0=0 c1=0 c2=1 c3=0 tc=1
TRAV_RES_EXP mb=45 idx=3 i16=0 qp=30 max=16 c0=-1 c1=0 c2=0 c3=0 tc=1
TRAV_RES_EXP mb=45 idx=4 i16=0 qp=30 max=16 c0=1 c1=0 c2=0 c3=0 tc=1
TRAV_RES_EXP mb=45 idx=5 i16=0 qp=30 max=16 c0=-1 c1=0 c2=0 c3=0 tc=1
TRAV_RES_EXP mb=45 idx=6 i16=0 qp=30 max=16 c0=0 c1=0 c2=0 c3=0 tc=1
TRAV_RES_EXP mb=45 idx=7 i16=0 qp=30 max=16 c0=-1 c1=0 c2=1 c3=0 tc=2
TRAV_RES_EXP mb=45 idx=8 i16=0 qp=30 max=16 c0=0 c1=0 c2=0 c3=0 tc=0
TRAV_RES_EXP mb=45 idx=9 i16=0 qp=30 max=16 c0=0 c1=0 c2=0 c3=0 tc=0
TRAV_RES_EXP mb=45 idx=10 i16=0 qp=30 max=16 c0=0 c1=-1 c2=1 c3=0 tc=3
TRAV_RES_EXP mb=45 idx=11 i16=0 qp=30 max=16 c0=0 c1=0 c2=0 c3=0 tc=0
TRAV_RES_EXP mb=45 idx=12 i16=0 qp=30 max=16 c0=-1 c1=0 c2=0 c3=0 tc=1
TRAV_RES_EXP mb=45 idx=13 i16=0 qp=30 max=16 c0=0 c1=0 c2=0 c3=0 tc=0
TRAV_RES_EXP mb=45 idx=14 i16=0 qp=30 max=16 c0=0 c1=0 c2=0 c3=0 tc=0
TRAV_RES_EXP mb=45 idx=15 i16=0 qp=30 max=16 c0=0 c1=0 c2=0 c3=0 tc=0
TRAV_I_MB mb=46 type=0 i16=0 cbp=2d qp=28 bit_pos=12506
TRAV_RES_EXP mb=46 idx=0 i16=0 qp=28 max=16 c0=0 c1=0 c2=0 c3=0 tc=0
TRAV_RES_EXP mb=46 idx=1 i16=0 qp=28 max=16 c0=0 c1=0 c2=0 c3=0 tc=0
TRAV_RES_EXP mb=46 idx=2 i16=0 qp=28 max=16 c0=-1 c1=0 c2=0 c3=0 tc=1
TRAV_RES_EXP mb=46 idx=3 i16=0 qp=28 max=16 c0=0 c1=0 c2=-4 c3=0 tc=7
TRAV_RES_EXP mb=46 idx=8 i16=0 qp=28 max=16 c0=0 c1=0 c2=0 c3=0 tc=0
TRAV_RES_EXP mb=46 idx=9 i16=0 qp=28 max=16 c0=-1 c1=0 c2=0 c3=0 tc=1
TRAV_RES_EXP mb=46 idx=10 i16=0 qp=28 max=16 c0=0 c1=0 c2=0 c3=0 tc=0
TRAV_RES_EXP mb=46 idx=11 i16=0 qp=28 max=16 c0=0 c1=0 c2=0 c3=0 tc=0
TRAV_RES_EXP mb=46 idx=12 i16=0 qp=28 max=16 c0=0 c1=0 c2=0 c3=0 tc=0
TRAV_RES_EXP mb=46 idx=13 i16=0 qp=28 max=16 c0=0 c1=0 c2=8 c3=0 tc=2
TRAV_RES_EXP mb=46 idx=14 i16=0 qp=28 max=16 c0=0 c1=0 c2=0 c3=0 tc=0
TRAV_RES_EXP mb=46 idx=15 i16=0 qp=28 max=16 c0=1 c1=0 c2=0 c3=0 tc=1
TRAV_I_MB mb=47 type=0 i16=0 cbp=2c qp=31 bit_pos=12970
TRAV_RES_EXP mb=47 idx=8 i16=0 qp=31 max=16 c0=0 c1=-3 c2=3 c3=0 tc=7
TRAV_RES_EXP mb=47 idx=9 i16=0 qp=31 max=16 c0=0 c1=0 c2=0 c3=0 tc=0
TRAV_RES_EXP mb=47 idx=10 i16=0 qp=31 max=16 c0=0 c1=0 c2=0 c3=0 tc=0
TRAV_RES_EXP mb=47 idx=11 i16=0 qp=31 max=16 c0=1 c1=0 c2=0 c3=0 tc=1
TRAV_RES_EXP mb=47 idx=12 i16=0 qp=31 max=16 c0=0 c1=0 c2=0 c3=0 tc=0
TRAV_RES_EXP mb=47 idx=13 i16=0 qp=31 max=16 c0=0 c1=0 c2=0 c3=0 tc=0
TRAV_RES_EXP mb=47 idx=14 i16=0 qp=31 max=16 c0=0 c1=0 c2=5 c3=0 tc=2
TRAV_RES_EXP mb=47 idx=15 i16=0 qp=31 max=16 c0=0 c1=0 c2=0 c3=0 tc=0
TRAV_I_MB mb=48 type=1 i16=1 cbp=0 qp=8 bit_pos=13283
TRAV_RES_EXP mb=48 idx=0 i16=1 qp=8 max=16 c0=0 c1=0 c2=0 c3=0 tc=0
SINK_I16_DC mb=48 qp=8 c0=0 dc0=0 dc15=0 pix0=0 pix15=0
TRAV_I_MB mb=49 type=1 i16=1 cbp=0 qp=8 bit_pos=13289
TRAV_RES_EXP mb=49 idx=0 i16=1 qp=8 max=16 c0=0 c1=0 c2=0 c3=0 tc=0
SINK_I16_DC mb=49 qp=8 c0=0 dc0=0 dc15=0 pix0=0 pix15=0
TRAV_I_MB mb=50 type=1 i16=1 cbp=0 qp=8 bit_pos=13297
TRAV_RES_EXP mb=50 idx=0 i16=1 qp=8 max=16 c0=0 c1=0 c2=0 c3=0 tc=0
SINK_I16_DC mb=50 qp=8 c0=0 dc0=0 dc15=0 pix0=0 pix15=0
TRAV_I_MB mb=51 type=1 i16=1 cbp=0 qp=8 bit_pos=13303
TRAV_RES_EXP mb=51 idx=0 i16=1 qp=8 max=16 c0=0 c1=0 c2=0 c3=0 tc=0
SINK_I16_DC mb=51 qp=8 c0=0 dc0=0 dc15=0 pix0=0 pix15=0
TRAV_I_MB mb=52 type=1 i16=1 cbp=0 qp=8 bit_pos=13311
TRAV_RES_EXP mb=52 idx=0 i16=1 qp=8 max=16 c0=0 c1=0 c2=0 c3=0 tc=0
SINK_I16_DC mb=52 qp=8 c0=0 dc0=0 dc15=0 pix0=0 pix15=0
TRAV_I_MB mb=53 type=0 i16=0 cbp=2f qp=33 bit_pos=13364
TRAV_RES_EXP mb=53 idx=0 i16=0 qp=33 max=16 c0=0 c1=0 c2=0 c3=0 tc=0
TRAV_RES_EXP mb=53 idx=1 i16=0 qp=33 max=16 c0=1 c1=-1 c2=-1 c3=0 tc=4
TRAV_RES_EXP mb=53 idx=2 i16=0 qp=33 max=16 c0=0 c1=0 c2=0 c3=0 tc=0
TRAV_RES_EXP mb=53 idx=3 i16=0 qp=33 max=16 c0=0 c1=0 c2=0 c3=0 tc=1
TRAV_RES_EXP mb=53 idx=4 i16=0 qp=33 max=16 c0=0 c1=0 c2=0 c3=0 tc=1
TRAV_RES_EXP mb=53 idx=5 i16=0 qp=33 max=16 c0=0 c1=1 c2=-1 c3=0 tc=3
TRAV_RES_EXP mb=53 idx=6 i16=0 qp=33 max=16 c0=0 c1=0 c2=0 c3=0 tc=0
TRAV_RES_EXP mb=53 idx=7 i16=0 qp=33 max=16 c0=0 c1=0 c2=0 c3=0 tc=1
TRAV_RES_EXP mb=53 idx=8 i16=0 qp=33 max=16 c0=0 c1=0 c2=0 c3=0 tc=0
TRAV_RES_EXP mb=53 idx=9 i16=0 qp=33 max=16 c0=-1 c1=1 c2=1 c3=0 tc=4
TRAV_RES_EXP mb=53 idx=10 i16=0 qp=33 max=16 c0=0 c1=0 c2=0 c3=0 tc=0
TRAV_RES_EXP mb=53 idx=11 i16=0 qp=33 max=16 c0=0 c1=0 c2=0 c3=0 tc=1
TRAV_RES_EXP mb=53 idx=12 i16=0 qp=33 max=16 c0=0 c1=0 c2=0 c3=0 tc=1
TRAV_RES_EXP mb=53 idx=13 i16=0 qp=33 max=16 c0=0 c1=0 c2=1 c3=0 tc=1
TRAV_RES_EXP mb=53 idx=14 i16=0 qp=33 max=16 c0=-1 c1=0 c2=0 c3=0 tc=1
TRAV_RES_EXP mb=53 idx=15 i16=0 qp=33 max=16 c0=0 c1=0 c2=0 c3=0 tc=0
TRAV_I_MB mb=54 type=0 i16=0 cbp=2c qp=28 bit_pos=13917
TRAV_RES_EXP mb=54 idx=8 i16=0 qp=28 max=16 c0=0 c1=0 c2=0 c3=0 tc=0
TRAV_RES_EXP mb=54 idx=9 i16=0 qp=28 max=16 c0=0 c1=0 c2=0 c3=0 tc=0
TRAV_RES_EXP mb=54 idx=10 i16=0 qp=28 max=16 c0=2 c1=-2 c2=-2 c3=0 tc=8
TRAV_RES_EXP mb=54 idx=11 i16=0 qp=28 max=16 c0=1 c1=0 c2=-1 c3=0 tc=2
TRAV_RES_EXP mb=54 idx=12 i16=0 qp=28 max=16 c0=0 c1=0 c2=0 c3=0 tc=0
TRAV_RES_EXP mb=54 idx=13 i16=0 qp=28 max=16 c0=0 c1=0 c2=0 c3=0 tc=0
TRAV_RES_EXP mb=54 idx=14 i16=0 qp=28 max=16 c0=0 c1=2 c2=-2 c3=0 tc=7
TRAV_RES_EXP mb=54 idx=15 i16=0 qp=28 max=16 c0=0 c1=0 c2=0 c3=0 tc=0
TRAV_I_MB mb=55 type=1 i16=1 cbp=0 qp=13 bit_pos=14282
TRAV_RES_EXP mb=55 idx=0 i16=1 qp=13 max=16 c0=0 c1=0 c2=0 c3=0 tc=0
SINK_I16_DC mb=55 qp=13 c0=0 dc0=0 dc15=0 pix0=0 pix15=0
TRAV_I_MB mb=56 type=1 i16=1 cbp=0 qp=13 bit_pos=14290
TRAV_RES_EXP mb=56 idx=0 i16=1 qp=13 max=16 c0=0 c1=0 c2=0 c3=0 tc=0
SINK_I16_DC mb=56 qp=13 c0=0 dc0=0 dc15=0 pix0=0 pix15=0
TRAV_I_MB mb=57 type=1 i16=1 cbp=0 qp=13 bit_pos=14298
TRAV_RES_EXP mb=57 idx=0 i16=1 qp=13 max=16 c0=0 c1=0 c2=0 c3=0 tc=0
SINK_I16_DC mb=57 qp=13 c0=0 dc0=0 dc15=0 pix0=0 pix15=0
TRAV_I_MB mb=58 type=1 i16=1 cbp=0 qp=13 bit_pos=14304
TRAV_RES_EXP mb=58 idx=0 i16=1 qp=13 max=16 c0=0 c1=0 c2=0 c3=0 tc=0
SINK_I16_DC mb=58 qp=13 c0=0 dc0=0 dc15=0 pix0=0 pix15=0
TRAV_I_MB mb=59 type=1 i16=1 cbp=0 qp=13 bit_pos=14310
TRAV_RES_EXP mb=59 idx=0 i16=1 qp=13 max=16 c0=0 c1=0 c2=0 c3=0 tc=0
SINK_I16_DC mb=59 qp=13 c0=0 dc0=0 dc15=0 pix0=0 pix15=0
TRAV_I_MB mb=60 type=5 i16=1 cbp=10 qp=11 bit_pos=14322
TRAV_RES_EXP mb=60 idx=0 i16=1 qp=11 max=16 c0=14 c1=0 c2=0 c3=0 tc=1
SINK_I16_DC mb=60 qp=11 c0=14 dc0=126 dc15=126 pix0=2 pix15=2
TRAV_I_MB mb=61 type=1 i16=1 cbp=0 qp=9 bit_pos=14377
TRAV_RES_EXP mb=61 idx=0 i16=1 qp=9 max=16 c0=0 c1=0 c2=0 c3=0 tc=0
SINK_I16_DC mb=61 qp=9 c0=0 dc0=0 dc15=0 pix0=0 pix15=0
TRAV_I_MB mb=62 type=2 i16=1 cbp=0 qp=9 bit_pos=14383
TRAV_RES_EXP mb=62 idx=0 i16=1 qp=9 max=16 c0=0 c1=0 c2=0 c3=0 tc=0
SINK_I16_DC mb=62 qp=9 c0=0 dc0=0 dc15=0 pix0=0 pix15=0
TRAV_I_MB mb=63 type=0 i16=0 cbp=23 qp=19 bit_pos=14428
TRAV_RES_EXP mb=63 idx=0 i16=0 qp=19 max=16 c0=0 c1=0 c2=0 c3=0 tc=0
TRAV_RES_EXP mb=63 idx=1 i16=0 qp=19 max=16 c0=-1 c1=0 c2=0 c3=0 tc=2
TRAV_RES_EXP mb=63 idx=2 i16=0 qp=19 max=16 c0=0 c1=0 c2=0 c3=0 tc=0
TRAV_RES_EXP mb=63 idx=3 i16=0 qp=19 max=16 c0=0 c1=0 c2=0 c3=0 tc=0
TRAV_RES_EXP mb=63 idx=4 i16=0 qp=19 max=16 c0=-1 c1=0 c2=0 c3=0 tc=1
TRAV_RES_EXP mb=63 idx=5 i16=0 qp=19 max=16 c0=0 c1=0 c2=0 c3=0 tc=0
TRAV_RES_EXP mb=63 idx=6 i16=0 qp=19 max=16 c0=0 c1=0 c2=0 c3=0 tc=0
TRAV_RES_EXP mb=63 idx=7 i16=0 qp=19 max=16 c0=0 c1=0 c2=0 c3=0 tc=0
TRAV_I_MB mb=64 type=2 i16=1 cbp=0 qp=6 bit_pos=14540
TRAV_RES_EXP mb=64 idx=0 i16=1 qp=6 max=16 c0=0 c1=0 c2=0 c3=0 tc=0
SINK_I16_DC mb=64 qp=6 c0=0 dc0=0 dc15=0 pix0=0 pix15=0
TRAV_I_MB mb=65 type=0 i16=0 cbp=22 qp=25 bit_pos=14595
TRAV_RES_EXP mb=65 idx=4 i16=0 qp=25 max=16 c0=0 c1=0 c2=4 c3=0 tc=2
TRAV_RES_EXP mb=65 idx=5 i16=0 qp=25 max=16 c0=0 c1=0 c2=0 c3=0 tc=0
TRAV_RES_EXP mb=65 idx=6 i16=0 qp=25 max=16 c0=0 c1=0 c2=0 c3=0 tc=0
TRAV_RES_EXP mb=65 idx=7 i16=0 qp=25 max=16 c0=0 c1=0 c2=0 c3=0 tc=0
TRAV_I_MB mb=66 type=0 i16=0 cbp=28 qp=29 bit_pos=14765
TRAV_RES_EXP mb=66 idx=12 i16=0 qp=29 max=16 c0=0 c1=0 c2=0 c3=0 tc=0
TRAV_RES_EXP mb=66 idx=13 i16=0 qp=29 max=16 c0=7 c1=0 c2=-7 c3=0 tc=3
TRAV_RES_EXP mb=66 idx=14 i16=0 qp=29 max=16 c0=0 c1=0 c2=0 c3=0 tc=0
TRAV_RES_EXP mb=66 idx=15 i16=0 qp=29 max=16 c0=0 c1=0 c2=0 c3=0 tc=0
TRAV_I_MB mb=67 type=0 i16=0 cbp=2c qp=29 bit_pos=15022
TRAV_RES_EXP mb=67 idx=8 i16=0 qp=29 max=16 c0=0 c1=3 c2=-3 c3=0 tc=7
TRAV_RES_EXP mb=67 idx=9 i16=0 qp=29 max=16 c0=0 c1=0 c2=0 c3=0 tc=0
TRAV_RES_EXP mb=67 idx=10 i16=0 qp=29 max=16 c0=0 c1=0 c2=0 c3=0 tc=0
TRAV_RES_EXP mb=67 idx=11 i16=0 qp=29 max=16 c0=0 c1=0 c2=0 c3=0 tc=0
TRAV_RES_EXP mb=67 idx=12 i16=0 qp=29 max=16 c0=0 c1=0 c2=0 c3=0 tc=0
TRAV_RES_EXP mb=67 idx=13 i16=0 qp=29 max=16 c0=0 c1=0 c2=0 c3=0 tc=0
TRAV_RES_EXP mb=67 idx=14 i16=0 qp=29 max=16 c0=0 c1=0 c2=-6 c3=0 tc=2
TRAV_RES_EXP mb=67 idx=15 i16=0 qp=29 max=16 c0=0 c1=0 c2=0 c3=0 tc=0
TRAV_I_MB mb=68 type=0 i16=0 cbp=23 qp=29 bit_pos=15430
TRAV_RES_EXP mb=68 idx=0 i16=0 qp=29 max=16 c0=0 c1=-1 c2=-1 c3=-1 tc=7
TRAV_RES_EXP mb=68 idx=1 i16=0 qp=29 max=16 c0=0 c1=0 c2=1 c3=1 tc=3
TRAV_RES_EXP mb=68 idx=2 i16=0 qp=29 max=16 c0=0 c1=0 c2=0 c3=0 tc=0
TRAV_RES_EXP mb=68 idx=3 i16=0 qp=29 max=16 c0=0 c1=0 c2=0 c3=0 tc=0
TRAV_RES_EXP mb=68 idx=4 i16=0 qp=29 max=16 c0=0 c1=0 c2=0 c3=0 tc=0
TRAV_RES_EXP mb=68 idx=5 i16=0 qp=29 max=16 c0=0 c1=0 c2=0 c3=0 tc=0
TRAV_RES_EXP mb=68 idx=6 i16=0 qp=29 max=16 c0=1 c1=0 c2=0 c3=0 tc=1
TRAV_RES_EXP mb=68 idx=7 i16=0 qp=29 max=16 c0=0 c1=0 c2=5 c3=0 tc=2
TRAV_I_MB mb=69 type=0 i16=0 cbp=29 qp=32 bit_pos=15917
TRAV_RES_EXP mb=69 idx=0 i16=0 qp=32 max=16 c0=0 c1=0 c2=0 c3=0 tc=0
TRAV_RES_EXP mb=69 idx=1 i16=0 qp=32 max=16 c0=0 c1=0 c2=0 c3=0 tc=0
TRAV_RES_EXP mb=69 idx=2 i16=0 qp=32 max=16 c0=0 c1=-2 c2=2 c3=0 tc=3
TRAV_RES_EXP mb=69 idx=3 i16=0 qp=32 max=16 c0=0 c1=0 c2=0 c3=0 tc=0
TRAV_RES_EXP mb=69 idx=12 i16=0 qp=32 max=16 c0=0 c1=0 c2=3 c3=0 tc=2
TRAV_RES_EXP mb=69 idx=13 i16=0 qp=32 max=16 c0=0 c1=0 c2=0 c3=0 tc=0
TRAV_RES_EXP mb=69 idx=14 i16=0 qp=32 max=16 c0=0 c1=0 c2=0 c3=0 tc=0
TRAV_RES_EXP mb=69 idx=15 i16=0 qp=32 max=16 c0=0 c1=0 c2=0 c3=0 tc=0
TRAV_I_MB mb=70 type=0 i16=0 cbp=24 qp=32 bit_pos=16290
TRAV_RES_EXP mb=70 idx=8 i16=0 qp=32 max=16 c0=0 c1=0 c2=0 c3=0 tc=0
TRAV_RES_EXP mb=70 idx=9 i16=0 qp=32 max=16 c0=0 c1=0 c2=0 c3=0 tc=0
TRAV_RES_EXP mb=70 idx=10 i16=0 qp=32 max=16 c0=1 c1=0 c2=0 c3=0 tc=9
TRAV_RES_EXP mb=70 idx=11 i16=0 qp=32 max=16 c0=0 c1=0 c2=2 c3=1 tc=2
TRAV_I_MB mb=71 type=1 i16=1 cbp=0 qp=8 bit_pos=16513
TRAV_RES_EXP mb=71 idx=0 i16=1 qp=8 max=16 c0=0 c1=0 c2=0 c3=0 tc=0
SINK_I16_DC mb=71 qp=8 c0=0 dc0=0 dc15=0 pix0=0 pix15=0
TRAV_I_MB mb=72 type=1 i16=1 cbp=0 qp=8 bit_pos=16519
TRAV_RES_EXP mb=72 idx=0 i16=1 qp=8 max=16 c0=0 c1=0 c2=0 c3=0 tc=0
SINK_I16_DC mb=72 qp=8 c0=0 dc0=0 dc15=0 pix0=0 pix15=0
TRAV_I_MB mb=73 type=0 i16=0 cbp=21 qp=21 bit_pos=16563
TRAV_RES_EXP mb=73 idx=0 i16=0 qp=21 max=16 c0=0 c1=0 c2=0 c3=0 tc=0
TRAV_RES_EXP mb=73 idx=1 i16=0 qp=21 max=16 c0=-1 c1=1 c2=0 c3=0 tc=2
TRAV_RES_EXP mb=73 idx=2 i16=0 qp=21 max=16 c0=0 c1=0 c2=0 c3=0 tc=0
TRAV_RES_EXP mb=73 idx=3 i16=0 qp=21 max=16 c0=0 c1=0 c2=0 c3=0 tc=0
TRAV_I_MB mb=74 type=0 i16=0 cbp=23 qp=29 bit_pos=16807
TRAV_RES_EXP mb=74 idx=0 i16=0 qp=29 max=16 c0=1 c1=-1 c2=0 c3=0 tc=2
TRAV_RES_EXP mb=74 idx=1 i16=0 qp=29 max=16 c0=0 c1=0 c2=0 c3=0 tc=0
TRAV_RES_EXP mb=74 idx=2 i16=0 qp=29 max=16 c0=0 c1=-2 c2=2 c3=0 tc=5
TRAV_RES_EXP mb=74 idx=3 i16=0 qp=29 max=16 c0=0 c1=0 c2=0 c3=0 tc=0
TRAV_RES_EXP mb=74 idx=4 i16=0 qp=29 max=16 c0=0 c1=1 c2=0 c3=0 tc=1
TRAV_RES_EXP mb=74 idx=5 i16=0 qp=29 max=16 c0=0 c1=0 c2=0 c3=0 tc=0
TRAV_RES_EXP mb=74 idx=6 i16=0 qp=29 max=16 c0=1 c1=1 c2=0 c3=-1 tc=7
TRAV_RES_EXP mb=74 idx=7 i16=0 qp=29 max=16 c0=0 c1=0 c2=0 c3=0 tc=0
TRAV_I_MB mb=75 type=1 i16=1 cbp=0 qp=13 bit_pos=17191
TRAV_RES_EXP mb=75 idx=0 i16=1 qp=13 max=16 c0=0 c1=0 c2=0 c3=0 tc=0
SINK_I16_DC mb=75 qp=13 c0=0 dc0=0 dc15=0 pix0=0 pix15=0
TRAV_I_MB mb=76 type=1 i16=1 cbp=0 qp=13 bit_pos=17199
TRAV_RES_EXP mb=76 idx=0 i16=1 qp=13 max=16 c0=0 c1=0 c2=0 c3=0 tc=0
SINK_I16_DC mb=76 qp=13 c0=0 dc0=0 dc15=0 pix0=0 pix15=0
TRAV_I_MB mb=77 type=1 i16=1 cbp=0 qp=13 bit_pos=17207
TRAV_RES_EXP mb=77 idx=0 i16=1 qp=13 max=16 c0=0 c1=0 c2=0 c3=0 tc=0
SINK_I16_DC mb=77 qp=13 c0=0 dc0=0 dc15=0 pix0=0 pix15=0
TRAV_I_MB mb=78 type=1 i16=1 cbp=0 qp=13 bit_pos=17213
TRAV_RES_EXP mb=78 idx=0 i16=1 qp=13 max=16 c0=0 c1=0 c2=0 c3=0 tc=0
SINK_I16_DC mb=78 qp=13 c0=0 dc0=0 dc15=0 pix0=0 pix15=0
TRAV_I_MB mb=79 type=1 i16=1 cbp=0 qp=13 bit_pos=17219
TRAV_RES_EXP mb=79 idx=0 i16=1 qp=13 max=16 c0=0 c1=0 c2=0 c3=0 tc=0
SINK_I16_DC mb=79 qp=13 c0=0 dc0=0 dc15=0 pix0=0 pix15=0
TRAV_I_MB mb=80 type=1 i16=1 cbp=0 qp=11 bit_pos=17229
TRAV_RES_EXP mb=80 idx=0 i16=1 qp=11 max=16 c0=0 c1=0 c2=0 c3=0 tc=0
SINK_I16_DC mb=80 qp=11 c0=0 dc0=0 dc15=0 pix0=0 pix15=0
TRAV_I_MB mb=81 type=1 i16=1 cbp=0 qp=11 bit_pos=17235
TRAV_RES_EXP mb=81 idx=0 i16=1 qp=11 max=16 c0=0 c1=0 c2=0 c3=0 tc=0
SINK_I16_DC mb=81 qp=11 c0=0 dc0=0 dc15=0 pix0=0 pix15=0
TRAV_I_MB mb=82 type=1 i16=1 cbp=0 qp=11 bit_pos=17241
TRAV_RES_EXP mb=82 idx=0 i16=1 qp=11 max=16 c0=0 c1=0 c2=0 c3=0 tc=0
SINK_I16_DC mb=82 qp=11 c0=0 dc0=0 dc15=0 pix0=0 pix15=0
TRAV_I_MB mb=83 type=1 i16=1 cbp=0 qp=11 bit_pos=17249
TRAV_RES_EXP mb=83 idx=0 i16=1 qp=11 max=16 c0=0 c1=0 c2=0 c3=0 tc=0
SINK_I16_DC mb=83 qp=11 c0=0 dc0=0 dc15=0 pix0=0 pix15=0
TRAV_I_MB mb=84 type=1 i16=1 cbp=0 qp=11 bit_pos=17255
TRAV_RES_EXP mb=84 idx=0 i16=1 qp=11 max=16 c0=0 c1=0 c2=0 c3=0 tc=0
SINK_I16_DC mb=84 qp=11 c0=0 dc0=0 dc15=0 pix0=0 pix15=0
TRAV_I_MB mb=85 type=1 i16=1 cbp=0 qp=11 bit_pos=17261
TRAV_RES_EXP mb=85 idx=0 i16=1 qp=11 max=16 c0=0 c1=0 c2=0 c3=0 tc=0
SINK_I16_DC mb=85 qp=11 c0=0 dc0=0 dc15=0 pix0=0 pix15=0
TRAV_I_MB mb=86 type=9 i16=1 cbp=20 qp=20 bit_pos=17281
TRAV_RES_EXP mb=86 idx=0 i16=1 qp=20 max=16 c0=0 c1=0 c2=0 c3=0 tc=2
SINK_I16_DC mb=86 qp=20 c0=0 dc0=0 dc15=-104 pix0=0 pix15=-2
TRAV_I_MB mb=87 type=6 i16=1 cbp=10 qp=8 bit_pos=17385
TRAV_RES_EXP mb=87 idx=0 i16=1 qp=8 max=16 c0=0 c1=0 c2=0 c3=0 tc=0
SINK_I16_DC mb=87 qp=8 c0=0 dc0=0 dc15=0 pix0=0 pix15=0
TRAV_I_MB mb=88 type=0 i16=0 cbp=23 qp=31 bit_pos=17463
TRAV_RES_EXP mb=88 idx=0 i16=0 qp=31 max=16 c0=1 c1=1 c2=1 c3=1 tc=8
TRAV_RES_EXP mb=88 idx=1 i16=0 qp=31 max=16 c0=0 c1=0 c2=-1 c3=-1 tc=2
TRAV_RES_EXP mb=88 idx=2 i16=0 qp=31 max=16 c0=0 c1=0 c2=0 c3=0 tc=0
TRAV_RES_EXP mb=88 idx=3 i16=0 qp=31 max=16 c0=0 c1=0 c2=0 c3=0 tc=0
TRAV_RES_EXP mb=88 idx=4 i16=0 qp=31 max=16 c0=0 c1=0 c2=0 c3=0 tc=0
TRAV_RES_EXP mb=88 idx=5 i16=0 qp=31 max=16 c0=0 c1=0 c2=0 c3=0 tc=0
TRAV_RES_EXP mb=88 idx=6 i16=0 qp=31 max=16 c0=0 c1=0 c2=0 c3=0 tc=0
TRAV_RES_EXP mb=88 idx=7 i16=0 qp=31 max=16 c0=0 c1=0 c2=-4 c3=0 tc=2
TRAV_I_MB mb=89 type=0 i16=0 cbp=29 qp=31 bit_pos=17876
TRAV_RES_EXP mb=89 idx=0 i16=0 qp=31 max=16 c0=0 c1=0 c2=0 c3=0 tc=0
TRAV_RES_EXP mb=89 idx=1 i16=0 qp=31 max=16 c0=0 c1=0 c2=0 c3=0 tc=0
TRAV_RES_EXP mb=89 idx=2 i16=0 qp=31 max=16 c0=0 c1=2 c2=-2 c3=0 tc=5
TRAV_RES_EXP mb=89 idx=3 i16=0 qp=31 max=16 c0=0 c1=0 c2=0 c3=0 tc=0
TRAV_RES_EXP mb=89 idx=12 i16=0 qp=31 max=16 c0=0 c1=0 c2=-4 c3=0 tc=2
TRAV_RES_EXP mb=89 idx=13 i16=0 qp=31 max=16 c0=0 c1=0 c2=0 c3=0 tc=0
TRAV_RES_EXP mb=89 idx=14 i16=0 qp=31 max=16 c0=0 c1=0 c2=0 c3=0 tc=0
TRAV_RES_EXP mb=89 idx=15 i16=0 qp=31 max=16 c0=0 c1=0 c2=0 c3=0 tc=0
TRAV_I_MB mb=90 type=0 i16=0 cbp=26 qp=31 bit_pos=18263
TRAV_RES_EXP mb=90 idx=4 i16=0 qp=31 max=16 c0=-2 c1=0 c2=0 c3=0 tc=1
TRAV_RES_EXP mb=90 idx=5 i16=0 qp=31 max=16 c0=-1 c1=0 c2=-8 c3=0 tc=3
TRAV_RES_EXP mb=90 idx=6 i16=0 qp=31 max=16 c0=0 c1=0 c2=0 c3=0 tc=0
TRAV_RES_EXP mb=90 idx=7 i16=0 qp=31 max=16 c0=1 c1=0 c2=0 c3=0 tc=1
TRAV_RES_EXP mb=90 idx=8 i16=0 qp=31 max=16 c0=0 c1=0 c2=0 c3=0 tc=0
TRAV_RES_EXP mb=90 idx=9 i16=0 qp=31 max=16 c0=0 c1=0 c2=0 c3=0 tc=0
TRAV_RES_EXP mb=90 idx=10 i16=0 qp=31 max=16 c0=-17 c1=-5 c2=5 c3=0 tc=8
TRAV_RES_EXP mb=90 idx=11 i16=0 qp=31 max=16 c0=0 c1=0 c2=0 c3=0 tc=1
TRAV_I_MB mb=91 type=0 i16=0 cbp=2b qp=31 bit_pos=18699
TRAV_RES_EXP mb=91 idx=0 i16=0 qp=31 max=16 c0=0 c1=4 c2=-4 c3=0 tc=7
TRAV_RES_EXP mb=91 idx=1 i16=0 qp=31 max=16 c0=0 c1=0 c2=0 c3=0 tc=0
TRAV_RES_EXP mb=91 idx=2 i16=0 qp=31 max=16 c0=-2 c1=0 c2=0 c3=0 tc=1
TRAV_RES_EXP mb=91 idx=3 i16=0 qp=31 max=16 c0=-2 c1=0 c2=0 c3=0 tc=1
TRAV_RES_EXP mb=91 idx=4 i16=0 qp=31 max=16 c0=0 c1=0 c2=0 c3=0 tc=0
TRAV_RES_EXP mb=91 idx=5 i16=0 qp=31 max=16 c0=0 c1=0 c2=0 c3=0 tc=0
TRAV_RES_EXP mb=91 idx=6 i16=0 qp=31 max=16 c0=-1 c1=0 c2=-6 c3=0 tc=3
TRAV_RES_EXP mb=91 idx=7 i16=0 qp=31 max=16 c0=0 c1=0 c2=0 c3=0 tc=0
TRAV_RES_EXP mb=91 idx=12 i16=0 qp=31 max=16 c0=0 c1=0 c2=0 c3=0 tc=0
TRAV_RES_EXP mb=91 idx=13 i16=0 qp=31 max=16 c0=-2 c1=0 c2=0 c3=0 tc=1
TRAV_RES_EXP mb=91 idx=14 i16=0 qp=31 max=16 c0=0 c1=0 c2=0 c3=0 tc=0
TRAV_RES_EXP mb=91 idx=15 i16=0 qp=31 max=16 c0=0 c1=0 c2=0 c3=0 tc=0
TRAV_I_MB mb=92 type=0 i16=0 cbp=2c qp=28 bit_pos=19023
TRAV_RES_EXP mb=92 idx=8 i16=0 qp=28 max=16 c0=2 c1=3 c2=-3 c3=0 tc=8
TRAV_RES_EXP mb=92 idx=9 i16=0 qp=28 max=16 c0=-1 c1=0 c2=1 c3=0 tc=2
TRAV_RES_EXP mb=92 idx=10 i16=0 qp=28 max=16 c0=0 c1=1 c2=0 c3=0 tc=1
TRAV_RES_EXP mb=92 idx=11 i16=0 qp=28 max=16 c0=0 c1=0 c2=0 c3=0 tc=0
TRAV_RES_EXP mb=92 idx=12 i16=0 qp=28 max=16 c0=0 c1=0 c2=0 c3=0 tc=0
TRAV_RES_EXP mb=92 idx=13 i16=0 qp=28 max=16 c0=0 c1=0 c2=0 c3=0 tc=0
TRAV_RES_EXP mb=92 idx=14 i16=0 qp=28 max=16 c0=-3 c1=0 c2=0 c3=0 tc=1
TRAV_RES_EXP mb=92 idx=15 i16=0 qp=28 max=16 c0=-1 c1=0 c2=-2 c3=0 tc=3
TRAV_I_MB mb=93 type=13 i16=1 cbp=f qp=28 bit_pos=19264
TRAV_RES_EXP mb=93 idx=0 i16=1 qp=28 max=16 c0=0 c1=0 c2=0 c3=0 tc=0
SINK_I16_DC mb=93 qp=28 c0=0 dc0=0 dc15=0 pix0=0 pix15=0
TRAV_RES_EXP mb=93 idx=1 i16=1 qp=28 max=15 c0=0 c1=0 c2=0 c3=0 tc=0
TRAV_RES_EXP mb=93 idx=2 i16=1 qp=28 max=15 c0=0 c1=0 c2=0 c3=0 tc=0
TRAV_RES_EXP mb=93 idx=3 i16=1 qp=28 max=15 c0=0 c1=0 c2=0 c3=0 tc=0
TRAV_RES_EXP mb=93 idx=4 i16=1 qp=28 max=15 c0=0 c1=0 c2=0 c3=0 tc=0
TRAV_RES_EXP mb=93 idx=5 i16=1 qp=28 max=15 c0=0 c1=0 c2=0 c3=0 tc=0
TRAV_RES_EXP mb=93 idx=6 i16=1 qp=28 max=15 c0=0 c1=0 c2=0 c3=0 tc=0
TRAV_RES_EXP mb=93 idx=7 i16=1 qp=28 max=15 c0=0 c1=0 c2=0 c3=0 tc=0
TRAV_RES_EXP mb=93 idx=8 i16=1 qp=28 max=15 c0=0 c1=0 c2=0 c3=0 tc=0
TRAV_RES_EXP mb=93 idx=9 i16=1 qp=28 max=15 c0=0 c1=0 c2=0 c3=0 tc=0
TRAV_RES_EXP mb=93 idx=10 i16=1 qp=28 max=15 c0=0 c1=0 c2=0 c3=0 tc=0
TRAV_RES_EXP mb=93 idx=11 i16=1 qp=28 max=15 c0=1 c1=-1 c2=0 c3=-1 tc=3
TRAV_RES_EXP mb=93 idx=12 i16=1 qp=28 max=15 c0=0 c1=0 c2=0 c3=0 tc=0
TRAV_RES_EXP mb=93 idx=13 i16=1 qp=28 max=15 c0=0 c1=0 c2=0 c3=0 tc=0
TRAV_RES_EXP mb=93 idx=14 i16=1 qp=28 max=15 c0=0 c1=0 c2=0 c3=0 tc=0
TRAV_RES_EXP mb=93 idx=15 i16=1 qp=28 max=15 c0=0 c1=0 c2=0 c3=0 tc=0
TRAV_RES_EXP mb=93 idx=16 i16=1 qp=28 max=15 c0=0 c1=0 c2=0 c3=0 tc=0
TRAV_I_MB mb=94 type=6 i16=1 cbp=10 qp=10 bit_pos=19311
TRAV_RES_EXP mb=94 idx=0 i16=1 qp=10 max=16 c0=0 c1=0 c2=0 c3=0 tc=0
SINK_I16_DC mb=94 qp=10 c0=0 dc0=0 dc15=0 pix0=0 pix15=0
TRAV_I_MB mb=95 type=1 i16=1 cbp=0 qp=10 bit_pos=19329
TRAV_RES_EXP mb=95 idx=0 i16=1 qp=10 max=16 c0=0 c1=0 c2=0 c3=0 tc=0
SINK_I16_DC mb=95 qp=10 c0=0 dc0=0 dc15=0 pix0=0 pix15=0
TRAV_I_MB mb=96 type=1 i16=1 cbp=0 qp=10 bit_pos=19337
TRAV_RES_EXP mb=96 idx=0 i16=1 qp=10 max=16 c0=0 c1=0 c2=0 c3=0 tc=0
SINK_I16_DC mb=96 qp=10 c0=0 dc0=0 dc15=0 pix0=0 pix15=0
TRAV_I_MB mb=97 type=1 i16=1 cbp=0 qp=10 bit_pos=19345
TRAV_RES_EXP mb=97 idx=0 i16=1 qp=10 max=16 c0=0 c1=0 c2=0 c3=0 tc=0
SINK_I16_DC mb=97 qp=10 c0=0 dc0=0 dc15=0 pix0=0 pix15=0
TRAV_I_MB mb=98 type=1 i16=1 cbp=0 qp=10 bit_pos=19351
TRAV_RES_EXP mb=98 idx=0 i16=1 qp=10 max=16 c0=0 c1=0 c2=0 c3=0 tc=0
SINK_I16_DC mb=98 qp=10 c0=0 dc0=0 dc15=0 pix0=0 pix15=0
TRAV_I_MB mb=99 type=1 i16=1 cbp=0 qp=10 bit_pos=19357
TRAV_RES_EXP mb=99 idx=0 i16=1 qp=10 max=16 c0=0 c1=0 c2=0 c3=0 tc=0
SINK_I16_DC mb=99 qp=10 c0=0 dc0=0 dc15=0 pix0=0 pix15=0
TRAV_I_MB mb=100 type=1 i16=1 cbp=0 qp=10 bit_pos=19363
TRAV_RES_EXP mb=100 idx=0 i16=1 qp=10 max=16 c0=0 c1=0 c2=0 c3=0 tc=0
SINK_I16_DC mb=100 qp=10 c0=0 dc0=0 dc15=0 pix0=0 pix15=0
TRAV_I_MB mb=101 type=1 i16=1 cbp=0 qp=10 bit_pos=19369
TRAV_RES_EXP mb=101 idx=0 i16=1 qp=10 max=16 c0=0 c1=0 c2=0 c3=0 tc=0
SINK_I16_DC mb=101 qp=10 c0=0 dc0=0 dc15=0 pix0=0 pix15=0
TRAV_I_MB mb=102 type=1 i16=1 cbp=0 qp=10 bit_pos=19375
TRAV_RES_EXP mb=102 idx=0 i16=1 qp=10 max=16 c0=0 c1=0 c2=0 c3=0 tc=0
SINK_I16_DC mb=102 qp=10 c0=0 dc0=0 dc15=0 pix0=0 pix15=0
TRAV_I_MB mb=103 type=1 i16=1 cbp=0 qp=10 bit_pos=19383
TRAV_RES_EXP mb=103 idx=0 i16=1 qp=10 max=16 c0=0 c1=0 c2=0 c3=0 tc=0
SINK_I16_DC mb=103 qp=10 c0=0 dc0=0 dc15=0 pix0=0 pix15=0
TRAV_I_MB mb=104 type=1 i16=1 cbp=0 qp=10 bit_pos=19389
TRAV_RES_EXP mb=104 idx=0 i16=1 qp=10 max=16 c0=0 c1=0 c2=0 c3=0 tc=0
SINK_I16_DC mb=104 qp=10 c0=0 dc0=0 dc15=0 pix0=0 pix15=0
TRAV_I_MB mb=105 type=1 i16=1 cbp=0 qp=10 bit_pos=19395
TRAV_RES_EXP mb=105 idx=0 i16=1 qp=10 max=16 c0=0 c1=0 c2=0 c3=0 tc=0
SINK_I16_DC mb=105 qp=10 c0=0 dc0=0 dc15=0 pix0=0 pix15=0
TRAV_I_MB mb=106 type=1 i16=1 cbp=0 qp=10 bit_pos=19403
TRAV_RES_EXP mb=106 idx=0 i16=1 qp=10 max=16 c0=0 c1=0 c2=0 c3=0 tc=0
SINK_I16_DC mb=106 qp=10 c0=0 dc0=0 dc15=0 pix0=0 pix15=0
TRAV_I_MB mb=107 type=1 i16=1 cbp=0 qp=10 bit_pos=19411
TRAV_RES_EXP mb=107 idx=0 i16=1 qp=10 max=16 c0=0 c1=0 c2=0 c3=0 tc=0
SINK_I16_DC mb=107 qp=10 c0=0 dc0=0 dc15=0 pix0=0 pix15=0
TRAV_I_MB mb=108 type=2 i16=1 cbp=0 qp=10 bit_pos=19419
TRAV_RES_EXP mb=108 idx=0 i16=1 qp=10 max=16 c0=0 c1=0 c2=0 c3=0 tc=0
SINK_I16_DC mb=108 qp=10 c0=0 dc0=0 dc15=0 pix0=0 pix15=0
TRAV_I_MB mb=109 type=2 i16=1 cbp=0 qp=8 bit_pos=19431
TRAV_RES_EXP mb=109 idx=0 i16=1 qp=8 max=16 c0=0 c1=0 c2=0 c3=0 tc=0
SINK_I16_DC mb=109 qp=8 c0=0 dc0=0 dc15=0 pix0=0 pix15=0
TRAV_I_MB mb=110 type=0 i16=0 cbp=23 qp=28 bit_pos=19490
TRAV_RES_EXP mb=110 idx=0 i16=0 qp=28 max=16 c0=-1 c1=0 c2=0 c3=0 tc=1
TRAV_RES_EXP mb=110 idx=1 i16=0 qp=28 max=16 c0=0 c1=0 c2=0 c3=0 tc=0
TRAV_RES_EXP mb=110 idx=2 i16=0 qp=28 max=16 c0=0 c1=0 c2=0 c3=0 tc=0
TRAV_RES_EXP mb=110 idx=3 i16=0 qp=28 max=16 c0=0 c1=0 c2=0 c3=0 tc=0
TRAV_RES_EXP mb=110 idx=4 i16=0 qp=28 max=16 c0=0 c1=0 c2=0 c3=0 tc=0
TRAV_RES_EXP mb=110 idx=5 i16=0 qp=28 max=16 c0=0 c1=0 c2=12 c3=0 tc=2
TRAV_RES_EXP mb=110 idx=6 i16=0 qp=28 max=16 c0=0 c1=0 c2=0 c3=0 tc=0
TRAV_RES_EXP mb=110 idx=7 i16=0 qp=28 max=16 c0=0 c1=0 c2=0 c3=0 tc=0
TRAV_I_MB mb=111 type=0 i16=0 cbp=23 qp=30 bit_pos=19805
TRAV_RES_EXP mb=111 idx=0 i16=0 qp=30 max=16 c0=-1 c1=-4 c2=4 c3=0 tc=8
TRAV_RES_EXP mb=111 idx=1 i16=0 qp=30 max=16 c0=0 c1=0 c2=0 c3=0 tc=0
TRAV_RES_EXP mb=111 idx=2 i16=0 qp=30 max=16 c0=0 c1=0 c2=0 c3=0 tc=0
TRAV_RES_EXP mb=111 idx=3 i16=0 qp=30 max=16 c0=0 c1=0 c2=0 c3=0 tc=0
TRAV_RES_EXP mb=111 idx=4 i16=0 qp=30 max=16 c0=0 c1=0 c2=0 c3=0 tc=0
TRAV_RES_EXP mb=111 idx=5 i16=0 qp=30 max=16 c0=0 c1=0 c2=0 c3=0 tc=0
TRAV_RES_EXP mb=111 idx=6 i16=0 qp=30 max=16 c0=0 c1=0 c2=6 c3=0 tc=2
TRAV_RES_EXP mb=111 idx=7 i16=0 qp=30 max=16 c0=0 c1=0 c2=0 c3=0 tc=0
TRAV_I_MB mb=112 type=0 i16=0 cbp=2c qp=28 bit_pos=20124
TRAV_RES_EXP mb=112 idx=8 i16=0 qp=28 max=16 c0=2 c1=-3 c2=3 c3=0 tc=8
TRAV_RES_EXP mb=112 idx=9 i16=0 qp=28 max=16 c0=-1 c1=0 c2=-1 c3=0 tc=2
TRAV_RES_EXP mb=112 idx=10 i16=0 qp=28 max=16 c0=0 c1=0 c2=0 c3=0 tc=0
TRAV_RES_EXP mb=112 idx=11 i16=0 qp=28 max=16 c0=0 c1=0 c2=0 c3=0 tc=0
TRAV_RES_EXP mb=112 idx=12 i16=0 qp=28 max=16 c0=0 c1=0 c2=0 c3=0 tc=0
TRAV_RES_EXP mb=112 idx=13 i16=0 qp=28 max=16 c0=0 c1=0 c2=0 c3=0 tc=0
TRAV_RES_EXP mb=112 idx=14 i16=0 qp=28 max=16 c0=0 c1=0 c2=0 c3=0 tc=0
TRAV_RES_EXP mb=112 idx=15 i16=0 qp=28 max=16 c0=0 c1=0 c2=2 c3=0 tc=2
TRAV_I_MB mb=113 type=0 i16=0 cbp=27 qp=28 bit_pos=20367
TRAV_RES_EXP mb=113 idx=0 i16=0 qp=28 max=16 c0=0 c1=0 c2=0 c3=0 tc=0
TRAV_RES_EXP mb=113 idx=1 i16=0 qp=28 max=16 c0=-3 c1=0 c2=0 c3=0 tc=1
TRAV_RES_EXP mb=113 idx=2 i16=0 qp=28 max=16 c0=0 c1=0 c2=0 c3=0 tc=0
TRAV_RES_EXP mb=113 idx=3 i16=0 qp=28 max=16 c0=0 c1=0 c2=0 c3=0 tc=0
TRAV_RES_EXP mb=113 idx=4 i16=0 qp=28 max=16 c0=0 c1=0 c2=7 c3=0 tc=2
TRAV_RES_EXP mb=113 idx=5 i16=0 qp=28 max=16 c0=0 c1=0 c2=0 c3=0 tc=0
TRAV_RES_EXP mb=113 idx=6 i16=0 qp=28 max=16 c0=0 c1=0 c2=0 c3=0 tc=0
TRAV_RES_EXP mb=113 idx=7 i16=0 qp=28 max=16 c0=1 c1=0 c2=0 c3=0 tc=1
TRAV_RES_EXP mb=113 idx=8 i16=0 qp=28 max=16 c0=0 c1=0 c2=0 c3=0 tc=0
TRAV_RES_EXP mb=113 idx=9 i16=0 qp=28 max=16 c0=0 c1=0 c2=0 c3=0 tc=0
TRAV_RES_EXP mb=113 idx=10 i16=0 qp=28 max=16 c0=-1 c1=0 c2=1 c3=0 tc=3
TRAV_RES_EXP mb=113 idx=11 i16=0 qp=28 max=16 c0=0 c1=0 c2=0 c3=0 tc=0
TRAV_I_MB mb=114 type=0 i16=0 cbp=2d qp=30 bit_pos=20662
TRAV_RES_EXP mb=114 idx=0 i16=0 qp=30 max=16 c0=0 c1=0 c2=0 c3=0 tc=0
TRAV_RES_EXP mb=114 idx=1 i16=0 qp=30 max=16 c0=0 c1=0 c2=0 c3=0 tc=0
TRAV_RES_EXP mb=114 idx=2 i16=0 qp=30 max=16 c0=0 c1=-1 c2=-1 c3=-1 tc=6
TRAV_RES_EXP mb=114 idx=3 i16=0 qp=30 max=16 c0=0 c1=0 c2=0 c3=1 tc=1
TRAV_RES_EXP mb=114 idx=8 i16=0 qp=30 max=16 c0=0 c1=0 c2=0 c3=0 tc=1
TRAV_RES_EXP mb=114 idx=9 i16=0 qp=30 max=16 c0=1 c1=0 c2=0 c3=0 tc=1
TRAV_RES_EXP mb=114 idx=10 i16=0 qp=30 max=16 c0=0 c1=0 c2=0 c3=0 tc=0
TRAV_RES_EXP mb=114 idx=11 i16=0 qp=30 max=16 c0=0 c1=0 c2=0 c3=0 tc=0
TRAV_RES_EXP mb=114 idx=12 i16=0 qp=30 max=16 c0=1 c1=0 c2=0 c3=0 tc=1
TRAV_RES_EXP mb=114 idx=13 i16=0 qp=30 max=16 c0=0 c1=0 c2=3 c3=0 tc=2
TRAV_RES_EXP mb=114 idx=14 i16=0 qp=30 max=16 c0=0 c1=0 c2=0 c3=0 tc=0
TRAV_RES_EXP mb=114 idx=15 i16=0 qp=30 max=16 c0=0 c1=0 c2=0 c3=0 tc=0
TRAV_I_MB mb=115 type=0 i16=0 cbp=2c qp=28 bit_pos=20949
TRAV_RES_EXP mb=115 idx=8 i16=0 qp=28 max=16 c0=0 c1=-1 c2=0 c3=1 tc=5
TRAV_RES_EXP mb=115 idx=9 i16=0 qp=28 max=16 c0=0 c1=0 c2=0 c3=0 tc=0
TRAV_RES_EXP mb=115 idx=10 i16=0 qp=28 max=16 c0=-1 c1=0 c2=0 c3=0 tc=1
TRAV_RES_EXP mb=115 idx=11 i16=0 qp=28 max=16 c0=1 c1=0 c2=0 c3=0 tc=1
TRAV_RES_EXP mb=115 idx=12 i16=0 qp=28 max=16 c0=0 c1=0 c2=0 c3=0 tc=0
TRAV_RES_EXP mb=115 idx=13 i16=0 qp=28 max=16 c0=0 c1=0 c2=0 c3=0 tc=0
TRAV_RES_EXP mb=115 idx=14 i16=0 qp=28 max=16 c0=1 c1=0 c2=2 c3=0 tc=3
TRAV_RES_EXP mb=115 idx=15 i16=0 qp=28 max=16 c0=0 c1=0 c2=0 c3=0 tc=0
TRAV_I_MB mb=116 type=9 i16=1 cbp=20 qp=22 bit_pos=21153
TRAV_RES_EXP mb=116 idx=0 i16=1 qp=22 max=16 c0=0 c1=0 c2=0 c3=0 tc=0
SINK_I16_DC mb=116 qp=22 c0=0 dc0=0 dc15=0 pix0=0 pix15=0
TRAV_I_MB mb=117 type=1 i16=1 cbp=0 qp=12 bit_pos=21210
TRAV_RES_EXP mb=117 idx=0 i16=1 qp=12 max=16 c0=0 c1=0 c2=0 c3=0 tc=0
SINK_I16_DC mb=117 qp=12 c0=0 dc0=0 dc15=0 pix0=0 pix15=0
TRAV_I_MB mb=118 type=1 i16=1 cbp=0 qp=12 bit_pos=21216
TRAV_RES_EXP mb=118 idx=0 i16=1 qp=12 max=16 c0=0 c1=0 c2=0 c3=0 tc=0
SINK_I16_DC mb=118 qp=12 c0=0 dc0=0 dc15=0 pix0=0 pix15=0
TRAV_I_MB mb=119 type=1 i16=1 cbp=0 qp=12 bit_pos=21222
TRAV_RES_EXP mb=119 idx=0 i16=1 qp=12 max=16 c0=0 c1=0 c2=0 c3=0 tc=0
SINK_I16_DC mb=119 qp=12 c0=0 dc0=0 dc15=0 pix0=0 pix15=0
TRAV_I_MB mb=120 type=1 i16=1 cbp=0 qp=12 bit_pos=21228
TRAV_RES_EXP mb=120 idx=0 i16=1 qp=12 max=16 c0=0 c1=0 c2=0 c3=0 tc=0
SINK_I16_DC mb=120 qp=12 c0=0 dc0=0 dc15=0 pix0=0 pix15=0
TRAV_I_MB mb=121 type=1 i16=1 cbp=0 qp=12 bit_pos=21234
TRAV_RES_EXP mb=121 idx=0 i16=1 qp=12 max=16 c0=0 c1=0 c2=0 c3=0 tc=0
SINK_I16_DC mb=121 qp=12 c0=0 dc0=0 dc15=0 pix0=0 pix15=0
TRAV_I_MB mb=122 type=1 i16=1 cbp=0 qp=12 bit_pos=21240
TRAV_RES_EXP mb=122 idx=0 i16=1 qp=12 max=16 c0=0 c1=0 c2=0 c3=0 tc=0
SINK_I16_DC mb=122 qp=12 c0=0 dc0=0 dc15=0 pix0=0 pix15=0
TRAV_I_MB mb=123 type=1 i16=1 cbp=0 qp=12 bit_pos=21248
TRAV_RES_EXP mb=123 idx=0 i16=1 qp=12 max=16 c0=0 c1=0 c2=0 c3=0 tc=0
SINK_I16_DC mb=123 qp=12 c0=0 dc0=0 dc15=0 pix0=0 pix15=0
TRAV_I_MB mb=124 type=1 i16=1 cbp=0 qp=12 bit_pos=21254
TRAV_RES_EXP mb=124 idx=0 i16=1 qp=12 max=16 c0=0 c1=0 c2=0 c3=0 tc=0
SINK_I16_DC mb=124 qp=12 c0=0 dc0=0 dc15=0 pix0=0 pix15=0
TRAV_I_MB mb=125 type=1 i16=1 cbp=0 qp=12 bit_pos=21260
TRAV_RES_EXP mb=125 idx=0 i16=1 qp=12 max=16 c0=0 c1=0 c2=0 c3=0 tc=0
SINK_I16_DC mb=125 qp=12 c0=0 dc0=0 dc15=0 pix0=0 pix15=0
TRAV_I_MB mb=126 type=1 i16=1 cbp=0 qp=12 bit_pos=21268
TRAV_RES_EXP mb=126 idx=0 i16=1 qp=12 max=16 c0=0 c1=0 c2=0 c3=0 tc=0
SINK_I16_DC mb=126 qp=12 c0=0 dc0=0 dc15=0 pix0=0 pix15=0
TRAV_I_MB mb=127 type=1 i16=1 cbp=0 qp=12 bit_pos=21276
TRAV_RES_EXP mb=127 idx=0 i16=1 qp=12 max=16 c0=0 c1=0 c2=0 c3=0 tc=0
SINK_I16_DC mb=127 qp=12 c0=0 dc0=0 dc15=0 pix0=0 pix15=0
TRAV_I_MB mb=128 type=1 i16=1 cbp=0 qp=12 bit_pos=21282
TRAV_RES_EXP mb=128 idx=0 i16=1 qp=12 max=16 c0=0 c1=0 c2=0 c3=0 tc=0
SINK_I16_DC mb=128 qp=12 c0=0 dc0=0 dc15=0 pix0=0 pix15=0
TRAV_I_MB mb=129 type=1 i16=1 cbp=0 qp=10 bit_pos=21292
TRAV_RES_EXP mb=129 idx=0 i16=1 qp=10 max=16 c0=0 c1=0 c2=0 c3=0 tc=0
SINK_I16_DC mb=129 qp=10 c0=0 dc0=0 dc15=0 pix0=0 pix15=0
TRAV_I_MB mb=130 type=0 i16=0 cbp=21 qp=1 bit_pos=21333
TRAV_RES_EXP mb=130 idx=0 i16=0 qp=1 max=16 c0=10 c1=-2 c2=0 c3=0 tc=4
TRAV_RES_EXP mb=130 idx=1 i16=0 qp=1 max=16 c0=0 c1=0 c2=0 c3=0 tc=0
TRAV_RES_EXP mb=130 idx=2 i16=0 qp=1 max=16 c0=0 c1=0 c2=0 c3=0 tc=0
TRAV_RES_EXP mb=130 idx=3 i16=0 qp=1 max=16 c0=0 c1=0 c2=0 c3=0 tc=0
TRAV_I_MB mb=131 type=2 i16=1 cbp=0 qp=1 bit_pos=21613
TRAV_RES_EXP mb=131 idx=0 i16=1 qp=1 max=16 c0=0 c1=0 c2=0 c3=0 tc=0
SINK_I16_DC mb=131 qp=1 c0=0 dc0=0 dc15=0 pix0=0 pix15=0
TRAV_I_MB mb=132 type=2 i16=1 cbp=0 qp=1 bit_pos=21621
TRAV_RES_EXP mb=132 idx=0 i16=1 qp=1 max=16 c0=0 c1=0 c2=0 c3=0 tc=0
SINK_I16_DC mb=132 qp=1 c0=0 dc0=0 dc15=0 pix0=0 pix15=0
TRAV_I_MB mb=133 type=0 i16=0 cbp=23 qp=-21 bit_pos=21673
TRAV_RES_EXP mb=133 idx=0 i16=0 qp=-21 max=16 c0=0 c1=0 c2=0 c3=0 tc=0
TRAV_RES_EXP mb=133 idx=1 i16=0 qp=-21 max=16 c0=6 c1=-6 c2=0 c3=0 tc=3
TRAV_RES_EXP mb=133 idx=2 i16=0 qp=-21 max=16 c0=0 c1=0 c2=0 c3=0 tc=0
TRAV_RES_EXP mb=133 idx=3 i16=0 qp=-21 max=16 c0=0 c1=0 c2=0 c3=0 tc=0
TRAV_RES_EXP mb=133 idx=4 i16=0 qp=-21 max=16 c0=0 c1=0 c2=-5 c3=0 tc=2
TRAV_RES_EXP mb=133 idx=5 i16=0 qp=-21 max=16 c0=0 c1=0 c2=0 c3=0 tc=0
TRAV_RES_EXP mb=133 idx=6 i16=0 qp=-21 max=16 c0=0 c1=0 c2=0 c3=0 tc=0
TRAV_RES_EXP mb=133 idx=7 i16=0 qp=-21 max=16 c0=0 c1=0 c2=0 c3=0 tc=0
TRAV_I_MB mb=134 type=0 i16=0 cbp=29 qp=-21 bit_pos=22022
TRAV_RES_EXP mb=134 idx=0 i16=0 qp=-21 max=16 c0=0 c1=0 c2=0 c3=0 tc=0
TRAV_RES_EXP mb=134 idx=1 i16=0 qp=-21 max=16 c0=0 c1=0 c2=0 c3=0 tc=0
TRAV_RES_EXP mb=134 idx=2 i16=0 qp=-21 max=16 c0=1 c1=1 c2=1 c3=1 tc=7
TRAV_RES_EXP mb=134 idx=3 i16=0 qp=-21 max=16 c0=0 c1=0 c2=0 c3=-1 tc=1
TRAV_RES_EXP mb=134 idx=12 i16=0 qp=-21 max=16 c0=0 c1=0 c2=0 c3=0 tc=0
TRAV_RES_EXP mb=134 idx=13 i16=0 qp=-21 max=16 c0=0 c1=0 c2=-3 c3=0 tc=2
TRAV_RES_EXP mb=134 idx=14 i16=0 qp=-21 max=16 c0=0 c1=0 c2=0 c3=0 tc=0
TRAV_RES_EXP mb=134 idx=15 i16=0 qp=-21 max=16 c0=0 c1=0 c2=0 c3=0 tc=0
TRAV_I_MB mb=135 type=0 i16=0 cbp=2e qp=-25 bit_pos=22286
TRAV_RES_EXP mb=135 idx=4 i16=0 qp=-25 max=16 c0=0 c1=0 c2=0 c3=0 tc=0
TRAV_RES_EXP mb=135 idx=5 i16=0 qp=-25 max=16 c0=-1 c1=0 c2=0 c3=0 tc=1
TRAV_RES_EXP mb=135 idx=6 i16=0 qp=-25 max=16 c0=0 c1=0 c2=0 c3=0 tc=0
TRAV_RES_EXP mb=135 idx=7 i16=0 qp=-25 max=16 c0=0 c1=0 c2=0 c3=0 tc=0
TRAV_RES_EXP mb=135 idx=8 i16=0 qp=-25 max=16 c0=1 c1=2 c2=-2 c3=0 tc=6
TRAV_RES_EXP mb=135 idx=9 i16=0 qp=-25 max=16 c0=0 c1=0 c2=0 c3=0 tc=0
TRAV_RES_EXP mb=135 idx=10 i16=0 qp=-25 max=16 c0=0 c1=0 c2=0 c3=0 tc=0
TRAV_RES_EXP mb=135 idx=11 i16=0 qp=-25 max=16 c0=0 c1=0 c2=0 c3=0 tc=0
TRAV_RES_EXP mb=135 idx=12 i16=0 qp=-25 max=16 c0=0 c1=0 c2=0 c3=0 tc=0
TRAV_RES_EXP mb=135 idx=13 i16=0 qp=-25 max=16 c0=0 c1=0 c2=0 c3=0 tc=0
TRAV_RES_EXP mb=135 idx=14 i16=0 qp=-25 max=16 c0=0 c1=0 c2=-3 c3=0 tc=2
TRAV_RES_EXP mb=135 idx=15 i16=0 qp=-25 max=16 c0=0 c1=0 c2=0 c3=0 tc=0
TRAV_I_MB mb=136 type=0 i16=0 cbp=2b qp=-23 bit_pos=22539
TRAV_RES_EXP mb=136 idx=0 i16=0 qp=-23 max=16 c0=0 c1=-1 c2=0 c3=0 tc=1
TRAV_RES_EXP mb=136 idx=1 i16=0 qp=-23 max=16 c0=-1 c1=0 c2=0 c3=0 tc=1
TRAV_RES_EXP mb=136 idx=2 i16=0 qp=-23 max=16 c0=0 c1=0 c2=0 c3=0 tc=0
TRAV_RES_EXP mb=136 idx=3 i16=0 qp=-23 max=16 c0=0 c1=0 c2=0 c3=0 tc=0
TRAV_RES_EXP mb=136 idx=4 i16=0 qp=-23 max=16 c0=0 c1=0 c2=0 c3=0 tc=0
TRAV_RES_EXP mb=136 idx=5 i16=0 qp=-23 max=16 c0=0 c1=0 c2=0 c3=0 tc=0
TRAV_RES_EXP mb=136 idx=6 i16=0 qp=-23 max=16 c0=0 c1=0 c2=0 c3=0 tc=0
TRAV_RES_EXP mb=136 idx=7 i16=0 qp=-23 max=16 c0=0 c1=0 c2=7 c3=0 tc=2
TRAV_RES_EXP mb=136 idx=12 i16=0 qp=-23 max=16 c0=0 c1=0 c2=0 c3=0 tc=0
TRAV_RES_EXP mb=136 idx=13 i16=0 qp=-23 max=16 c0=1 c1=0 c2=0 c3=0 tc=1
TRAV_RES_EXP mb=136 idx=14 i16=0 qp=-23 max=16 c0=0 c1=0 c2=0 c3=0 tc=0
TRAV_RES_EXP mb=136 idx=15 i16=0 qp=-23 max=16 c0=0 c1=0 c2=0 c3=0 tc=0
TRAV_I_MB mb=137 type=0 i16=0 cbp=2d qp=-19 bit_pos=22807
TRAV_RES_EXP mb=137 idx=0 i16=0 qp=-19 max=16 c0=0 c1=0 c2=0 c3=0 tc=0
TRAV_RES_EXP mb=137 idx=1 i16=0 qp=-19 max=16 c0=0 c1=0 c2=0 c3=0 tc=0
TRAV_RES_EXP mb=137 idx=2 i16=0 qp=-19 max=16 c0=0 c1=-2 c2=2 c3=0 tc=6
TRAV_RES_EXP mb=137 idx=3 i16=0 qp=-19 max=16 c0=0 c1=0 c2=0 c3=0 tc=0
TRAV_RES_EXP mb=137 idx=8 i16=0 qp=-19 max=16 c0=0 c1=0 c2=0 c3=0 tc=0
TRAV_RES_EXP mb=137 idx=9 i16=0 qp=-19 max=16 c0=-1 c1=0 c2=0 c3=0 tc=1
TRAV_RES_EXP mb=137 idx=10 i16=0 qp=-19 max=16 c0=0 c1=0 c2=0 c3=0 tc=0
TRAV_RES_EXP mb=137 idx=11 i16=0 qp=-19 max=16 c0=0 c1=0 c2=0 c3=0 tc=0
TRAV_RES_EXP mb=137 idx=12 i16=0 qp=-19 max=16 c0=0 c1=0 c2=5 c3=0 tc=2
TRAV_RES_EXP mb=137 idx=13 i16=0 qp=-19 max=16 c0=0 c1=0 c2=0 c3=0 tc=0
TRAV_RES_EXP mb=137 idx=14 i16=0 qp=-19 max=16 c0=1 c1=0 c2=0 c3=0 tc=1
TRAV_RES_EXP mb=137 idx=15 i16=0 qp=-19 max=16 c0=-1 c1=0 c2=0 c3=0 tc=1
TRAV_I_MB mb=138 type=0 i16=0 cbp=24 qp=-21 bit_pos=23118
TRAV_RES_EXP mb=138 idx=8 i16=0 qp=-21 max=16 c0=0 c1=0 c2=0 c3=0 tc=0
TRAV_RES_EXP mb=138 idx=9 i16=0 qp=-21 max=16 c0=0 c1=0 c2=0 c3=0 tc=0
TRAV_RES_EXP mb=138 idx=10 i16=0 qp=-21 max=16 c0=-1 c1=-1 c2=-1 c3=-1 tc=9
TRAV_RES_EXP mb=138 idx=11 i16=0 qp=-21 max=16 c0=0 c1=0 c2=0 c3=1 tc=1
TRAV_I_MB mb=139 type=1 i16=1 cbp=0 qp=-44 bit_pos=23308
TRAV_RES_EXP mb=139 idx=0 i16=1 qp=-44 max=16 c0=0 c1=0 c2=0 c3=0 tc=0
SINK_I16_DC mb=139 qp=20 c0=0 dc0=0 dc15=0 pix0=0 pix15=0
TRAV_I_MB mb=140 type=1 i16=1 cbp=0 qp=-44 bit_pos=23314
TRAV_RES_EXP mb=140 idx=0 i16=1 qp=-44 max=16 c0=0 c1=0 c2=0 c3=0 tc=0
SINK_I16_DC mb=140 qp=20 c0=0 dc0=0 dc15=0 pix0=0 pix15=0
TRAV_I_MB mb=141 type=1 i16=1 cbp=0 qp=-44 bit_pos=23320
TRAV_RES_EXP mb=141 idx=0 i16=1 qp=-44 max=16 c0=0 c1=0 c2=0 c3=0 tc=0
SINK_I16_DC mb=141 qp=20 c0=0 dc0=0 dc15=0 pix0=0 pix15=0
TRAV_I_MB mb=142 type=1 i16=1 cbp=0 qp=-44 bit_pos=23326
TRAV_RES_EXP mb=142 idx=0 i16=1 qp=-44 max=16 c0=0 c1=0 c2=0 c3=0 tc=0
SINK_I16_DC mb=142 qp=20 c0=0 dc0=0 dc15=0 pix0=0 pix15=0
TRAV_I_MB mb=143 type=1 i16=1 cbp=0 qp=-44 bit_pos=23334
TRAV_RES_EXP mb=143 idx=0 i16=1 qp=-44 max=16 c0=0 c1=0 c2=0 c3=0 tc=0
SINK_I16_DC mb=143 qp=20 c0=0 dc0=0 dc15=0 pix0=0 pix15=0
TRAV_I_MB mb=144 type=1 i16=1 cbp=0 qp=-44 bit_pos=23340
TRAV_RES_EXP mb=144 idx=0 i16=1 qp=-44 max=16 c0=0 c1=0 c2=0 c3=0 tc=0
SINK_I16_DC mb=144 qp=20 c0=0 dc0=0 dc15=0 pix0=0 pix15=0
TRAV_I_MB mb=145 type=1 i16=1 cbp=0 qp=-44 bit_pos=23346
TRAV_RES_EXP mb=145 idx=0 i16=1 qp=-44 max=16 c0=0 c1=0 c2=0 c3=0 tc=0
SINK_I16_DC mb=145 qp=20 c0=0 dc0=0 dc15=0 pix0=0 pix15=0
TRAV_I_MB mb=146 type=1 i16=1 cbp=0 qp=-44 bit_pos=23354
TRAV_RES_EXP mb=146 idx=0 i16=1 qp=-44 max=16 c0=0 c1=0 c2=0 c3=0 tc=0
SINK_I16_DC mb=146 qp=20 c0=0 dc0=0 dc15=0 pix0=0 pix15=0
TRAV_I_MB mb=147 type=1 i16=1 cbp=0 qp=-44 bit_pos=23362
TRAV_RES_EXP mb=147 idx=0 i16=1 qp=-44 max=16 c0=0 c1=0 c2=0 c3=0 tc=0
SINK_I16_DC mb=147 qp=20 c0=0 dc0=0 dc15=0 pix0=0 pix15=0
TRAV_I_MB mb=148 type=1 i16=1 cbp=0 qp=-44 bit_pos=23368
TRAV_RES_EXP mb=148 idx=0 i16=1 qp=-44 max=16 c0=0 c1=0 c2=0 c3=0 tc=0
SINK_I16_DC mb=148 qp=20 c0=0 dc0=0 dc15=0 pix0=0 pix15=0
TRAV_I_MB mb=149 type=1 i16=1 cbp=0 qp=-44 bit_pos=23374
TRAV_RES_EXP mb=149 idx=0 i16=1 qp=-44 max=16 c0=0 c1=0 c2=0 c3=0 tc=0
SINK_I16_DC mb=149 qp=20 c0=0 dc0=0 dc15=0 pix0=0 pix15=0
TRAV_I_MB mb=150 type=1 i16=1 cbp=0 qp=-44 bit_pos=23382
TRAV_RES_EXP mb=150 idx=0 i16=1 qp=-44 max=16 c0=0 c1=0 c2=0 c3=0 tc=0
SINK_I16_DC mb=150 qp=20 c0=0 dc0=0 dc15=0 pix0=0 pix15=0
TRAV_I_MB mb=151 type=1 i16=1 cbp=0 qp=-44 bit_pos=23388
TRAV_RES_EXP mb=151 idx=0 i16=1 qp=-44 max=16 c0=0 c1=0 c2=0 c3=0 tc=0
SINK_I16_DC mb=151 qp=20 c0=0 dc0=0 dc15=0 pix0=0 pix15=0
TRAV_I_MB mb=152 type=1 i16=1 cbp=0 qp=-44 bit_pos=23394
TRAV_RES_EXP mb=152 idx=0 i16=1 qp=-44 max=16 c0=0 c1=0 c2=0 c3=0 tc=0
SINK_I16_DC mb=152 qp=20 c0=0 dc0=0 dc15=0 pix0=0 pix15=0
TRAV_I_MB mb=153 type=1 i16=1 cbp=0 qp=-44 bit_pos=23402
TRAV_RES_EXP mb=153 idx=0 i16=1 qp=-44 max=16 c0=0 c1=0 c2=0 c3=0 tc=0
SINK_I16_DC mb=153 qp=20 c0=0 dc0=0 dc15=0 pix0=0 pix15=0
TRAV_I_MB mb=154 type=5 i16=1 cbp=10 qp=-44 bit_pos=23412
TRAV_RES_EXP mb=154 idx=0 i16=1 qp=-44 max=16 c0=10 c1=0 c2=0 c3=0 tc=1
SINK_I16_DC mb=154 qp=20 c0=10 dc0=260 dc15=260 pix0=4 pix15=4
TRAV_I_MB mb=155 type=2 i16=1 cbp=0 qp=-44 bit_pos=23473
TRAV_RES_EXP mb=155 idx=0 i16=1 qp=-44 max=16 c0=0 c1=0 c2=0 c3=0 tc=0
SINK_I16_DC mb=155 qp=20 c0=0 dc0=0 dc15=0 pix0=0 pix15=0
TRAV_I_MB mb=156 type=0 i16=0 cbp=22 qp=-21 bit_pos=23523
TRAV_RES_EXP mb=156 idx=4 i16=0 qp=-21 max=16 c0=0 c1=0 c2=0 c3=0 tc=0
TRAV_RES_EXP mb=156 idx=5 i16=0 qp=-21 max=16 c0=0 c1=0 c2=0 c3=0 tc=0
TRAV_RES_EXP mb=156 idx=6 i16=0 qp=-21 max=16 c0=0 c1=0 c2=0 c3=0 tc=0
TRAV_RES_EXP mb=156 idx=7 i16=0 qp=-21 max=16 c0=6 c1=0 c2=-5 c3=0 tc=3
TRAV_I_MB mb=157 type=0 i16=0 cbp=29 qp=-21 bit_pos=23807
TRAV_RES_EXP mb=157 idx=0 i16=0 qp=-21 max=16 c0=-1 c1=0 c2=0 c3=0 tc=1
TRAV_RES_EXP mb=157 idx=1 i16=0 qp=-21 max=16 c0=0 c1=0 c2=0 c3=0 tc=0
TRAV_RES_EXP mb=157 idx=2 i16=0 qp=-21 max=16 c0=0 c1=1 c2=0 c3=-1 tc=7
TRAV_RES_EXP mb=157 idx=3 i16=0 qp=-21 max=16 c0=0 c1=0 c2=0 c3=0 tc=0
TRAV_RES_EXP mb=157 idx=12 i16=0 qp=-21 max=16 c0=0 c1=0 c2=-6 c3=0 tc=2
TRAV_RES_EXP mb=157 idx=13 i16=0 qp=-21 max=16 c0=0 c1=0 c2=0 c3=0 tc=0
TRAV_RES_EXP mb=157 idx=14 i16=0 qp=-21 max=16 c0=0 c1=0 c2=0 c3=0 tc=0
TRAV_RES_EXP mb=157 idx=15 i16=0 qp=-21 max=16 c0=0 c1=0 c2=0 c3=0 tc=0
TRAV_I_MB mb=158 type=0 i16=0 cbp=26 qp=-21 bit_pos=24114
TRAV_RES_EXP mb=158 idx=4 i16=0 qp=-21 max=16 c0=0 c1=0 c2=0 c3=0 tc=0
TRAV_RES_EXP mb=158 idx=5 i16=0 qp=-21 max=16 c0=0 c1=0 c2=7 c3=0 tc=2
TRAV_RES_EXP mb=158 idx=6 i16=0 qp=-21 max=16 c0=0 c1=0 c2=0 c3=0 tc=0
TRAV_RES_EXP mb=158 idx=7 i16=0 qp=-21 max=16 c0=0 c1=0 c2=0 c3=0 tc=0
TRAV_RES_EXP mb=158 idx=8 i16=0 qp=-21 max=16 c0=0 c1=0 c2=0 c3=0 tc=0
TRAV_RES_EXP mb=158 idx=9 i16=0 qp=-21 max=16 c0=0 c1=0 c2=0 c3=0 tc=0
TRAV_RES_EXP mb=158 idx=10 i16=0 qp=-21 max=16 c0=1 c1=1 c2=1 c3=1 tc=8
TRAV_RES_EXP mb=158 idx=11 i16=0 qp=-21 max=16 c0=0 c1=0 c2=0 c3=-1 tc=2
TRAV_I_MB mb=159 type=0 i16=0 cbp=2b qp=-21 bit_pos=24528
TRAV_RES_EXP mb=159 idx=0 i16=0 qp=-21 max=16 c0=0 c1=-3 c2=3 c3=0 tc=7
TRAV_RES_EXP mb=159 idx=1 i16=0 qp=-21 max=16 c0=0 c1=0 c2=0 c3=0 tc=0
TRAV_RES_EXP mb=159 idx=2 i16=0 qp=-21 max=16 c0=0 c1=0 c2=0 c3=0 tc=0
TRAV_RES_EXP mb=159 idx=3 i16=0 qp=-21 max=16 c0=-1 c1=0 c2=0 c3=0 tc=1
TRAV_RES_EXP mb=159 idx=4 i16=0 qp=-21 max=16 c0=0 c1=0 c2=0 c3=0 tc=0
TRAV_RES_EXP mb=159 idx=5 i16=0 qp=-21 max=16 c0=0 c1=0 c2=0 c3=0 tc=0
TRAV_RES_EXP mb=159 idx=6 i16=0 qp=-21 max=16 c0=0 c1=0 c2=7 c3=0 tc=2
TRAV_RES_EXP mb=159 idx=7 i16=0 qp=-21 max=16 c0=0 c1=0 c2=0 c3=0 tc=0
TRAV_RES_EXP mb=159 idx=12 i16=0 qp=-21 max=16 c0=0 c1=0 c2=0 c3=0 tc=0
TRAV_RES_EXP mb=159 idx=13 i16=0 qp=-21 max=16 c0=-1 c1=0 c2=0 c3=0 tc=1
TRAV_RES_EXP mb=159 idx=14 i16=0 qp=-21 max=16 c0=0 c1=0 c2=0 c3=0 tc=0
TRAV_RES_EXP mb=159 idx=15 i16=0 qp=-21 max=16 c0=0 c1=0 c2=0 c3=0 tc=0
TRAV_I_MB mb=160 type=1 i16=1 cbp=0 qp=-41 bit_pos=24927
TRAV_RES_EXP mb=160 idx=0 i16=1 qp=-41 max=16 c0=0 c1=0 c2=0 c3=0 tc=0
SINK_I16_DC mb=160 qp=23 c0=0 dc0=0 dc15=0 pix0=0 pix15=0
TRAV_I_MB mb=161 type=1 i16=1 cbp=0 qp=-41 bit_pos=24933
TRAV_RES_EXP mb=161 idx=0 i16=1 qp=-41 max=16 c0=0 c1=0 c2=0 c3=0 tc=0
SINK_I16_DC mb=161 qp=23 c0=0 dc0=0 dc15=0 pix0=0 pix15=0
TRAV_I_MB mb=162 type=1 i16=1 cbp=0 qp=-41 bit_pos=24939
TRAV_RES_EXP mb=162 idx=0 i16=1 qp=-41 max=16 c0=0 c1=0 c2=0 c3=0 tc=0
SINK_I16_DC mb=162 qp=23 c0=0 dc0=0 dc15=0 pix0=0 pix15=0
TRAV_I_MB mb=163 type=1 i16=1 cbp=0 qp=-41 bit_pos=24947
TRAV_RES_EXP mb=163 idx=0 i16=1 qp=-41 max=16 c0=0 c1=0 c2=0 c3=0 tc=0
SINK_I16_DC mb=163 qp=23 c0=0 dc0=0 dc15=0 pix0=0 pix15=0
TRAV_I_MB mb=164 type=1 i16=1 cbp=0 qp=-41 bit_pos=24953
TRAV_RES_EXP mb=164 idx=0 i16=1 qp=-41 max=16 c0=0 c1=0 c2=0 c3=0 tc=0
SINK_I16_DC mb=164 qp=23 c0=0 dc0=0 dc15=0 pix0=0 pix15=0
TRAV_I_MB mb=165 type=1 i16=1 cbp=0 qp=-41 bit_pos=24959
TRAV_RES_EXP mb=165 idx=0 i16=1 qp=-41 max=16 c0=0 c1=0 c2=0 c3=0 tc=0
SINK_I16_DC mb=165 qp=23 c0=0 dc0=0 dc15=0 pix0=0 pix15=0
TRAV_I_MB mb=166 type=1 i16=1 cbp=0 qp=-41 bit_pos=24967
TRAV_RES_EXP mb=166 idx=0 i16=1 qp=-41 max=16 c0=0 c1=0 c2=0 c3=0 tc=0
SINK_I16_DC mb=166 qp=23 c0=0 dc0=0 dc15=0 pix0=0 pix15=0
TRAV_I_MB mb=167 type=1 i16=1 cbp=0 qp=-41 bit_pos=24975
TRAV_RES_EXP mb=167 idx=0 i16=1 qp=-41 max=16 c0=0 c1=0 c2=0 c3=0 tc=0
SINK_I16_DC mb=167 qp=23 c0=0 dc0=0 dc15=0 pix0=0 pix15=0
TRAV_I_MB mb=168 type=1 i16=1 cbp=0 qp=-41 bit_pos=24981
TRAV_RES_EXP mb=168 idx=0 i16=1 qp=-41 max=16 c0=0 c1=0 c2=0 c3=0 tc=0
SINK_I16_DC mb=168 qp=23 c0=0 dc0=0 dc15=0 pix0=0 pix15=0
TRAV_I_MB mb=169 type=1 i16=1 cbp=0 qp=-41 bit_pos=24987
TRAV_RES_EXP mb=169 idx=0 i16=1 qp=-41 max=16 c0=0 c1=0 c2=0 c3=0 tc=0
SINK_I16_DC mb=169 qp=23 c0=0 dc0=0 dc15=0 pix0=0 pix15=0
TRAV_I_MB mb=170 type=1 i16=1 cbp=0 qp=-41 bit_pos=24995
TRAV_RES_EXP mb=170 idx=0 i16=1 qp=-41 max=16 c0=0 c1=0 c2=0 c3=0 tc=0
SINK_I16_DC mb=170 qp=23 c0=0 dc0=0 dc15=0 pix0=0 pix15=0
TRAV_I_MB mb=171 type=1 i16=1 cbp=0 qp=-41 bit_pos=25001
TRAV_RES_EXP mb=171 idx=0 i16=1 qp=-41 max=16 c0=0 c1=0 c2=0 c3=0 tc=0
SINK_I16_DC mb=171 qp=23 c0=0 dc0=0 dc15=0 pix0=0 pix15=0
TRAV_I_MB mb=172 type=1 i16=1 cbp=0 qp=-41 bit_pos=25007
TRAV_RES_EXP mb=172 idx=0 i16=1 qp=-41 max=16 c0=0 c1=0 c2=0 c3=0 tc=0
SINK_I16_DC mb=172 qp=23 c0=0 dc0=0 dc15=0 pix0=0 pix15=0
TRAV_I_MB mb=173 type=1 i16=1 cbp=0 qp=-41 bit_pos=25015
TRAV_RES_EXP mb=173 idx=0 i16=1 qp=-41 max=16 c0=0 c1=0 c2=0 c3=0 tc=0
SINK_I16_DC mb=173 qp=23 c0=0 dc0=0 dc15=0 pix0=0 pix15=0
TRAV_I_MB mb=174 type=1 i16=1 cbp=0 qp=-41 bit_pos=25023
TRAV_RES_EXP mb=174 idx=0 i16=1 qp=-41 max=16 c0=0 c1=0 c2=0 c3=0 tc=0
SINK_I16_DC mb=174 qp=23 c0=0 dc0=0 dc15=0 pix0=0 pix15=0
TRAV_I_MB mb=175 type=1 i16=1 cbp=0 qp=-41 bit_pos=25029
TRAV_RES_EXP mb=175 idx=0 i16=1 qp=-41 max=16 c0=0 c1=0 c2=0 c3=0 tc=0
SINK_I16_DC mb=175 qp=23 c0=0 dc0=0 dc15=0 pix0=0 pix15=0
TRAV_I_MB mb=176 type=1 i16=1 cbp=0 qp=-41 bit_pos=25037
TRAV_RES_EXP mb=176 idx=0 i16=1 qp=-41 max=16 c0=0 c1=0 c2=0 c3=0 tc=0
SINK_I16_DC mb=176 qp=23 c0=0 dc0=0 dc15=0 pix0=0 pix15=0
TRAV_I_MB mb=177 type=5 i16=1 cbp=10 qp=-45 bit_pos=25051
TRAV_RES_EXP mb=177 idx=0 i16=1 qp=-45 max=16 c0=12 c1=12 c2=0 c3=0 tc=2
SINK_I16_DC mb=177 qp=19 c0=12 dc0=528 dc15=0 pix0=8 pix15=0
TRAV_I_MB mb=178 type=0 i16=0 cbp=22 qp=-24 bit_pos=25194
TRAV_RES_EXP mb=178 idx=4 i16=0 qp=-24 max=16 c0=0 c1=0 c2=0 c3=0 tc=0
TRAV_RES_EXP mb=178 idx=5 i16=0 qp=-24 max=16 c0=0 c1=0 c2=-9 c3=0 tc=2
TRAV_RES_EXP mb=178 idx=6 i16=0 qp=-24 max=16 c0=0 c1=0 c2=0 c3=0 tc=0
TRAV_RES_EXP mb=178 idx=7 i16=0 qp=-24 max=16 c0=0 c1=0 c2=0 c3=0 tc=0
TRAV_I_MB mb=179 type=0 i16=0 cbp=23 qp=-20 bit_pos=25433
TRAV_RES_EXP mb=179 idx=0 i16=0 qp=-20 max=16 c0=0 c1=2 c2=0 c3=-1 tc=7
TRAV_RES_EXP mb=179 idx=1 i16=0 qp=-20 max=16 c0=0 c1=0 c2=0 c3=0 tc=0
TRAV_RES_EXP mb=179 idx=2 i16=0 qp=-20 max=16 c0=0 c1=0 c2=0 c3=0 tc=0
TRAV_RES_EXP mb=179 idx=3 i16=0 qp=-20 max=16 c0=0 c1=0 c2=0 c3=0 tc=0
TRAV_RES_EXP mb=179 idx=4 i16=0 qp=-20 max=16 c0=0 c1=0 c2=0 c3=0 tc=0
TRAV_RES_EXP mb=179 idx=5 i16=0 qp=-20 max=16 c0=0 c1=0 c2=0 c3=0 tc=0
TRAV_RES_EXP mb=179 idx=6 i16=0 qp=-20 max=16 c0=0 c1=0 c2=-6 c3=0 tc=2
TRAV_RES_EXP mb=179 idx=7 i16=0 qp=-20 max=16 c0=0 c1=0 c2=0 c3=0 tc=0
TRAV_I_MB mb=180 type=1 i16=1 cbp=0 qp=-41 bit_pos=25806
TRAV_RES_EXP mb=180 idx=0 i16=1 qp=-41 max=16 c0=0 c1=0 c2=0 c3=0 tc=0
SINK_I16_DC mb=180 qp=23 c0=0 dc0=0 dc15=0 pix0=0 pix15=0
TRAV_I_MB mb=181 type=1 i16=1 cbp=0 qp=-41 bit_pos=25812
TRAV_RES_EXP mb=181 idx=0 i16=1 qp=-41 max=16 c0=0 c1=0 c2=0 c3=0 tc=0
SINK_I16_DC mb=181 qp=23 c0=0 dc0=0 dc15=0 pix0=0 pix15=0
TRAV_I_MB mb=182 type=1 i16=1 cbp=0 qp=-41 bit_pos=25818
TRAV_RES_EXP mb=182 idx=0 i16=1 qp=-41 max=16 c0=0 c1=0 c2=0 c3=0 tc=0
SINK_I16_DC mb=182 qp=23 c0=0 dc0=0 dc15=0 pix0=0 pix15=0
TRAV_I_MB mb=183 type=1 i16=1 cbp=0 qp=-41 bit_pos=25826
TRAV_RES_EXP mb=183 idx=0 i16=1 qp=-41 max=16 c0=0 c1=0 c2=0 c3=0 tc=0
SINK_I16_DC mb=183 qp=23 c0=0 dc0=0 dc15=0 pix0=0 pix15=0
TRAV_I_MB mb=184 type=1 i16=1 cbp=0 qp=-41 bit_pos=25832
TRAV_RES_EXP mb=184 idx=0 i16=1 qp=-41 max=16 c0=0 c1=0 c2=0 c3=0 tc=0
SINK_I16_DC mb=184 qp=23 c0=0 dc0=0 dc15=0 pix0=0 pix15=0
TRAV_I_MB mb=185 type=1 i16=1 cbp=0 qp=-41 bit_pos=25838
TRAV_RES_EXP mb=185 idx=0 i16=1 qp=-41 max=16 c0=0 c1=0 c2=0 c3=0 tc=0
SINK_I16_DC mb=185 qp=23 c0=0 dc0=0 dc15=0 pix0=0 pix15=0
TRAV_I_MB mb=186 type=1 i16=1 cbp=0 qp=-41 bit_pos=25846
TRAV_RES_EXP mb=186 idx=0 i16=1 qp=-41 max=16 c0=0 c1=0 c2=0 c3=0 tc=0
SINK_I16_DC mb=186 qp=23 c0=0 dc0=0 dc15=0 pix0=0 pix15=0
TRAV_I_MB mb=187 type=1 i16=1 cbp=0 qp=-41 bit_pos=25854
TRAV_RES_EXP mb=187 idx=0 i16=1 qp=-41 max=16 c0=0 c1=0 c2=0 c3=0 tc=0
SINK_I16_DC mb=187 qp=23 c0=0 dc0=0 dc15=0 pix0=0 pix15=0
TRAV_I_MB mb=188 type=1 i16=1 cbp=0 qp=-41 bit_pos=25860
TRAV_RES_EXP mb=188 idx=0 i16=1 qp=-41 max=16 c0=0 c1=0 c2=0 c3=0 tc=0
SINK_I16_DC mb=188 qp=23 c0=0 dc0=0 dc15=0 pix0=0 pix15=0
TRAV_I_MB mb=189 type=1 i16=1 cbp=0 qp=-41 bit_pos=25866
TRAV_RES_EXP mb=189 idx=0 i16=1 qp=-41 max=16 c0=0 c1=0 c2=0 c3=0 tc=0
SINK_I16_DC mb=189 qp=23 c0=0 dc0=0 dc15=0 pix0=0 pix15=0
TRAV_I_MB mb=190 type=1 i16=1 cbp=0 qp=-41 bit_pos=25874
TRAV_RES_EXP mb=190 idx=0 i16=1 qp=-41 max=16 c0=0 c1=0 c2=0 c3=0 tc=0
SINK_I16_DC mb=190 qp=23 c0=0 dc0=0 dc15=0 pix0=0 pix15=0
TRAV_I_MB mb=191 type=1 i16=1 cbp=0 qp=-41 bit_pos=25880
TRAV_RES_EXP mb=191 idx=0 i16=1 qp=-41 max=16 c0=0 c1=0 c2=0 c3=0 tc=0
SINK_I16_DC mb=191 qp=23 c0=0 dc0=0 dc15=0 pix0=0 pix15=0
TRAV_I_MB mb=192 type=1 i16=1 cbp=0 qp=-41 bit_pos=25886
TRAV_RES_EXP mb=192 idx=0 i16=1 qp=-41 max=16 c0=0 c1=0 c2=0 c3=0 tc=0
SINK_I16_DC mb=192 qp=23 c0=0 dc0=0 dc15=0 pix0=0 pix15=0
TRAV_I_MB mb=193 type=0 i16=0 cbp=2a qp=-21 bit_pos=25942
TRAV_RES_EXP mb=193 idx=4 i16=0 qp=-21 max=16 c0=0 c1=0 c2=0 c3=0 tc=0
TRAV_RES_EXP mb=193 idx=5 i16=0 qp=-21 max=16 c0=0 c1=0 c2=0 c3=0 tc=0
TRAV_RES_EXP mb=193 idx=6 i16=0 qp=-21 max=16 c0=2 c1=0 c2=-2 c3=0 tc=3
TRAV_RES_EXP mb=193 idx=7 i16=0 qp=-21 max=16 c0=0 c1=0 c2=0 c3=0 tc=0
TRAV_RES_EXP mb=193 idx=12 i16=0 qp=-21 max=16 c0=0 c1=0 c2=0 c3=1 tc=4
TRAV_RES_EXP mb=193 idx=13 i16=0 qp=-21 max=16 c0=0 c1=-1 c2=0 c3=0 tc=5
TRAV_RES_EXP mb=193 idx=14 i16=0 qp=-21 max=16 c0=-1 c1=-1 c2=0 c3=0 tc=2
TRAV_RES_EXP mb=193 idx=15 i16=0 qp=-21 max=16 c0=0 c1=1 c2=0 c3=0 tc=2
TRAV_I_MB mb=194 type=0 i16=0 cbp=25 qp=-21 bit_pos=26283
TRAV_RES_EXP mb=194 idx=0 i16=0 qp=-21 max=16 c0=0 c1=0 c2=0 c3=0 tc=0
TRAV_RES_EXP mb=194 idx=1 i16=0 qp=-21 max=16 c0=0 c1=0 c2=0 c3=0 tc=0
TRAV_RES_EXP mb=194 idx=2 i16=0 qp=-21 max=16 c0=0 c1=-1 c2=0 c3=0 tc=2
TRAV_RES_EXP mb=194 idx=3 i16=0 qp=-21 max=16 c0=0 c1=0 c2=0 c3=-1 tc=4
TRAV_RES_EXP mb=194 idx=8 i16=0 qp=-21 max=16 c0=0 c1=1 c2=0 c3=0 tc=4
TRAV_RES_EXP mb=194 idx=9 i16=0 qp=-21 max=16 c0=-1 c1=0 c2=-1 c3=-1 tc=7
TRAV_RES_EXP mb=194 idx=10 i16=0 qp=-21 max=16 c0=1 c1=0 c2=0 c3=1 tc=5
TRAV_RES_EXP mb=194 idx=11 i16=0 qp=-21 max=16 c0=0 c1=0 c2=1 c3=0 tc=4
TRAV_I_MB mb=195 type=0 i16=0 cbp=2a qp=-21 bit_pos=26666
TRAV_RES_EXP mb=195 idx=4 i16=0 qp=-21 max=16 c0=0 c1=0 c2=0 c3=0 tc=0
TRAV_RES_EXP mb=195 idx=5 i16=0 qp=-21 max=16 c0=0 c1=0 c2=0 c3=0 tc=0
TRAV_RES_EXP mb=195 idx=6 i16=0 qp=-21 max=16 c0=3 c1=0 c2=-2 c3=0 tc=6
TRAV_RES_EXP mb=195 idx=7 i16=0 qp=-21 max=16 c0=0 c1=0 c2=-1 c3=0 tc=3
TRAV_RES_EXP mb=195 idx=12 i16=0 qp=-21 max=16 c0=1 c1=0 c2=1 c3=0 tc=4
TRAV_RES_EXP mb=195 idx=13 i16=0 qp=-21 max=16 c0=1 c1=1 c2=-1 c3=1 tc=8
TRAV_RES_EXP mb=195 idx=14 i16=0 qp=-21 max=16 c0=1 c1=1 c2=0 c3=0 tc=5
TRAV_RES_EXP mb=195 idx=15 i16=0 qp=-21 max=16 c0=0 c1=0 c2=0 c3=0 tc=4
TRAV_I_MB mb=196 type=0 i16=0 cbp=25 qp=-21 bit_pos=27052
TRAV_RES_EXP mb=196 idx=0 i16=0 qp=-21 max=16 c0=0 c1=0 c2=0 c3=0 tc=0
TRAV_RES_EXP mb=196 idx=1 i16=0 qp=-21 max=16 c0=0 c1=0 c2=0 c3=0 tc=0
TRAV_RES_EXP mb=196 idx=2 i16=0 qp=-21 max=16 c0=2 c1=0 c2=0 c3=-1 tc=2
TRAV_RES_EXP mb=196 idx=3 i16=0 qp=-21 max=16 c0=0 c1=0 c2=0 c3=1 tc=3
TRAV_RES_EXP mb=196 idx=8 i16=0 qp=-21 max=16 c0=0 c1=0 c2=0 c3=-1 tc=5
TRAV_RES_EXP mb=196 idx=9 i16=0 qp=-21 max=16 c0=0 c1=0 c2=1 c3=1 tc=5
TRAV_RES_EXP mb=196 idx=10 i16=0 qp=-21 max=16 c0=0 c1=0 c2=0 c3=-1 tc=3
TRAV_RES_EXP mb=196 idx=11 i16=0 qp=-21 max=16 c0=0 c1=0 c2=0 c3=0 tc=2
TRAV_I_MB mb=197 type=1 i16=1 cbp=0 qp=-42 bit_pos=27376
TRAV_RES_EXP mb=197 idx=0 i16=1 qp=-42 max=16 c0=0 c1=0 c2=0 c3=0 tc=0
SINK_I16_DC mb=197 qp=22 c0=0 dc0=0 dc15=0 pix0=0 pix15=0
TRAV_I_MB mb=198 type=1 i16=1 cbp=0 qp=-42 bit_pos=27382
TRAV_RES_EXP mb=198 idx=0 i16=1 qp=-42 max=16 c0=0 c1=0 c2=0 c3=0 tc=0
SINK_I16_DC mb=198 qp=22 c0=0 dc0=0 dc15=0 pix0=0 pix15=0
TRAV_I_MB mb=199 type=1 i16=1 cbp=0 qp=-42 bit_pos=27390
TRAV_RES_EXP mb=199 idx=0 i16=1 qp=-42 max=16 c0=0 c1=0 c2=0 c3=0 tc=0
SINK_I16_DC mb=199 qp=22 c0=0 dc0=0 dc15=0 pix0=0 pix15=0
TRAV_I_MB mb=200 type=1 i16=1 cbp=0 qp=-42 bit_pos=27396
TRAV_RES_EXP mb=200 idx=0 i16=1 qp=-42 max=16 c0=0 c1=0 c2=0 c3=0 tc=0
SINK_I16_DC mb=200 qp=22 c0=0 dc0=0 dc15=0 pix0=0 pix15=0
TRAV_I_MB mb=201 type=1 i16=1 cbp=0 qp=-42 bit_pos=27402
TRAV_RES_EXP mb=201 idx=0 i16=1 qp=-42 max=16 c0=0 c1=0 c2=0 c3=0 tc=0
SINK_I16_DC mb=201 qp=22 c0=0 dc0=0 dc15=0 pix0=0 pix15=0
TRAV_I_MB mb=202 type=1 i16=1 cbp=0 qp=-42 bit_pos=27408
TRAV_RES_EXP mb=202 idx=0 i16=1 qp=-42 max=16 c0=0 c1=0 c2=0 c3=0 tc=0
SINK_I16_DC mb=202 qp=22 c0=0 dc0=0 dc15=0 pix0=0 pix15=0
TRAV_I_MB mb=203 type=1 i16=1 cbp=0 qp=-42 bit_pos=27416
TRAV_RES_EXP mb=203 idx=0 i16=1 qp=-42 max=16 c0=0 c1=0 c2=0 c3=0 tc=0
SINK_I16_DC mb=203 qp=22 c0=0 dc0=0 dc15=0 pix0=0 pix15=0
TRAV_I_MB mb=204 type=9 i16=1 cbp=20 qp=-25 bit_pos=27436
TRAV_RES_EXP mb=204 idx=0 i16=1 qp=-25 max=16 c0=-1 c1=1 c2=1 c3=-1 tc=16
SINK_I16_DC mb=204 qp=39 c0=-1 dc0=0 dc15=-3584 pix0=0 pix15=-56
TRAV_I_MB mb=205 type=9 i16=1 cbp=20 qp=-25 bit_pos=27655
TRAV_RES_EXP mb=205 idx=0 i16=1 qp=-25 max=16 c0=-1 c1=-1 c2=1 c3=-1 tc=16
SINK_I16_DC mb=205 qp=39 c0=-1 dc0=0 dc15=0 pix0=0 pix15=0
TRAV_I_MB mb=206 type=1 i16=1 cbp=0 qp=-25 bit_pos=27863
TRAV_RES_EXP mb=206 idx=0 i16=1 qp=-25 max=16 c0=0 c1=0 c2=0 c3=0 tc=0
SINK_I16_DC mb=206 qp=39 c0=0 dc0=0 dc15=0 pix0=0 pix15=0
TRAV_I_MB mb=207 type=1 i16=1 cbp=0 qp=-41 bit_pos=27881
TRAV_RES_EXP mb=207 idx=0 i16=1 qp=-41 max=16 c0=0 c1=0 c2=0 c3=0 tc=0
SINK_I16_DC mb=207 qp=23 c0=0 dc0=0 dc15=0 pix0=0 pix15=0
TRAV_I_MB mb=208 type=1 i16=1 cbp=0 qp=-41 bit_pos=27887
TRAV_RES_EXP mb=208 idx=0 i16=1 qp=-41 max=16 c0=0 c1=0 c2=0 c3=0 tc=0
SINK_I16_DC mb=208 qp=23 c0=0 dc0=0 dc15=0 pix0=0 pix15=0
TRAV_I_MB mb=209 type=1 i16=1 cbp=0 qp=-41 bit_pos=27893
TRAV_RES_EXP mb=209 idx=0 i16=1 qp=-41 max=16 c0=0 c1=0 c2=0 c3=0 tc=0
SINK_I16_DC mb=209 qp=23 c0=0 dc0=0 dc15=0 pix0=0 pix15=0
TRAV_I_MB mb=210 type=1 i16=1 cbp=0 qp=-41 bit_pos=27901
TRAV_RES_EXP mb=210 idx=0 i16=1 qp=-41 max=16 c0=0 c1=0 c2=0 c3=0 tc=0
SINK_I16_DC mb=210 qp=23 c0=0 dc0=0 dc15=0 pix0=0 pix15=0
TRAV_I_MB mb=211 type=1 i16=1 cbp=0 qp=-41 bit_pos=27907
TRAV_RES_EXP mb=211 idx=0 i16=1 qp=-41 max=16 c0=0 c1=0 c2=0 c3=0 tc=0
SINK_I16_DC mb=211 qp=23 c0=0 dc0=0 dc15=0 pix0=0 pix15=0
TRAV_I_MB mb=212 type=0 i16=0 cbp=2a qp=-21 bit_pos=27958
TRAV_RES_EXP mb=212 idx=4 i16=0 qp=-21 max=16 c0=0 c1=0 c2=0 c3=0 tc=0
TRAV_RES_EXP mb=212 idx=5 i16=0 qp=-21 max=16 c0=0 c1=0 c2=0 c3=0 tc=0
TRAV_RES_EXP mb=212 idx=6 i16=0 qp=-21 max=16 c0=4 c1=0 c2=-4 c3=-1 tc=11
TRAV_RES_EXP mb=212 idx=7 i16=0 qp=-21 max=16 c0=5 c1=0 c2=-6 c3=0 tc=6
TRAV_RES_EXP mb=212 idx=12 i16=0 qp=-21 max=16 c0=0 c1=1 c2=5 c3=2 tc=12
TRAV_RES_EXP mb=212 idx=13 i16=0 qp=-21 max=16 c0=2 c1=3 c2=0 c3=1 tc=11
TRAV_RES_EXP mb=212 idx=14 i16=0 qp=-21 max=16 c0=0 c1=0 c2=1 c3=-1 tc=7
TRAV_RES_EXP mb=212 idx=15 i16=0 qp=-21 max=16 c0=-1 c1=1 c2=1 c3=4 tc=10
TRAV_I_MB mb=213 type=0 i16=0 cbp=2f qp=-21 bit_pos=28462
TRAV_RES_EXP mb=213 idx=0 i16=0 qp=-21 max=16 c0=0 c1=0 c2=0 c3=0 tc=0
TRAV_RES_EXP mb=213 idx=1 i16=0 qp=-21 max=16 c0=0 c1=0 c2=0 c3=0 tc=0
TRAV_RES_EXP mb=213 idx=2 i16=0 qp=-21 max=16 c0=1 c1=0 c2=1 c3=-3 tc=11
TRAV_RES_EXP mb=213 idx=3 i16=0 qp=-21 max=16 c0=0 c1=-2 c2=-2 c3=1 tc=7
TRAV_RES_EXP mb=213 idx=4 i16=0 qp=-21 max=16 c0=0 c1=0 c2=0 c3=0 tc=4
TRAV_RES_EXP mb=213 idx=5 i16=0 qp=-21 max=16 c0=0 c1=0 c2=1 c3=-1 tc=7
TRAV_RES_EXP mb=213 idx=6 i16=0 qp=-21 max=16 c0=0 c1=0 c2=1 c3=0 tc=1
TRAV_RES_EXP mb=213 idx=7 i16=0 qp=-21 max=16 c0=-1 c1=0 c2=0 c3=1 tc=4
TRAV_RES_EXP mb=213 idx=8 i16=0 qp=-21 max=16 c0=0 c1=1 c2=0 c3=1 tc=9
TRAV_RES_EXP mb=213 idx=9 i16=0 qp=-21 max=16 c0=-1 c1=-5 c2=-1 c3=-2 tc=9
TRAV_RES_EXP mb=213 idx=10 i16=0 qp=-21 max=16 c0=-1 c1=2 c2=-2 c3=-1 tc=11
TRAV_RES_EXP mb=213 idx=11 i16=0 qp=-21 max=16 c0=0 c1=1 c2=2 c3=0 tc=9
TRAV_RES_EXP mb=213 idx=12 i16=0 qp=-21 max=16 c0=0 c1=0 c2=0 c3=0 tc=0
TRAV_RES_EXP mb=213 idx=13 i16=0 qp=-21 max=16 c0=1 c1=0 c2=0 c3=0 tc=1
TRAV_RES_EXP mb=213 idx=14 i16=0 qp=-21 max=16 c0=0 c1=0 c2=0 c3=0 tc=0
TRAV_RES_EXP mb=213 idx=15 i16=0 qp=-21 max=16 c0=0 c1=0 c2=0 c3=0 tc=0
TRAV_I_MB mb=214 type=0 i16=0 cbp=2b qp=-21 bit_pos=29224
TRAV_RES_EXP mb=214 idx=0 i16=0 qp=-21 max=16 c0=0 c1=-1 c2=0 c3=-1 tc=4
TRAV_RES_EXP mb=214 idx=1 i16=0 qp=-21 max=16 c0=0 c1=0 c2=-1 c3=1 tc=4
TRAV_RES_EXP mb=214 idx=2 i16=0 qp=-21 max=16 c0=1 c1=0 c2=0 c3=-1 tc=4
TRAV_RES_EXP mb=214 idx=3 i16=0 qp=-21 max=16 c0=0 c1=0 c2=0 c3=0 tc=3
TRAV_RES_EXP mb=214 idx=4 i16=0 qp=-21 max=16 c0=0 c1=0 c2=0 c3=0 tc=0
TRAV_RES_EXP mb=214 idx=5 i16=0 qp=-21 max=16 c0=0 c1=0 c2=0 c3=0 tc=0
TRAV_RES_EXP mb=214 idx=6 i16=0 qp=-21 max=16 c0=0 c1=0 c2=-1 c3=0 tc=2
TRAV_RES_EXP mb=214 idx=7 i16=0 qp=-21 max=16 c0=0 c1=0 c2=-1 c3=0 tc=1
TRAV_RES_EXP mb=214 idx=12 i16=0 qp=-21 max=16 c0=1 c1=0 c2=0 c3=0 tc=6
TRAV_RES_EXP mb=214 idx=13 i16=0 qp=-21 max=16 c0=-1 c1=0 c2=0 c3=0 tc=7
TRAV_RES_EXP mb=214 idx=14 i16=0 qp=-21 max=16 c0=0 c1=0 c2=0 c3=-1 tc=5
TRAV_RES_EXP mb=214 idx=15 i16=0 qp=-21 max=16 c0=1 c1=0 c2=0 c3=0 tc=5
TRAV_I_MB mb=215 type=0 i16=0 cbp=27 qp=-21 bit_pos=29803
TRAV_RES_EXP mb=215 idx=0 i16=0 qp=-21 max=16 c0=0 c1=0 c2=0 c3=0 tc=0
TRAV_RES_EXP mb=215 idx=1 i16=0 qp=-21 max=16 c0=0 c1=0 c2=0 c3=0 tc=0
TRAV_RES_EXP mb=215 idx=2 i16=0 qp=-21 max=16 c0=0 c1=0 c2=0 c3=0 tc=0
TRAV_RES_EXP mb=215 idx=3 i16=0 qp=-21 max=16 c0=0 c1=0 c2=0 c3=0 tc=2
TRAV_RES_EXP mb=215 idx=4 i16=0 qp=-21 max=16 c0=2 c1=-1 c2=2 c3=0 tc=5
TRAV_RES_EXP mb=215 idx=5 i16=0 qp=-21 max=16 c0=-1 c1=-1 c2=2 c3=1 tc=7
TRAV_RES_EXP mb=215 idx=6 i16=0 qp=-21 max=16 c0=1 c1=0 c2=2 c3=0 tc=4
TRAV_RES_EXP mb=215 idx=7 i16=0 qp=-21 max=16 c0=0 c1=0 c2=0 c3=0 tc=0
TRAV_RES_EXP mb=215 idx=8 i16=0 qp=-21 max=16 c0=0 c1=1 c2=0 c3=1 tc=4
TRAV_RES_EXP mb=215 idx=9 i16=0 qp=-21 max=16 c0=1 c1=0 c2=0 c3=0 tc=6
TRAV_RES_EXP mb=215 idx=10 i16=0 qp=-21 max=16 c0=0 c1=0 c2=0 c3=0 tc=5
TRAV_RES_EXP mb=215 idx=11 i16=0 qp=-21 max=16 c0=-1 c1=-1 c2=-1 c3=0 tc=4
TRAV_I_MB mb=216 type=0 i16=0 cbp=2b qp=-21 bit_pos=30292
TRAV_RES_EXP mb=216 idx=0 i16=0 qp=-21 max=16 c0=0 c1=0 c2=-1 c3=1 tc=5
TRAV_RES_EXP mb=216 idx=1 i16=0 qp=-21 max=16 c0=0 c1=0 c2=0 c3=0 tc=6
TRAV_RES_EXP mb=216 idx=2 i16=0 qp=-21 max=16 c0=0 c1=1 c2=1 c3=0 tc=5
TRAV_RES_EXP mb=216 idx=3 i16=0 qp=-21 max=16 c0=2 c1=0 c2=0 c3=0 tc=1
TRAV_RES_EXP mb=216 idx=4 i16=0 qp=-21 max=16 c0=0 c1=0 c2=0 c3=0 tc=0
TRAV_RES_EXP mb=216 idx=5 i16=0 qp=-21 max=16 c0=0 c1=0 c2=0 c3=0 tc=0
TRAV_RES_EXP mb=216 idx=6 i16=0 qp=-21 max=16 c0=0 c1=-1 c2=-1 c3=0 tc=4
TRAV_RES_EXP mb=216 idx=7 i16=0 qp=-21 max=16 c0=0 c1=0 c2=0 c3=0 tc=0
TRAV_RES_EXP mb=216 idx=12 i16=0 qp=-21 max=16 c0=2 c1=0 c2=0 c3=0 tc=4
TRAV_RES_EXP mb=216 idx=13 i16=0 qp=-21 max=16 c0=-1 c1=0 c2=0 c3=0 tc=1
TRAV_RES_EXP mb=216 idx=14 i16=0 qp=-21 max=16 c0=-1 c1=2 c2=0 c3=0 tc=6
TRAV_RES_EXP mb=216 idx=15 i16=0 qp=-21 max=16 c0=0 c1=0 c2=0 c3=0 tc=0
TRAV_I_MB mb=217 type=0 i16=0 cbp=25 qp=-25 bit_pos=30847
TRAV_RES_EXP mb=217 idx=0 i16=0 qp=-25 max=16 c0=0 c1=0 c2=0 c3=0 tc=0
TRAV_RES_EXP mb=217 idx=1 i16=0 qp=-25 max=16 c0=0 c1=0 c2=0 c3=0 tc=0
TRAV_RES_EXP mb=217 idx=2 i16=0 qp=-25 max=16 c0=-1 c1=0 c2=1 c3=0 tc=2
TRAV_RES_EXP mb=217 idx=3 i16=0 qp=-25 max=16 c0=0 c1=0 c2=0 c3=0 tc=0
TRAV_RES_EXP mb=217 idx=8 i16=0 qp=-25 max=16 c0=1 c1=0 c2=0 c3=0 tc=1
TRAV_RES_EXP mb=217 idx=9 i16=0 qp=-25 max=16 c0=0 c1=0 c2=0 c3=0 tc=0
TRAV_RES_EXP mb=217 idx=10 i16=0 qp=-25 max=16 c0=0 c1=0 c2=0 c3=0 tc=1
TRAV_RES_EXP mb=217 idx=11 i16=0 qp=-25 max=16 c0=0 c1=0 c2=0 c3=0 tc=0
TRAV_I_MB mb=218 type=1 i16=1 cbp=0 qp=-42 bit_pos=30979
TRAV_RES_EXP mb=218 idx=0 i16=1 qp=-42 max=16 c0=0 c1=0 c2=0 c3=0 tc=0
SINK_I16_DC mb=218 qp=22 c0=0 dc0=0 dc15=0 pix0=0 pix15=0
TRAV_I_MB mb=219 type=1 i16=1 cbp=0 qp=-42 bit_pos=30985
TRAV_RES_EXP mb=219 idx=0 i16=1 qp=-42 max=16 c0=0 c1=0 c2=0 c3=0 tc=0
SINK_I16_DC mb=219 qp=22 c0=0 dc0=0 dc15=0 pix0=0 pix15=0
TRAV_I_MB mb=220 type=1 i16=1 cbp=0 qp=-42 bit_pos=30991
TRAV_RES_EXP mb=220 idx=0 i16=1 qp=-42 max=16 c0=0 c1=0 c2=0 c3=0 tc=0
SINK_I16_DC mb=220 qp=22 c0=0 dc0=0 dc15=0 pix0=0 pix15=0
TRAV_I_MB mb=221 type=1 i16=1 cbp=0 qp=-42 bit_pos=30997
TRAV_RES_EXP mb=221 idx=0 i16=1 qp=-42 max=16 c0=0 c1=0 c2=0 c3=0 tc=0
SINK_I16_DC mb=221 qp=22 c0=0 dc0=0 dc15=0 pix0=0 pix15=0
TRAV_I_MB mb=222 type=1 i16=1 cbp=0 qp=-42 bit_pos=31003
TRAV_RES_EXP mb=222 idx=0 i16=1 qp=-42 max=16 c0=0 c1=0 c2=0 c3=0 tc=0
SINK_I16_DC mb=222 qp=22 c0=0 dc0=0 dc15=0 pix0=0 pix15=0
TRAV_I_MB mb=223 type=1 i16=1 cbp=0 qp=-42 bit_pos=31011
TRAV_RES_EXP mb=223 idx=0 i16=1 qp=-42 max=16 c0=0 c1=0 c2=0 c3=0 tc=0
SINK_I16_DC mb=223 qp=22 c0=0 dc0=0 dc15=0 pix0=0 pix15=0
TRAV_I_MB mb=224 type=9 i16=1 cbp=20 qp=-21 bit_pos=31033
TRAV_RES_EXP mb=224 idx=0 i16=1 qp=-21 max=16 c0=0 c1=0 c2=-1 c3=1 tc=12
SINK_I16_DC mb=224 qp=43 c0=0 dc0=0 dc15=4224 pix0=0 pix15=66
TRAV_I_MB mb=225 type=9 i16=1 cbp=20 qp=-21 bit_pos=31230
TRAV_RES_EXP mb=225 idx=0 i16=1 qp=-21 max=16 c0=0 c1=0 c2=-1 c3=1 tc=12
SINK_I16_DC mb=225 qp=43 c0=0 dc0=-1408 dc15=0 pix0=-22 pix15=0
TRAV_I_MB mb=226 type=1 i16=1 cbp=0 qp=-21 bit_pos=31413
TRAV_RES_EXP mb=226 idx=0 i16=1 qp=-21 max=16 c0=0 c1=0 c2=0 c3=0 tc=0
SINK_I16_DC mb=226 qp=43 c0=0 dc0=0 dc15=0 pix0=0 pix15=0
TRAV_I_MB mb=227 type=1 i16=1 cbp=0 qp=-41 bit_pos=31431
TRAV_RES_EXP mb=227 idx=0 i16=1 qp=-41 max=16 c0=0 c1=0 c2=0 c3=0 tc=0
SINK_I16_DC mb=227 qp=23 c0=0 dc0=0 dc15=0 pix0=0 pix15=0
TRAV_I_MB mb=228 type=1 i16=1 cbp=0 qp=-41 bit_pos=31437
TRAV_RES_EXP mb=228 idx=0 i16=1 qp=-41 max=16 c0=0 c1=0 c2=0 c3=0 tc=0
SINK_I16_DC mb=228 qp=23 c0=0 dc0=0 dc15=0 pix0=0 pix15=0
TRAV_I_MB mb=229 type=1 i16=1 cbp=0 qp=-41 bit_pos=31443
TRAV_RES_EXP mb=229 idx=0 i16=1 qp=-41 max=16 c0=0 c1=0 c2=0 c3=0 tc=0
SINK_I16_DC mb=229 qp=23 c0=0 dc0=0 dc15=0 pix0=0 pix15=0
TRAV_I_MB mb=230 type=1 i16=1 cbp=0 qp=-41 bit_pos=31451
TRAV_RES_EXP mb=230 idx=0 i16=1 qp=-41 max=16 c0=0 c1=0 c2=0 c3=0 tc=0
SINK_I16_DC mb=230 qp=23 c0=0 dc0=0 dc15=0 pix0=0 pix15=0
TRAV_I_MB mb=231 type=1 i16=1 cbp=0 qp=-41 bit_pos=31457
TRAV_RES_EXP mb=231 idx=0 i16=1 qp=-41 max=16 c0=0 c1=0 c2=0 c3=0 tc=0
SINK_I16_DC mb=231 qp=23 c0=0 dc0=0 dc15=0 pix0=0 pix15=0
TRAV_I_MB mb=232 type=0 i16=0 cbp=22 qp=-22 bit_pos=31507
TRAV_RES_EXP mb=232 idx=4 i16=0 qp=-22 max=16 c0=0 c1=1 c2=0 c3=-3 tc=13
TRAV_RES_EXP mb=232 idx=5 i16=0 qp=-22 max=16 c0=-2 c1=1 c2=-2 c3=0 tc=11
TRAV_RES_EXP mb=232 idx=6 i16=0 qp=-22 max=16 c0=1 c1=-1 c2=6 c3=-1 tc=14
TRAV_RES_EXP mb=232 idx=7 i16=0 qp=-22 max=16 c0=-1 c1=-1 c2=0 c3=3 tc=9
TRAV_I_MB mb=233 type=0 i16=0 cbp=2f qp=-22 bit_pos=31924
TRAV_RES_EXP mb=233 idx=0 i16=0 qp=-22 max=16 c0=2 c1=0 c2=-1 c3=1 tc=10
TRAV_RES_EXP mb=233 idx=1 i16=0 qp=-22 max=16 c0=0 c1=2 c2=-1 c3=-1 tc=11
TRAV_RES_EXP mb=233 idx=2 i16=0 qp=-22 max=16 c0=-2 c1=0 c2=-2 c3=-3 tc=12
TRAV_RES_EXP mb=233 idx=3 i16=0 qp=-22 max=16 c0=-1 c1=-3 c2=0 c3=0 tc=9
TRAV_RES_EXP mb=233 idx=4 i16=0 qp=-22 max=16 c0=0 c1=-1 c2=0 c3=0 tc=1
TRAV_RES_EXP mb=233 idx=5 i16=0 qp=-22 max=16 c0=0 c1=0 c2=0 c3=0 tc=0
TRAV_RES_EXP mb=233 idx=6 i16=0 qp=-22 max=16 c0=3 c1=0 c2=-2 c3=0 tc=5
TRAV_RES_EXP mb=233 idx=7 i16=0 qp=-22 max=16 c0=-1 c1=1 c2=1 c3=-1 tc=7
TRAV_RES_EXP mb=233 idx=8 i16=0 qp=-22 max=16 c0=0 c1=0 c2=0 c3=0 tc=0
TRAV_RES_EXP mb=233 idx=9 i16=0 qp=-22 max=16 c0=-1 c1=0 c2=0 c3=0 tc=1
TRAV_RES_EXP mb=233 idx=10 i16=0 qp=-22 max=16 c0=0 c1=0 c2=0 c3=0 tc=0
TRAV_RES_EXP mb=233 idx=11 i16=0 qp=-22 max=16 c0=0 c1=0 c2=0 c3=0 tc=0
TRAV_RES_EXP mb=233 idx=12 i16=0 qp=-22 max=16 c0=2 c1=0 c2=0 c3=0 tc=5
TRAV_RES_EXP mb=233 idx=13 i16=0 qp=-22 max=16 c0=0 c1=0 c2=0 c3=0 tc=4
TRAV_RES_EXP mb=233 idx=14 i16=0 qp=-22 max=16 c0=1 c1=0 c2=1 c3=0 tc=4
TRAV_RES_EXP mb=233 idx=15 i16=0 qp=-22 max=16 c0=0 c1=1 c2=0 c3=0 tc=2
TRAV_I_MB mb=234 type=0 i16=0 cbp=27 qp=-22 bit_pos=32683
TRAV_RES_EXP mb=234 idx=0 i16=0 qp=-22 max=16 c0=0 c1=0 c2=0 c3=0 tc=0
TRAV_RES_EXP mb=234 idx=1 i16=0 qp=-22 max=16 c0=0 c1=0 c2=0 c3=0 tc=0
TRAV_RES_EXP mb=234 idx=2 i16=0 qp=-22 max=16 c0=1 c1=0 c2=-2 c3=0 tc=2
TRAV_RES_EXP mb=234 idx=3 i16=0 qp=-22 max=16 c0=2 c1=0 c2=-2 c3=1 tc=3
TRAV_RES_EXP mb=234 idx=4 i16=0 qp=-22 max=16 c0=0 c1=1 c2=1 c3=0 tc=7
TRAV_RES_EXP mb=234 idx=5 i16=0 qp=-22 max=16 c0=0 c1=0 c2=1 c3=0 tc=5
TRAV_RES_EXP mb=234 idx=6 i16=0 qp=-22 max=16 c0=0 c1=0 c2=2 c3=0 tc=2
TRAV_RES_EXP mb=234 idx=7 i16=0 qp=-22 max=16 c0=1 c1=0 c2=0 c3=0 tc=3
TRAV_RES_EXP mb=234 idx=8 i16=0 qp=-22 max=16 c0=1 c1=1 c2=1 c3=0 tc=7
TRAV_RES_EXP mb=234 idx=9 i16=0 qp=-22 max=16 c0=0 c1=0 c2=1 c3=1 tc=5
TRAV_RES_EXP mb=234 idx=10 i16=0 qp=-22 max=16 c0=0 c1=0 c2=0 c3=0 tc=4
TRAV_RES_EXP mb=234 idx=11 i16=0 qp=-22 max=16 c0=1 c1=-1 c2=1 c3=0 tc=9
TRAV_I_MB mb=235 type=0 i16=0 cbp=2b qp=-22 bit_pos=33308
TRAV_RES_EXP mb=235 idx=0 i16=0 qp=-22 max=16 c0=-1 c1=1 c2=0 c3=0 tc=4
TRAV_RES_EXP mb=235 idx=1 i16=0 qp=-22 max=16 c0=0 c1=0 c2=0 c3=-1 tc=5
TRAV_RES_EXP mb=235 idx=2 i16=0 qp=-22 max=16 c0=-2 c1=0 c2=-1 c3=1 tc=5
TRAV_RES_EXP mb=235 idx=3 i16=0 qp=-22 max=16 c0=0 c1=0 c2=0 c3=0 tc=4
TRAV_RES_EXP mb=235 idx=4 i16=0 qp=-22 max=16 c0=0 c1=0 c2=0 c3=0 tc=0
TRAV_RES_EXP mb=235 idx=5 i16=0 qp=-22 max=16 c0=0 c1=0 c2=0 c3=0 tc=0
TRAV_RES_EXP mb=235 idx=6 i16=0 qp=-22 max=16 c0=1 c1=0 c2=-2 c3=0 tc=5
TRAV_RES_EXP mb=235 idx=7 i16=0 qp=-22 max=16 c0=0 c1=0 c2=-1 c3=0 tc=2
TRAV_RES_EXP mb=235 idx=12 i16=0 qp=-22 max=16 c0=-1 c1=-1 c2=-1 c3=0 tc=6
TRAV_RES_EXP mb=235 idx=13 i16=0 qp=-22 max=16 c0=2 c1=0 c2=0 c3=0 tc=6
TRAV_RES_EXP mb=235 idx=14 i16=0 qp=-22 max=16 c0=0 c1=1 c2=0 c3=1 tc=5
TRAV_RES_EXP mb=235 idx=15 i16=0 qp=-22 max=16 c0=0 c1=0 c2=0 c3=0 tc=5
TRAV_I_MB mb=236 type=0 i16=0 cbp=2f qp=-22 bit_pos=33959
TRAV_RES_EXP mb=236 idx=0 i16=0 qp=-22 max=16 c0=0 c1=0 c2=0 c3=0 tc=0
TRAV_RES_EXP mb=236 idx=1 i16=0 qp=-22 max=16 c0=0 c1=0 c2=0 c3=0 tc=0
TRAV_RES_EXP mb=236 idx=2 i16=0 qp=-22 max=16 c0=1 c1=0 c2=-2 c3=-1 tc=4
TRAV_RES_EXP mb=236 idx=3 i16=0 qp=-22 max=16 c0=0 c1=0 c2=0 c3=1 tc=1
TRAV_RES_EXP mb=236 idx=4 i16=0 qp=-22 max=16 c0=2 c1=0 c2=0 c3=0 tc=8
TRAV_RES_EXP mb=236 idx=5 i16=0 qp=-22 max=16 c0=0 c1=0 c2=0 c3=0 tc=0
TRAV_RES_EXP mb=236 idx=6 i16=0 qp=-22 max=16 c0=-1 c1=1 c2=0 c3=-1 tc=7
TRAV_RES_EXP mb=236 idx=7 i16=0 qp=-22 max=16 c0=1 c1=0 c2=0 c3=0 tc=1
TRAV_RES_EXP mb=236 idx=8 i16=0 qp=-22 max=16 c0=0 c1=-1 c2=0 c3=-1 tc=6
TRAV_RES_EXP mb=236 idx=9 i16=0 qp=-22 max=16 c0=0 c1=0 c2=0 c3=0 tc=4
TRAV_RES_EXP mb=236 idx=10 i16=0 qp=-22 max=16 c0=2 c1=1 c2=1 c3=0 tc=6
TRAV_RES_EXP mb=236 idx=11 i16=0 qp=-22 max=16 c0=-2 c1=0 c2=-1 c3=0 tc=3
TRAV_RES_EXP mb=236 idx=12 i16=0 qp=-22 max=16 c0=-1 c1=-1 c2=0 c3=0 tc=3
TRAV_RES_EXP mb=236 idx=13 i16=0 qp=-22 max=16 c0=0 c1=0 c2=0 c3=0 tc=0
TRAV_RES_EXP mb=236 idx=14 i16=0 qp=-22 max=16 c0=0 c1=0 c2=0 c3=0 tc=0
TRAV_RES_EXP mb=236 idx=15 i16=0 qp=-22 max=16 c0=0 c1=0 c2=0 c3=0 tc=0
TRAV_I_MB mb=237 type=0 i16=0 cbp=25 qp=-26 bit_pos=34555
TRAV_RES_EXP mb=237 idx=0 i16=0 qp=-26 max=16 c0=0 c1=0 c2=0 c3=0 tc=0
TRAV_RES_EXP mb=237 idx=1 i16=0 qp=-26 max=16 c0=0 c1=0 c2=0 c3=0 tc=0
TRAV_RES_EXP mb=237 idx=2 i16=0 qp=-26 max=16 c0=0 c1=0 c2=0 c3=0 tc=0
TRAV_RES_EXP mb=237 idx=3 i16=0 qp=-26 max=16 c0=0 c1=0 c2=-1 c3=0 tc=2
TRAV_RES_EXP mb=237 idx=8 i16=0 qp=-26 max=16 c0=0 c1=0 c2=0 c3=0 tc=0
TRAV_RES_EXP mb=237 idx=9 i16=0 qp=-26 max=16 c0=1 c1=0 c2=0 c3=0 tc=1
TRAV_RES_EXP mb=237 idx=10 i16=0 qp=-26 max=16 c0=0 c1=0 c2=0 c3=0 tc=0
TRAV_RES_EXP mb=237 idx=11 i16=0 qp=-26 max=16 c0=0 c1=0 c2=0 c3=0 tc=0
TRAV_I_MB mb=238 type=1 i16=1 cbp=0 qp=-41 bit_pos=34662
TRAV_RES_EXP mb=238 idx=0 i16=1 qp=-41 max=16 c0=0 c1=0 c2=0 c3=0 tc=0
SINK_I16_DC mb=238 qp=23 c0=0 dc0=0 dc15=0 pix0=0 pix15=0
TRAV_I_MB mb=239 type=1 i16=1 cbp=0 qp=-41 bit_pos=34668
TRAV_RES_EXP mb=239 idx=0 i16=1 qp=-41 max=16 c0=0 c1=0 c2=0 c3=0 tc=0
SINK_I16_DC mb=239 qp=23 c0=0 dc0=0 dc15=0 pix0=0 pix15=0
TRAV_I_MB mb=240 type=1 i16=1 cbp=0 qp=-41 bit_pos=34674
TRAV_RES_EXP mb=240 idx=0 i16=1 qp=-41 max=16 c0=0 c1=0 c2=0 c3=0 tc=0
SINK_I16_DC mb=240 qp=23 c0=0 dc0=0 dc15=0 pix0=0 pix15=0
TRAV_I_MB mb=241 type=1 i16=1 cbp=0 qp=-41 bit_pos=34680
TRAV_RES_EXP mb=241 idx=0 i16=1 qp=-41 max=16 c0=0 c1=0 c2=0 c3=0 tc=0
SINK_I16_DC mb=241 qp=23 c0=0 dc0=0 dc15=0 pix0=0 pix15=0
TRAV_I_MB mb=242 type=1 i16=1 cbp=0 qp=-41 bit_pos=34686
TRAV_RES_EXP mb=242 idx=0 i16=1 qp=-41 max=16 c0=0 c1=0 c2=0 c3=0 tc=0
SINK_I16_DC mb=242 qp=23 c0=0 dc0=0 dc15=0 pix0=0 pix15=0
TRAV_I_MB mb=243 type=1 i16=1 cbp=0 qp=-41 bit_pos=34694
TRAV_RES_EXP mb=243 idx=0 i16=1 qp=-41 max=16 c0=0 c1=0 c2=0 c3=0 tc=0
SINK_I16_DC mb=243 qp=23 c0=0 dc0=0 dc15=0 pix0=0 pix15=0
TRAV_I_MB mb=244 type=2 i16=1 cbp=0 qp=-41 bit_pos=34702
TRAV_RES_EXP mb=244 idx=0 i16=1 qp=-41 max=16 c0=0 c1=0 c2=0 c3=0 tc=0
SINK_I16_DC mb=244 qp=23 c0=0 dc0=0 dc15=0 pix0=0 pix15=0
TRAV_I_MB mb=245 type=2 i16=1 cbp=0 qp=-41 bit_pos=34710
TRAV_RES_EXP mb=245 idx=0 i16=1 qp=-41 max=16 c0=0 c1=0 c2=0 c3=0 tc=0
SINK_I16_DC mb=245 qp=23 c0=0 dc0=0 dc15=0 pix0=0 pix15=0
TRAV_I_MB mb=246 type=1 i16=1 cbp=0 qp=-41 bit_pos=34718
TRAV_RES_EXP mb=246 idx=0 i16=1 qp=-41 max=16 c0=0 c1=0 c2=0 c3=0 tc=0
SINK_I16_DC mb=246 qp=23 c0=0 dc0=0 dc15=0 pix0=0 pix15=0
TRAV_I_MB mb=247 type=1 i16=1 cbp=0 qp=-41 bit_pos=34726
TRAV_RES_EXP mb=247 idx=0 i16=1 qp=-41 max=16 c0=0 c1=0 c2=0 c3=0 tc=0
SINK_I16_DC mb=247 qp=23 c0=0 dc0=0 dc15=0 pix0=0 pix15=0
TRAV_I_MB mb=248 type=1 i16=1 cbp=0 qp=-41 bit_pos=34732
TRAV_RES_EXP mb=248 idx=0 i16=1 qp=-41 max=16 c0=0 c1=0 c2=0 c3=0 tc=0
SINK_I16_DC mb=248 qp=23 c0=0 dc0=0 dc15=0 pix0=0 pix15=0
TRAV_I_MB mb=249 type=1 i16=1 cbp=0 qp=-41 bit_pos=34738
TRAV_RES_EXP mb=249 idx=0 i16=1 qp=-41 max=16 c0=0 c1=0 c2=0 c3=0 tc=0
SINK_I16_DC mb=249 qp=23 c0=0 dc0=0 dc15=0 pix0=0 pix15=0
TRAV_I_MB mb=250 type=1 i16=1 cbp=0 qp=-41 bit_pos=34746
TRAV_RES_EXP mb=250 idx=0 i16=1 qp=-41 max=16 c0=0 c1=0 c2=0 c3=0 tc=0
SINK_I16_DC mb=250 qp=23 c0=0 dc0=0 dc15=0 pix0=0 pix15=0
TRAV_I_MB mb=251 type=1 i16=1 cbp=0 qp=-41 bit_pos=34752
TRAV_RES_EXP mb=251 idx=0 i16=1 qp=-41 max=16 c0=0 c1=0 c2=0 c3=0 tc=0
SINK_I16_DC mb=251 qp=23 c0=0 dc0=0 dc15=0 pix0=0 pix15=0
TRAV_I_MB mb=252 type=1 i16=1 cbp=0 qp=-41 bit_pos=34760
TRAV_RES_EXP mb=252 idx=0 i16=1 qp=-41 max=16 c0=0 c1=0 c2=0 c3=0 tc=0
SINK_I16_DC mb=252 qp=23 c0=0 dc0=0 dc15=0 pix0=0 pix15=0
TRAV_I_MB mb=253 type=0 i16=0 cbp=2a qp=-22 bit_pos=34813
TRAV_RES_EXP mb=253 idx=4 i16=0 qp=-22 max=16 c0=0 c1=1 c2=0 c3=0 tc=5
TRAV_RES_EXP mb=253 idx=5 i16=0 qp=-22 max=16 c0=-2 c1=0 c2=1 c3=-1 tc=11
TRAV_RES_EXP mb=253 idx=6 i16=0 qp=-22 max=16 c0=0 c1=1 c2=2 c3=0 tc=4
TRAV_RES_EXP mb=253 idx=7 i16=0 qp=-22 max=16 c0=2 c1=0 c2=0 c3=-1 tc=6
TRAV_RES_EXP mb=253 idx=12 i16=0 qp=-22 max=16 c0=-1 c1=0 c2=0 c3=0 tc=1
TRAV_RES_EXP mb=253 idx=13 i16=0 qp=-22 max=16 c0=0 c1=0 c2=0 c3=0 tc=0
TRAV_RES_EXP mb=253 idx=14 i16=0 qp=-22 max=16 c0=0 c1=0 c2=0 c3=0 tc=0
TRAV_RES_EXP mb=253 idx=15 i16=0 qp=-22 max=16 c0=0 c1=0 c2=0 c3=0 tc=0
TRAV_I_MB mb=254 type=0 i16=0 cbp=21 qp=-22 bit_pos=35211
TRAV_RES_EXP mb=254 idx=0 i16=0 qp=-22 max=16 c0=0 c1=0 c2=1 c3=0 tc=4
TRAV_RES_EXP mb=254 idx=1 i16=0 qp=-22 max=16 c0=0 c1=0 c2=0 c3=-2 tc=5
TRAV_RES_EXP mb=254 idx=2 i16=0 qp=-22 max=16 c0=0 c1=1 c2=2 c3=1 tc=4
TRAV_RES_EXP mb=254 idx=3 i16=0 qp=-22 max=16 c0=0 c1=0 c2=2 c3=0 tc=6
TRAV_I_MB mb=255 type=0 i16=0 cbp=22 qp=-22 bit_pos=35479
TRAV_RES_EXP mb=255 idx=4 i16=0 qp=-22 max=16 c0=0 c1=1 c2=0 c3=-1 tc=7
TRAV_RES_EXP mb=255 idx=5 i16=0 qp=-22 max=16 c0=0 c1=0 c2=0 c3=1 tc=3
TRAV_RES_EXP mb=255 idx=6 i16=0 qp=-22 max=16 c0=-1 c1=1 c2=2 c3=0 tc=6
TRAV_RES_EXP mb=255 idx=7 i16=0 qp=-22 max=16 c0=2 c1=0 c2=0 c3=-1 tc=4
TRAV_I_MB mb=256 type=0 i16=0 cbp=21 qp=-22 bit_pos=35747
TRAV_RES_EXP mb=256 idx=0 i16=0 qp=-22 max=16 c0=0 c1=0 c2=1 c3=1 tc=2
TRAV_RES_EXP mb=256 idx=1 i16=0 qp=-22 max=16 c0=0 c1=0 c2=0 c3=0 tc=7
TRAV_RES_EXP mb=256 idx=2 i16=0 qp=-22 max=16 c0=0 c1=0 c2=3 c3=0 tc=4
TRAV_RES_EXP mb=256 idx=3 i16=0 qp=-22 max=16 c0=1 c1=-1 c2=0 c3=0 tc=2
TRAV_I_MB mb=257 type=5 i16=1 cbp=10 qp=-41 bit_pos=36081
TRAV_RES_EXP mb=257 idx=0 i16=1 qp=-41 max=16 c0=4 c1=4 c2=0 c3=0 tc=4
SINK_I16_DC mb=257 qp=23 c0=4 dc0=576 dc15=0 pix0=9 pix15=0
TRAV_I_MB mb=258 type=1 i16=1 cbp=0 qp=-41 bit_pos=36138
TRAV_RES_EXP mb=258 idx=0 i16=1 qp=-41 max=16 c0=0 c1=0 c2=0 c3=0 tc=0
SINK_I16_DC mb=258 qp=23 c0=0 dc0=0 dc15=0 pix0=0 pix15=0
TRAV_I_MB mb=259 type=1 i16=1 cbp=0 qp=-41 bit_pos=36144
TRAV_RES_EXP mb=259 idx=0 i16=1 qp=-41 max=16 c0=0 c1=0 c2=0 c3=0 tc=0
SINK_I16_DC mb=259 qp=23 c0=0 dc0=0 dc15=0 pix0=0 pix15=0
TRAV_I_MB mb=260 type=1 i16=1 cbp=0 qp=-41 bit_pos=36150
TRAV_RES_EXP mb=260 idx=0 i16=1 qp=-41 max=16 c0=0 c1=0 c2=0 c3=0 tc=0
SINK_I16_DC mb=260 qp=23 c0=0 dc0=0 dc15=0 pix0=0 pix15=0
TRAV_I_MB mb=261 type=1 i16=1 cbp=0 qp=-41 bit_pos=36156
TRAV_RES_EXP mb=261 idx=0 i16=1 qp=-41 max=16 c0=0 c1=0 c2=0 c3=0 tc=0
SINK_I16_DC mb=261 qp=23 c0=0 dc0=0 dc15=0 pix0=0 pix15=0
TRAV_I_MB mb=262 type=1 i16=1 cbp=0 qp=-41 bit_pos=36162
TRAV_RES_EXP mb=262 idx=0 i16=1 qp=-41 max=16 c0=0 c1=0 c2=0 c3=0 tc=0
SINK_I16_DC mb=262 qp=23 c0=0 dc0=0 dc15=0 pix0=0 pix15=0
TRAV_I_MB mb=263 type=1 i16=1 cbp=0 qp=-41 bit_pos=36170
TRAV_RES_EXP mb=263 idx=0 i16=1 qp=-41 max=16 c0=0 c1=0 c2=0 c3=0 tc=0
SINK_I16_DC mb=263 qp=23 c0=0 dc0=0 dc15=0 pix0=0 pix15=0
TRAV_I_MB mb=264 type=1 i16=1 cbp=0 qp=-41 bit_pos=36176
TRAV_RES_EXP mb=264 idx=0 i16=1 qp=-41 max=16 c0=0 c1=0 c2=0 c3=0 tc=0
SINK_I16_DC mb=264 qp=23 c0=0 dc0=0 dc15=0 pix0=0 pix15=0
TRAV_I_MB mb=265 type=1 i16=1 cbp=0 qp=-41 bit_pos=36182
TRAV_RES_EXP mb=265 idx=0 i16=1 qp=-41 max=16 c0=0 c1=0 c2=0 c3=0 tc=0
SINK_I16_DC mb=265 qp=23 c0=0 dc0=0 dc15=0 pix0=0 pix15=0
TRAV_I_MB mb=266 type=1 i16=1 cbp=0 qp=-41 bit_pos=36190
TRAV_RES_EXP mb=266 idx=0 i16=1 qp=-41 max=16 c0=0 c1=0 c2=0 c3=0 tc=0
SINK_I16_DC mb=266 qp=23 c0=0 dc0=0 dc15=0 pix0=0 pix15=0
TRAV_I_MB mb=267 type=1 i16=1 cbp=0 qp=-41 bit_pos=36198
TRAV_RES_EXP mb=267 idx=0 i16=1 qp=-41 max=16 c0=0 c1=0 c2=0 c3=0 tc=0
SINK_I16_DC mb=267 qp=23 c0=0 dc0=0 dc15=0 pix0=0 pix15=0
TRAV_I_MB mb=268 type=1 i16=1 cbp=0 qp=-41 bit_pos=36204
TRAV_RES_EXP mb=268 idx=0 i16=1 qp=-41 max=16 c0=0 c1=0 c2=0 c3=0 tc=0
SINK_I16_DC mb=268 qp=23 c0=0 dc0=0 dc15=0 pix0=0 pix15=0
TRAV_I_MB mb=269 type=1 i16=1 cbp=0 qp=-41 bit_pos=36210
TRAV_RES_EXP mb=269 idx=0 i16=1 qp=-41 max=16 c0=0 c1=0 c2=0 c3=0 tc=0
SINK_I16_DC mb=269 qp=23 c0=0 dc0=0 dc15=0 pix0=0 pix15=0
TRAV_I_MB mb=270 type=1 i16=1 cbp=0 qp=-41 bit_pos=36218
TRAV_RES_EXP mb=270 idx=0 i16=1 qp=-41 max=16 c0=0 c1=0 c2=0 c3=0 tc=0
SINK_I16_DC mb=270 qp=23 c0=0 dc0=0 dc15=0 pix0=0 pix15=0
TRAV_I_MB mb=271 type=1 i16=1 cbp=0 qp=-41 bit_pos=36224
TRAV_RES_EXP mb=271 idx=0 i16=1 qp=-41 max=16 c0=0 c1=0 c2=0 c3=0 tc=0
SINK_I16_DC mb=271 qp=23 c0=0 dc0=0 dc15=0 pix0=0 pix15=0
TRAV_I_MB mb=272 type=1 i16=1 cbp=0 qp=-41 bit_pos=36230
TRAV_RES_EXP mb=272 idx=0 i16=1 qp=-41 max=16 c0=0 c1=0 c2=0 c3=0 tc=0
SINK_I16_DC mb=272 qp=23 c0=0 dc0=0 dc15=0 pix0=0 pix15=0
TRAV_I_MB mb=273 type=17 i16=1 cbp=1f qp=-23 bit_pos=36254
TRAV_RES_EXP mb=273 idx=0 i16=1 qp=-23 max=16 c0=0 c1=0 c2=0 c3=0 tc=0
SINK_I16_DC mb=273 qp=41 c0=0 dc0=0 dc15=0 pix0=0 pix15=0
TRAV_RES_EXP mb=273 idx=1 i16=1 qp=-23 max=15 c0=0 c1=0 c2=0 c3=0 tc=0
TRAV_RES_EXP mb=273 idx=2 i16=1 qp=-23 max=15 c0=0 c1=0 c2=0 c3=0 tc=2
TRAV_RES_EXP mb=273 idx=3 i16=1 qp=-23 max=15 c0=0 c1=0 c2=0 c3=0 tc=0
TRAV_RES_EXP mb=273 idx=4 i16=1 qp=-23 max=15 c0=0 c1=0 c2=0 c3=0 tc=2
TRAV_RES_EXP mb=273 idx=5 i16=1 qp=-23 max=15 c0=0 c1=0 c2=0 c3=0 tc=0
TRAV_RES_EXP mb=273 idx=6 i16=1 qp=-23 max=15 c0=0 c1=0 c2=0 c3=0 tc=0
TRAV_RES_EXP mb=273 idx=7 i16=1 qp=-23 max=15 c0=0 c1=0 c2=0 c3=0 tc=0
TRAV_RES_EXP mb=273 idx=8 i16=1 qp=-23 max=15 c0=0 c1=0 c2=0 c3=0 tc=0
TRAV_RES_EXP mb=273 idx=9 i16=1 qp=-23 max=15 c0=0 c1=0 c2=0 c3=0 tc=0
TRAV_RES_EXP mb=273 idx=10 i16=1 qp=-23 max=15 c0=0 c1=0 c2=0 c3=0 tc=2
TRAV_RES_EXP mb=273 idx=11 i16=1 qp=-23 max=15 c0=0 c1=0 c2=0 c3=0 tc=0
TRAV_RES_EXP mb=273 idx=12 i16=1 qp=-23 max=15 c0=0 c1=0 c2=0 c3=0 tc=2
TRAV_RES_EXP mb=273 idx=13 i16=1 qp=-23 max=15 c0=0 c1=0 c2=0 c3=0 tc=0
TRAV_RES_EXP mb=273 idx=14 i16=1 qp=-23 max=15 c0=0 c1=0 c2=0 c3=0 tc=0
TRAV_RES_EXP mb=273 idx=15 i16=1 qp=-23 max=15 c0=0 c1=0 c2=0 c3=0 tc=0
TRAV_RES_EXP mb=273 idx=16 i16=1 qp=-23 max=15 c0=0 c1=0 c2=0 c3=0 tc=0
TRAV_I_MB mb=274 type=6 i16=1 cbp=10 qp=-41 bit_pos=36331
TRAV_RES_EXP mb=274 idx=0 i16=1 qp=-41 max=16 c0=0 c1=0 c2=0 c3=0 tc=0
SINK_I16_DC mb=274 qp=23 c0=0 dc0=0 dc15=0 pix0=0 pix15=0
TRAV_I_MB mb=275 type=2 i16=1 cbp=0 qp=-41 bit_pos=36367
TRAV_RES_EXP mb=275 idx=0 i16=1 qp=-41 max=16 c0=0 c1=0 c2=0 c3=0 tc=0
SINK_I16_DC mb=275 qp=23 c0=0 dc0=0 dc15=0 pix0=0 pix15=0
TRAV_I_MB mb=276 type=1 i16=1 cbp=0 qp=-22 bit_pos=36385
TRAV_RES_EXP mb=276 idx=0 i16=1 qp=-22 max=16 c0=1 c1=0 c2=0 c3=0 tc=1
SINK_I16_DC mb=276 qp=42 c0=1 dc0=320 dc15=320 pix0=5 pix15=5
TRAV_I_MB mb=277 type=1 i16=1 cbp=0 qp=-41 bit_pos=36406
TRAV_RES_EXP mb=277 idx=0 i16=1 qp=-41 max=16 c0=0 c1=0 c2=0 c3=0 tc=0
SINK_I16_DC mb=277 qp=23 c0=0 dc0=0 dc15=0 pix0=0 pix15=0
TRAV_I_MB mb=278 type=1 i16=1 cbp=0 qp=-41 bit_pos=36412
TRAV_RES_EXP mb=278 idx=0 i16=1 qp=-41 max=16 c0=0 c1=0 c2=0 c3=0 tc=0
SINK_I16_DC mb=278 qp=23 c0=0 dc0=0 dc15=0 pix0=0 pix15=0
TRAV_I_MB mb=279 type=1 i16=1 cbp=0 qp=-41 bit_pos=36418
TRAV_RES_EXP mb=279 idx=0 i16=1 qp=-41 max=16 c0=0 c1=0 c2=0 c3=0 tc=0
SINK_I16_DC mb=279 qp=23 c0=0 dc0=0 dc15=0 pix0=0 pix15=0
TRAV_I_MB mb=280 type=1 i16=1 cbp=0 qp=-41 bit_pos=36424
TRAV_RES_EXP mb=280 idx=0 i16=1 qp=-41 max=16 c0=0 c1=0 c2=0 c3=0 tc=0
SINK_I16_DC mb=280 qp=23 c0=0 dc0=0 dc15=0 pix0=0 pix15=0
TRAV_I_MB mb=281 type=1 i16=1 cbp=0 qp=-41 bit_pos=36430
TRAV_RES_EXP mb=281 idx=0 i16=1 qp=-41 max=16 c0=0 c1=0 c2=0 c3=0 tc=0
SINK_I16_DC mb=281 qp=23 c0=0 dc0=0 dc15=0 pix0=0 pix15=0
TRAV_I_MB mb=282 type=1 i16=1 cbp=0 qp=-41 bit_pos=36436
TRAV_RES_EXP mb=282 idx=0 i16=1 qp=-41 max=16 c0=0 c1=0 c2=0 c3=0 tc=0
SINK_I16_DC mb=282 qp=23 c0=0 dc0=0 dc15=0 pix0=0 pix15=0
TRAV_I_MB mb=283 type=1 i16=1 cbp=0 qp=-41 bit_pos=36444
TRAV_RES_EXP mb=283 idx=0 i16=1 qp=-41 max=16 c0=0 c1=0 c2=0 c3=0 tc=0
SINK_I16_DC mb=283 qp=23 c0=0 dc0=0 dc15=0 pix0=0 pix15=0
TRAV_I_MB mb=284 type=1 i16=1 cbp=0 qp=-41 bit_pos=36450
TRAV_RES_EXP mb=284 idx=0 i16=1 qp=-41 max=16 c0=0 c1=0 c2=0 c3=0 tc=0
SINK_I16_DC mb=284 qp=23 c0=0 dc0=0 dc15=0 pix0=0 pix15=0
TRAV_I_MB mb=285 type=1 i16=1 cbp=0 qp=-41 bit_pos=36456
TRAV_RES_EXP mb=285 idx=0 i16=1 qp=-41 max=16 c0=0 c1=0 c2=0 c3=0 tc=0
SINK_I16_DC mb=285 qp=23 c0=0 dc0=0 dc15=0 pix0=0 pix15=0
TRAV_I_MB mb=286 type=1 i16=1 cbp=0 qp=-41 bit_pos=36464
TRAV_RES_EXP mb=286 idx=0 i16=1 qp=-41 max=16 c0=0 c1=0 c2=0 c3=0 tc=0
SINK_I16_DC mb=286 qp=23 c0=0 dc0=0 dc15=0 pix0=0 pix15=0
TRAV_I_MB mb=287 type=1 i16=1 cbp=0 qp=-41 bit_pos=36472
TRAV_RES_EXP mb=287 idx=0 i16=1 qp=-41 max=16 c0=0 c1=0 c2=0 c3=0 tc=0
SINK_I16_DC mb=287 qp=23 c0=0 dc0=0 dc15=0 pix0=0 pix15=0
TRAV_I_MB mb=288 type=1 i16=1 cbp=0 qp=-41 bit_pos=36478
TRAV_RES_EXP mb=288 idx=0 i16=1 qp=-41 max=16 c0=0 c1=0 c2=0 c3=0 tc=0
SINK_I16_DC mb=288 qp=23 c0=0 dc0=0 dc15=0 pix0=0 pix15=0
TRAV_I_MB mb=289 type=1 i16=1 cbp=0 qp=-41 bit_pos=36484
TRAV_RES_EXP mb=289 idx=0 i16=1 qp=-41 max=16 c0=0 c1=0 c2=0 c3=0 tc=0
SINK_I16_DC mb=289 qp=23 c0=0 dc0=0 dc15=0 pix0=0 pix15=0
TRAV_I_MB mb=290 type=1 i16=1 cbp=0 qp=-41 bit_pos=36492
TRAV_RES_EXP mb=290 idx=0 i16=1 qp=-41 max=16 c0=0 c1=0 c2=0 c3=0 tc=0
SINK_I16_DC mb=290 qp=23 c0=0 dc0=0 dc15=0 pix0=0 pix15=0
TRAV_I_MB mb=291 type=1 i16=1 cbp=0 qp=-41 bit_pos=36498
TRAV_RES_EXP mb=291 idx=0 i16=1 qp=-41 max=16 c0=0 c1=0 c2=0 c3=0 tc=0
SINK_I16_DC mb=291 qp=23 c0=0 dc0=0 dc15=0 pix0=0 pix15=0
TRAV_I_MB mb=292 type=1 i16=1 cbp=0 qp=-41 bit_pos=36504
TRAV_RES_EXP mb=292 idx=0 i16=1 qp=-41 max=16 c0=0 c1=0 c2=0 c3=0 tc=0
SINK_I16_DC mb=292 qp=23 c0=0 dc0=0 dc15=0 pix0=0 pix15=0
TRAV_I_MB mb=293 type=1 i16=1 cbp=0 qp=-41 bit_pos=36512
TRAV_RES_EXP mb=293 idx=0 i16=1 qp=-41 max=16 c0=0 c1=0 c2=0 c3=0 tc=0
SINK_I16_DC mb=293 qp=23 c0=0 dc0=0 dc15=0 pix0=0 pix15=0
TRAV_I_MB mb=294 type=1 i16=1 cbp=0 qp=-41 bit_pos=36520
TRAV_RES_EXP mb=294 idx=0 i16=1 qp=-41 max=16 c0=0 c1=0 c2=0 c3=0 tc=0
SINK_I16_DC mb=294 qp=23 c0=0 dc0=0 dc15=0 pix0=0 pix15=0
TRAV_I_MB mb=295 type=1 i16=1 cbp=0 qp=-41 bit_pos=36526
TRAV_RES_EXP mb=295 idx=0 i16=1 qp=-41 max=16 c0=0 c1=0 c2=0 c3=0 tc=0
SINK_I16_DC mb=295 qp=23 c0=0 dc0=0 dc15=0 pix0=0 pix15=0
TRAV_I_MB mb=296 type=1 i16=1 cbp=0 qp=-41 bit_pos=36534
TRAV_RES_EXP mb=296 idx=0 i16=1 qp=-41 max=16 c0=0 c1=0 c2=0 c3=0 tc=0
SINK_I16_DC mb=296 qp=23 c0=0 dc0=0 dc15=0 pix0=0 pix15=0
TRAV_I_MB mb=297 type=1 i16=1 cbp=0 qp=-41 bit_pos=36542
TRAV_RES_EXP mb=297 idx=0 i16=1 qp=-41 max=16 c0=0 c1=0 c2=0 c3=0 tc=0
SINK_I16_DC mb=297 qp=23 c0=0 dc0=0 dc15=0 pix0=0 pix15=0
TRAV_I_MB mb=298 type=1 i16=1 cbp=0 qp=-41 bit_pos=36548
TRAV_RES_EXP mb=298 idx=0 i16=1 qp=-41 max=16 c0=0 c1=0 c2=0 c3=0 tc=0
SINK_I16_DC mb=298 qp=23 c0=0 dc0=0 dc15=0 pix0=0 pix15=0
TRAV_I_MB mb=299 type=1 i16=1 cbp=0 qp=-41 bit_pos=36554
TRAV_RES_EXP mb=299 idx=0 i16=1 qp=-41 max=16 c0=0 c1=0 c2=0 c3=0 tc=0
SINK_I16_DC mb=299 qp=23 c0=0 dc0=0 dc15=0 pix0=0 pix15=0
TRAV_DONE mb_count=300 err=0 unsup=0
DELIVERED_MB_BITMAP unique=300 dup=0 oob=0 expected=300 fault_drop=0 real_ref=1
I_RECON_DONE mb_written=300 blk_applied=5021 luma_nz_peak=0
STORE_MB_BITMAP unique=300 dup=0 oob=0 expected=300 fault_dup=0
RECON_STORE_COUNTS frame_paint=1 total=300 idr=300 p=0 p_inter_ok=0 p_inter_fail=0 idr_mb0_store_enqueues=0
STORE_MB_BITMAP unique=300 dup=0 oob=0 expected=300 fault_dup=0
TRAV_CAP_START idr=0
TRAV_CAP_EOP idr=0 len=2304 mb_w=20 mb_h=15
TRAV_START idr=0 len=2304
TRAV_HDR_OK i_slice=0 bit_pos=24 qp=27 pic_mbs=300 type=5
TRAV_DONE mb_count=300 err=0 unsup=0
DELIVERED_MB_BITMAP unique=300 dup=0 oob=0 expected=300 fault_drop=0 real_ref=1
RECON_STORE_COUNTS frame_paint=2 total=600 idr=300 p=300 p_inter_ok=300 p_inter_fail=0 idr_mb0_store_enqueues=0
STORE_MB_BITMAP unique=300 dup=0 oob=0 expected=300 fault_dup=0
TRAV_CAP_START idr=0
TRAV_CAP_EOP idr=0 len=1818 mb_w=20 mb_h=15
TRAV_START idr=0 len=1818
TRAV_HDR_OK i_slice=0 bit_pos=24 qp=27 pic_mbs=300 type=5
TRAV_DONE mb_count=300 err=0 unsup=0
DELIVERED_MB_BITMAP unique=300 dup=0 oob=0 expected=300 fault_drop=0 real_ref=1
RECON_STORE_COUNTS frame_paint=3 total=900 idr=300 p=600 p_inter_ok=600 p_inter_fail=0 idr_mb0_store_enqueues=0
STORE_MB_BITMAP unique=300 dup=0 oob=0 expected=300 fault_dup=0
TRAV_CAP_START idr=0
TRAV_CAP_EOP idr=0 len=2340 mb_w=20 mb_h=15
TRAV_START idr=0 len=2340
TRAV_HDR_OK i_slice=0 bit_pos=24 qp=27 pic_mbs=300 type=5
TRAV_DONE mb_count=300 err=0 unsup=0
DELIVERED_MB_BITMAP unique=300 dup=0 oob=0 expected=300 fault_drop=0 real_ref=1
RECON_STORE_COUNTS frame_paint=4 total=1200 idr=300 p=900 p_inter_ok=900 p_inter_fail=0 idr_mb0_store_enqueues=0
STORE_MB_BITMAP unique=300 dup=0 oob=0 expected=300 fault_dup=0
TRAV_CAP_START idr=0
TRAV_CAP_EOP idr=0 len=2469 mb_w=20 mb_h=15
TRAV_START idr=0 len=2469
TRAV_HDR_OK i_slice=0 bit_pos=24 qp=27 pic_mbs=300 type=5
TRAV_DONE mb_count=300 err=0 unsup=0
DELIVERED_MB_BITMAP unique=300 dup=0 oob=0 expected=300 fault_drop=0 real_ref=1
RECON_STORE_COUNTS frame_paint=5 total=1500 idr=300 p=1200 p_inter_ok=1200 p_inter_fail=0 idr_mb0_store_enqueues=0
STORE_MB_BITMAP unique=300 dup=0 oob=0 expected=300 fault_dup=0
TRAV_CAP_START idr=0
TRAV_CAP_EOP idr=0 len=1886 mb_w=20 mb_h=15
TRAV_START idr=0 len=1886
TRAV_HDR_OK i_slice=0 bit_pos=24 qp=28 pic_mbs=300 type=5
TRAV_DONE mb_count=300 err=0 unsup=0
DELIVERED_MB_BITMAP unique=300 dup=0 oob=0 expected=300 fault_drop=0 real_ref=1
RECON_STORE_COUNTS frame_paint=6 total=1800 idr=300 p=1500 p_inter_ok=1500 p_inter_fail=0 idr_mb0_store_enqueues=0
STORE_MB_BITMAP unique=300 dup=0 oob=0 expected=300 fault_dup=0
TRAV_CAP_START idr=0
TRAV_CAP_EOP idr=0 len=2360 mb_w=20 mb_h=15
TRAV_START idr=0 len=2360
TRAV_HDR_OK i_slice=0 bit_pos=24 qp=28 pic_mbs=300 type=5
TRAV_DONE mb_count=300 err=0 unsup=0
DELIVERED_MB_BITMAP unique=300 dup=0 oob=0 expected=300 fault_drop=0 real_ref=1
RECON_STORE_COUNTS frame_paint=7 total=2100 idr=300 p=1800 p_inter_ok=1800 p_inter_fail=0 idr_mb0_store_enqueues=0
STORE_MB_BITMAP unique=300 dup=0 oob=0 expected=300 fault_dup=0
TRAV_CAP_START idr=0
TRAV_CAP_EOP idr=0 len=2233 mb_w=20 mb_h=15
TRAV_START idr=0 len=2233
TRAV_HDR_OK i_slice=0 bit_pos=24 qp=29 pic_mbs=300 type=5
TRAV_DONE mb_count=300 err=0 unsup=0
DELIVERED_MB_BITMAP unique=300 dup=0 oob=0 expected=300 fault_drop=0 real_ref=1
RECON_STORE_COUNTS frame_paint=8 total=2400 idr=300 p=2100 p_inter_ok=2100 p_inter_fail=0 idr_mb0_store_enqueues=0
STORE_MB_BITMAP unique=300 dup=0 oob=0 expected=300 fault_dup=0
TRAV_CAP_START idr=0
TRAV_CAP_EOP idr=0 len=1535 mb_w=20 mb_h=15
TRAV_START idr=0 len=1535
TRAV_HDR_OK i_slice=0 bit_pos=24 qp=29 pic_mbs=300 type=5
TRAV_DONE mb_count=300 err=0 unsup=0
DELIVERED_MB_BITMAP unique=300 dup=0 oob=0 expected=300 fault_drop=0 real_ref=1
RECON_STORE_COUNTS frame_paint=9 total=2700 idr=300 p=2400 p_inter_ok=2400 p_inter_fail=0 idr_mb0_store_enqueues=0
STORE_MB_BITMAP unique=300 dup=0 oob=0 expected=300 fault_dup=0
TRAV_CAP_START idr=0
TRAV_CAP_EOP idr=0 len=1937 mb_w=20 mb_h=15
TRAV_START idr=0 len=1937
TRAV_HDR_OK i_slice=0 bit_pos=24 qp=30 pic_mbs=300 type=5
TRAV_DONE mb_count=300 err=0 unsup=0
DELIVERED_MB_BITMAP unique=300 dup=0 oob=0 expected=300 fault_drop=0 real_ref=1
RECON_STORE_COUNTS frame_paint=10 total=3000 idr=300 p=2700 p_inter_ok=2700 p_inter_fail=0 idr_mb0_store_enqueues=0
STORE_MB_BITMAP unique=300 dup=0 oob=0 expected=300 fault_dup=0
TRAV_CAP_START idr=0
TRAV_CAP_EOP idr=0 len=2103 mb_w=20 mb_h=15
TRAV_START idr=0 len=2103
TRAV_HDR_OK i_slice=0 bit_pos=26 qp=31 pic_mbs=300 type=5
TRAV_DONE mb_count=300 err=0 unsup=0
DELIVERED_MB_BITMAP unique=300 dup=0 oob=0 expected=300 fault_drop=0 real_ref=1
RECON_STORE_COUNTS frame_paint=11 total=3300 idr=300 p=3000 p_inter_ok=3000 p_inter_fail=0 idr_mb0_store_enqueues=0
STORE_MB_BITMAP unique=300 dup=0 oob=0 expected=300 fault_dup=0
TRAV_CAP_START idr=0
TRAV_CAP_EOP idr=0 len=1383 mb_w=20 mb_h=15
TRAV_START idr=0 len=1383
TRAV_HDR_OK i_slice=0 bit_pos=26 qp=33 pic_mbs=300 type=5
TRAV_DONE mb_count=300 err=0 unsup=0
DELIVERED_MB_BITMAP unique=300 dup=0 oob=0 expected=300 fault_drop=0 real_ref=1
RECON_STORE_COUNTS frame_paint=12 total=3600 idr=300 p=3300 p_inter_ok=3300 p_inter_fail=0 idr_mb0_store_enqueues=0
STORE_MB_BITMAP unique=300 dup=0 oob=0 expected=300 fault_dup=0
MB0_PIPELINE_TRACE cycle=330577 qp=27 total_coeff=8 trailing_ones=3 residual_dc=-19 residual_csum=0x10 coeff=[-19,3,3,0,-3,0,-1,0,0,-1,1,0,1,0,0,0] dequant=[-4256,864,0,-288,864,-1104,0,368,0,0,0,0,-288,368,0,0] idct=[-55,-57,-54,-55,-57,-54,-56,-54,-54,-56,-99,-102,-55,-54,-102,-100] recon=[73,71,74,73,71,74,72,74,74,72,29,26,73,74,26,28]
FULL_FRAME_COMPARE raw frame=0 colorspace=I420_FROM_RGB565 plane=Y exact=1078 pixels=76800 mae=76.605599 max_abs=194
FULL_FRAME_COMPARE first_bad frame=0 colorspace=I420_FROM_RGB565 plane=Y x=1 y=0 mb_x=0 mb_y=0 pixel_in_mb_x=1 pixel_in_mb_y=0 got=68 ref=71 abs=3
FULL_FRAME_COMPARE raw frame=0 colorspace=I420_FROM_RGB565 plane=U exact=70 pixels=19200 mae=74.763698 max_abs=180
FULL_FRAME_COMPARE first_bad frame=0 colorspace=I420_FROM_RGB565 plane=U x=0 y=0 mb_x=0 mb_y=0 pixel_in_mb_x=0 pixel_in_mb_y=0 got=128 ref=218 abs=90
FULL_FRAME_COMPARE raw frame=0 colorspace=I420_FROM_RGB565 plane=V exact=160 pixels=19200 mae=75.252813 max_abs=211
FULL_FRAME_COMPARE first_bad frame=0 colorspace=I420_FROM_RGB565 plane=V x=0 y=0 mb_x=0 mb_y=0 pixel_in_mb_x=0 pixel_in_mb_y=0 got=128 ref=165 abs=37
FULL_FRAME_COMPARE mb frame=0 exact=0 total=300
FULL_FRAME_COMPARE raw frame=1 colorspace=I420_FROM_RGB565 plane=Y exact=905 pixels=76800 mae=77.307227 max_abs=204
FULL_FRAME_COMPARE first_bad frame=1 colorspace=I420_FROM_RGB565 plane=Y x=0 y=0 mb_x=0 mb_y=0 pixel_in_mb_x=0 pixel_in_mb_y=0 got=145 ref=80 abs=65
FULL_FRAME_COMPARE raw frame=1 colorspace=I420_FROM_RGB565 plane=U exact=158 pixels=19200 mae=74.592292 max_abs=183
FULL_FRAME_COMPARE first_bad frame=1 colorspace=I420_FROM_RGB565 plane=U x=0 y=0 mb_x=0 mb_y=0 pixel_in_mb_x=0 pixel_in_mb_y=0 got=176 ref=89 abs=87
FULL_FRAME_COMPARE raw frame=1 colorspace=I420_FROM_RGB565 plane=V exact=20 pixels=19200 mae=72.675573 max_abs=211
FULL_FRAME_COMPARE first_bad frame=1 colorspace=I420_FROM_RGB565 plane=V x=0 y=0 mb_x=0 mb_y=0 pixel_in_mb_x=0 pixel_in_mb_y=0 got=36 ref=245 abs=209
FULL_FRAME_COMPARE mb frame=1 exact=0 total=300
FULL_FRAME_COMPARE raw frame=2 colorspace=I420_FROM_RGB565 plane=Y exact=451 pixels=76800 mae=77.264792 max_abs=204
FULL_FRAME_COMPARE first_bad frame=2 colorspace=I420_FROM_RGB565 plane=Y x=0 y=0 mb_x=0 mb_y=0 pixel_in_mb_x=0 pixel_in_mb_y=0 got=145 ref=80 abs=65
FULL_FRAME_COMPARE raw frame=2 colorspace=I420_FROM_RGB565 plane=U exact=105 pixels=19200 mae=75.221458 max_abs=183
FULL_FRAME_COMPARE first_bad frame=2 colorspace=I420_FROM_RGB565 plane=U x=0 y=0 mb_x=0 mb_y=0 pixel_in_mb_x=0 pixel_in_mb_y=0 got=176 ref=92 abs=84
FULL_FRAME_COMPARE raw frame=2 colorspace=I420_FROM_RGB565 plane=V exact=22 pixels=19200 mae=72.482083 max_abs=211
FULL_FRAME_COMPARE first_bad frame=2 colorspace=I420_FROM_RGB565 plane=V x=0 y=0 mb_x=0 mb_y=0 pixel_in_mb_x=0 pixel_in_mb_y=0 got=36 ref=247 abs=211
FULL_FRAME_COMPARE mb frame=2 exact=0 total=300
FULL_FRAME_COMPARE raw frame=3 colorspace=I420_FROM_RGB565 plane=Y exact=281 pixels=76800 mae=77.078438 max_abs=204
FULL_FRAME_COMPARE first_bad frame=3 colorspace=I420_FROM_RGB565 plane=Y x=0 y=0 mb_x=0 mb_y=0 pixel_in_mb_x=0 pixel_in_mb_y=0 got=145 ref=80 abs=65
FULL_FRAME_COMPARE raw frame=3 colorspace=I420_FROM_RGB565 plane=U exact=77 pixels=19200 mae=75.881146 max_abs=187
FULL_FRAME_COMPARE first_bad frame=3 colorspace=I420_FROM_RGB565 plane=U x=0 y=0 mb_x=0 mb_y=0 pixel_in_mb_x=0 pixel_in_mb_y=0 got=176 ref=92 abs=84
FULL_FRAME_COMPARE raw frame=3 colorspace=I420_FROM_RGB565 plane=V exact=16 pixels=19200 mae=72.198542 max_abs=210
FULL_FRAME_COMPARE first_bad frame=3 colorspace=I420_FROM_RGB565 plane=V x=0 y=0 mb_x=0 mb_y=0 pixel_in_mb_x=0 pixel_in_mb_y=0 got=36 ref=244 abs=208
FULL_FRAME_COMPARE mb frame=3 exact=0 total=300
FULL_FRAME_COMPARE raw frame=4 colorspace=I420_FROM_RGB565 plane=Y exact=330 pixels=76800 mae=76.959089 max_abs=204
FULL_FRAME_COMPARE first_bad frame=4 colorspace=I420_FROM_RGB565 plane=Y x=0 y=0 mb_x=0 mb_y=0 pixel_in_mb_x=0 pixel_in_mb_y=0 got=145 ref=80 abs=65
FULL_FRAME_COMPARE raw frame=4 colorspace=I420_FROM_RGB565 plane=U exact=46 pixels=19200 mae=76.557187 max_abs=187
FULL_FRAME_COMPARE first_bad frame=4 colorspace=I420_FROM_RGB565 plane=U x=0 y=0 mb_x=0 mb_y=0 pixel_in_mb_x=0 pixel_in_mb_y=0 got=176 ref=91 abs=85
FULL_FRAME_COMPARE raw frame=4 colorspace=I420_FROM_RGB565 plane=V exact=16 pixels=19200 mae=71.945417 max_abs=210
FULL_FRAME_COMPARE first_bad frame=4 colorspace=I420_FROM_RGB565 plane=V x=0 y=0 mb_x=0 mb_y=0 pixel_in_mb_x=0 pixel_in_mb_y=0 got=36 ref=245 abs=209
FULL_FRAME_COMPARE mb frame=4 exact=0 total=300
FULL_FRAME_COMPARE raw frame=5 colorspace=I420_FROM_RGB565 plane=Y exact=296 pixels=76800 mae=76.804102 max_abs=204
FULL_FRAME_COMPARE first_bad frame=5 colorspace=I420_FROM_RGB565 plane=Y x=0 y=0 mb_x=0 mb_y=0 pixel_in_mb_x=0 pixel_in_mb_y=0 got=145 ref=80 abs=65
FULL_FRAME_COMPARE raw frame=5 colorspace=I420_FROM_RGB565 plane=U exact=68 pixels=19200 mae=77.241979 max_abs=202
FULL_FRAME_COMPARE first_bad frame=5 colorspace=I420_FROM_RGB565 plane=U x=0 y=0 mb_x=0 mb_y=0 pixel_in_mb_x=0 pixel_in_mb_y=0 got=176 ref=91 abs=85
FULL_FRAME_COMPARE raw frame=5 colorspace=I420_FROM_RGB565 plane=V exact=19 pixels=19200 mae=71.723750 max_abs=210
FULL_FRAME_COMPARE first_bad frame=5 colorspace=I420_FROM_RGB565 plane=V x=0 y=0 mb_x=0 mb_y=0 pixel_in_mb_x=0 pixel_in_mb_y=0 got=36 ref=245 abs=209
FULL_FRAME_COMPARE mb frame=5 exact=0 total=300
FULL_FRAME_COMPARE raw frame=6 colorspace=I420_FROM_RGB565 plane=Y exact=363 pixels=76800 mae=76.588568 max_abs=204
FULL_FRAME_COMPARE first_bad frame=6 colorspace=I420_FROM_RGB565 plane=Y x=0 y=0 mb_x=0 mb_y=0 pixel_in_mb_x=0 pixel_in_mb_y=0 got=145 ref=80 abs=65
FULL_FRAME_COMPARE raw frame=6 colorspace=I420_FROM_RGB565 plane=U exact=78 pixels=19200 mae=77.958177 max_abs=202
FULL_FRAME_COMPARE first_bad frame=6 colorspace=I420_FROM_RGB565 plane=U x=0 y=0 mb_x=0 mb_y=0 pixel_in_mb_x=0 pixel_in_mb_y=0 got=176 ref=91 abs=85
FULL_FRAME_COMPARE raw frame=6 colorspace=I420_FROM_RGB565 plane=V exact=33 pixels=19200 mae=71.671562 max_abs=210
FULL_FRAME_COMPARE first_bad frame=6 colorspace=I420_FROM_RGB565 plane=V x=0 y=0 mb_x=0 mb_y=0 pixel_in_mb_x=0 pixel_in_mb_y=0 got=36 ref=245 abs=209
FULL_FRAME_COMPARE mb frame=6 exact=0 total=300
FULL_FRAME_COMPARE raw frame=7 colorspace=I420_FROM_RGB565 plane=Y exact=286 pixels=76800 mae=76.368359 max_abs=204
FULL_FRAME_COMPARE first_bad frame=7 colorspace=I420_FROM_RGB565 plane=Y x=0 y=0 mb_x=0 mb_y=0 pixel_in_mb_x=0 pixel_in_mb_y=0 got=145 ref=80 abs=65
FULL_FRAME_COMPARE raw frame=7 colorspace=I420_FROM_RGB565 plane=U exact=86 pixels=19200 mae=78.523854 max_abs=206
FULL_FRAME_COMPARE first_bad frame=7 colorspace=I420_FROM_RGB565 plane=U x=0 y=0 mb_x=0 mb_y=0 pixel_in_mb_x=0 pixel_in_mb_y=0 got=176 ref=91 abs=85
FULL_FRAME_COMPARE raw frame=7 colorspace=I420_FROM_RGB565 plane=V exact=35 pixels=19200 mae=71.491458 max_abs=210
FULL_FRAME_COMPARE first_bad frame=7 colorspace=I420_FROM_RGB565 plane=V x=0 y=0 mb_x=0 mb_y=0 pixel_in_mb_x=0 pixel_in_mb_y=0 got=36 ref=245 abs=209
FULL_FRAME_COMPARE mb frame=7 exact=0 total=300
FULL_FRAME_COMPARE raw frame=8 colorspace=I420_FROM_RGB565 plane=Y exact=248 pixels=76800 mae=76.192552 max_abs=204
FULL_FRAME_COMPARE first_bad frame=8 colorspace=I420_FROM_RGB565 plane=Y x=0 y=0 mb_x=0 mb_y=0 pixel_in_mb_x=0 pixel_in_mb_y=0 got=145 ref=80 abs=65
FULL_FRAME_COMPARE raw frame=8 colorspace=I420_FROM_RGB565 plane=U exact=106 pixels=19200 mae=79.382865 max_abs=206
FULL_FRAME_COMPARE first_bad frame=8 colorspace=I420_FROM_RGB565 plane=U x=0 y=0 mb_x=0 mb_y=0 pixel_in_mb_x=0 pixel_in_mb_y=0 got=176 ref=91 abs=85
FULL_FRAME_COMPARE raw frame=8 colorspace=I420_FROM_RGB565 plane=V exact=42 pixels=19200 mae=71.341562 max_abs=210
FULL_FRAME_COMPARE first_bad frame=8 colorspace=I420_FROM_RGB565 plane=V x=0 y=0 mb_x=0 mb_y=0 pixel_in_mb_x=0 pixel_in_mb_y=0 got=36 ref=245 abs=209
FULL_FRAME_COMPARE mb frame=8 exact=0 total=300
FULL_FRAME_COMPARE raw frame=9 colorspace=I420_FROM_RGB565 plane=Y exact=281 pixels=76800 mae=75.996562 max_abs=204
FULL_FRAME_COMPARE first_bad frame=9 colorspace=I420_FROM_RGB565 plane=Y x=0 y=0 mb_x=0 mb_y=0 pixel_in_mb_x=0 pixel_in_mb_y=0 got=145 ref=80 abs=65
FULL_FRAME_COMPARE raw frame=9 colorspace=I420_FROM_RGB565 plane=U exact=124 pixels=19200 mae=80.215208 max_abs=208
FULL_FRAME_COMPARE first_bad frame=9 colorspace=I420_FROM_RGB565 plane=U x=0 y=0 mb_x=0 mb_y=0 pixel_in_mb_x=0 pixel_in_mb_y=0 got=176 ref=91 abs=85
FULL_FRAME_COMPARE raw frame=9 colorspace=I420_FROM_RGB565 plane=V exact=36 pixels=19200 mae=71.256510 max_abs=210
FULL_FRAME_COMPARE first_bad frame=9 colorspace=I420_FROM_RGB565 plane=V x=0 y=0 mb_x=0 mb_y=0 pixel_in_mb_x=0 pixel_in_mb_y=0 got=36 ref=245 abs=209
FULL_FRAME_COMPARE mb frame=9 exact=0 total=300
FULL_FRAME_COMPARE raw frame=10 colorspace=I420_FROM_RGB565 plane=Y exact=301 pixels=76800 mae=75.859544 max_abs=204
FULL_FRAME_COMPARE first_bad frame=10 colorspace=I420_FROM_RGB565 plane=Y x=0 y=0 mb_x=0 mb_y=0 pixel_in_mb_x=0 pixel_in_mb_y=0 got=145 ref=80 abs=65
FULL_FRAME_COMPARE raw frame=10 colorspace=I420_FROM_RGB565 plane=U exact=125 pixels=19200 mae=81.038698 max_abs=208
FULL_FRAME_COMPARE first_bad frame=10 colorspace=I420_FROM_RGB565 plane=U x=0 y=0 mb_x=0 mb_y=0 pixel_in_mb_x=0 pixel_in_mb_y=0 got=176 ref=91 abs=85
FULL_FRAME_COMPARE raw frame=10 colorspace=I420_FROM_RGB565 plane=V exact=33 pixels=19200 mae=71.225885 max_abs=210
FULL_FRAME_COMPARE first_bad frame=10 colorspace=I420_FROM_RGB565 plane=V x=0 y=0 mb_x=0 mb_y=0 pixel_in_mb_x=0 pixel_in_mb_y=0 got=36 ref=245 abs=209
FULL_FRAME_COMPARE mb frame=10 exact=0 total=300
FULL_FRAME_COMPARE raw frame=11 colorspace=I420_FROM_RGB565 plane=Y exact=324 pixels=76800 mae=75.846510 max_abs=204
FULL_FRAME_COMPARE first_bad frame=11 colorspace=I420_FROM_RGB565 plane=Y x=0 y=0 mb_x=0 mb_y=0 pixel_in_mb_x=0 pixel_in_mb_y=0 got=145 ref=80 abs=65
FULL_FRAME_COMPARE raw frame=11 colorspace=I420_FROM_RGB565 plane=U exact=99 pixels=19200 mae=82.049635 max_abs=212
FULL_FRAME_COMPARE first_bad frame=11 colorspace=I420_FROM_RGB565 plane=U x=0 y=0 mb_x=0 mb_y=0 pixel_in_mb_x=0 pixel_in_mb_y=0 got=176 ref=91 abs=85
FULL_FRAME_COMPARE raw frame=11 colorspace=I420_FROM_RGB565 plane=V exact=42 pixels=19200 mae=71.127865 max_abs=210
FULL_FRAME_COMPARE first_bad frame=11 colorspace=I420_FROM_RGB565 plane=V x=0 y=0 mb_x=0 mb_y=0 pixel_in_mb_x=0 pixel_in_mb_y=0 got=36 ref=245 abs=209
FULL_FRAME_COMPARE mb frame=11 exact=0 total=300
DEGENERACY_WARNING inter_captures_constant_y=1914/3300 (partial DPB corruption)
STAGE_CYCLES frame=0 parse_cycles=289 paint_cycles=404989 parse_per_mb=0.963 paint_per_mb=1349.963
STAGE_CYCLES frame=1 parse_cycles=413102 paint_cycles=76800 parse_per_mb=1377.007 paint_per_mb=256.000
STAGE_CYCLES frame=2 parse_cycles=413102 paint_cycles=76800 parse_per_mb=1377.007 paint_per_mb=256.000
STAGE_CYCLES frame=3 parse_cycles=413102 paint_cycles=76800 parse_per_mb=1377.007 paint_per_mb=256.000
STAGE_CYCLES frame=4 parse_cycles=413102 paint_cycles=76800 parse_per_mb=1377.007 paint_per_mb=256.000
STAGE_CYCLES frame=5 parse_cycles=413114 paint_cycles=76800 parse_per_mb=1377.047 paint_per_mb=256.000
STAGE_CYCLES frame=6 parse_cycles=413102 paint_cycles=76800 parse_per_mb=1377.007 paint_per_mb=256.000
STAGE_CYCLES frame=7 parse_cycles=413140 paint_cycles=76800 parse_per_mb=1377.133 paint_per_mb=256.000
STAGE_CYCLES frame=8 parse_cycles=413102 paint_cycles=76800 parse_per_mb=1377.007 paint_per_mb=256.000
STAGE_CYCLES frame=9 parse_cycles=413102 paint_cycles=76800 parse_per_mb=1377.007 paint_per_mb=256.000
STAGE_CYCLES frame=10 parse_cycles=413102 paint_cycles=76800 parse_per_mb=1377.007 paint_per_mb=256.000
STAGE_CYCLES frame=11 parse_cycles=413102 paint_cycles=76800 parse_per_mb=1377.007 paint_per_mb=256.000
STAGE_CYCLES_TOTAL frames=12 parse_total=4544461 paint_total=1249789 injection_total=55306 nonvcl_idle_total=768 reset_total=12 parse_per_mb=1262.350 paint_per_mb=347.164 injection_per_mb=15.363
FULL_FRAME_COMPARE summary width=320 height=240 frames=12 nals=15 idr=1 p=11 bytes=27653 p_mb_count_max=300 p_slice_done_pulses=12 traversed/total=300/300 native_inter_mb_captures=3300 native_inter_ignored=0 native_i420_dpb_writes=1382400 cycles=5864573 first_bad_frame=0 strict_pass=0 mode=expect-red
OK full-frame expected-red: strict reference comparison diverged at frame 0
========================================================================
INTER RCA: first divergent macroblock in raster order
========================================================================
  frame=1 mb_index=0 mb=(0,0) plane=Y
  first_bad_pixel=(0,0) got=73 ref=80 abs=7
  mb_type=?
  error_decomposition=unavailable (no predicted_block metadata)
  >> Supply --mb-metadata with pred_y/pred_u/pred_v to enable prediction vs residual RCA.
========================================================================
I420_CANDIDATE_SCORE raw frame=0 slice=I plane=Y exact=61044 pixels=76800 mae=15.522227 max_abs=159
I420_CANDIDATE_SCORE raw frame=0 slice=I plane=U exact=11 pixels=19200 mae=70.706354 max_abs=126
I420_CANDIDATE_SCORE raw frame=0 slice=I plane=V exact=18 pixels=19200 mae=70.226042 max_abs=124
I420_CANDIDATE_SCORE raw frame=1 slice=P plane=Y exact=54778 pixels=76800 mae=17.872266 max_abs=216
I420_CANDIDATE_SCORE raw frame=1 slice=P plane=U exact=19 pixels=19200 mae=70.432344 max_abs=127
I420_CANDIDATE_SCORE raw frame=1 slice=P plane=V exact=19 pixels=19200 mae=69.904740 max_abs=125
I420_CANDIDATE_SCORE raw frame=2 slice=P plane=Y exact=53296 pixels=76800 mae=19.471341 max_abs=218
I420_CANDIDATE_SCORE raw frame=2 slice=P plane=U exact=25 pixels=19200 mae=70.257240 max_abs=127
I420_CANDIDATE_SCORE raw frame=2 slice=P plane=V exact=21 pixels=19200 mae=69.631510 max_abs=125
I420_CANDIDATE_SCORE raw frame=3 slice=P plane=Y exact=51132 pixels=76800 mae=21.544974 max_abs=223
I420_CANDIDATE_SCORE raw frame=3 slice=P plane=U exact=93 pixels=19200 mae=70.219740 max_abs=127
I420_CANDIDATE_SCORE raw frame=3 slice=P plane=V exact=27 pixels=19200 mae=69.205469 max_abs=125
I420_CANDIDATE_SCORE raw frame=4 slice=P plane=Y exact=49328 pixels=76800 mae=22.433086 max_abs=220
I420_CANDIDATE_SCORE raw frame=4 slice=P plane=U exact=106 pixels=19200 mae=70.105260 max_abs=124
I420_CANDIDATE_SCORE raw frame=4 slice=P plane=V exact=85 pixels=19200 mae=68.865729 max_abs=125
I420_CANDIDATE_SCORE raw frame=5 slice=P plane=Y exact=48534 pixels=76800 mae=22.526133 max_abs=216
I420_CANDIDATE_SCORE raw frame=5 slice=P plane=U exact=111 pixels=19200 mae=70.083021 max_abs=124
I420_CANDIDATE_SCORE raw frame=5 slice=P plane=V exact=76 pixels=19200 mae=68.494948 max_abs=125
I420_CANDIDATE_SCORE raw frame=6 slice=P plane=Y exact=47443 pixels=76800 mae=22.709740 max_abs=211
I420_CANDIDATE_SCORE raw frame=6 slice=P plane=U exact=157 pixels=19200 mae=70.050885 max_abs=125
I420_CANDIDATE_SCORE raw frame=6 slice=P plane=V exact=85 pixels=19200 mae=68.379167 max_abs=125
I420_CANDIDATE_SCORE raw frame=7 slice=P plane=Y exact=46337 pixels=76800 mae=23.007643 max_abs=214
I420_CANDIDATE_SCORE raw frame=7 slice=P plane=U exact=174 pixels=19200 mae=69.860208 max_abs=122
I420_CANDIDATE_SCORE raw frame=7 slice=P plane=V exact=87 pixels=19200 mae=68.145885 max_abs=125
I420_CANDIDATE_SCORE raw frame=8 slice=P plane=Y exact=45446 pixels=76800 mae=23.125195 max_abs=217
I420_CANDIDATE_SCORE raw frame=8 slice=P plane=U exact=188 pixels=19200 mae=69.734062 max_abs=122
I420_CANDIDATE_SCORE raw frame=8 slice=P plane=V exact=86 pixels=19200 mae=67.989635 max_abs=126
I420_CANDIDATE_SCORE raw frame=9 slice=P plane=Y exact=44244 pixels=76800 mae=23.238945 max_abs=217
I420_CANDIDATE_SCORE raw frame=9 slice=P plane=U exact=206 pixels=19200 mae=69.637396 max_abs=127
I420_CANDIDATE_SCORE raw frame=9 slice=P plane=V exact=98 pixels=19200 mae=67.874375 max_abs=127
I420_CANDIDATE_SCORE raw frame=10 slice=P plane=Y exact=43107 pixels=76800 mae=23.460417 max_abs=217
I420_CANDIDATE_SCORE raw frame=10 slice=P plane=U exact=211 pixels=19200 mae=69.502344 max_abs=126
I420_CANDIDATE_SCORE raw frame=10 slice=P plane=V exact=110 pixels=19200 mae=67.739323 max_abs=127
I420_CANDIDATE_SCORE raw frame=11 slice=P plane=Y exact=42462 pixels=76800 mae=23.561523 max_abs=214
I420_CANDIDATE_SCORE raw frame=11 slice=P plane=U exact=231 pixels=19200 mae=69.345573 max_abs=126
I420_CANDIDATE_SCORE raw frame=11 slice=P plane=V exact=114 pixels=19200 mae=67.625260 max_abs=127
I420_CANDIDATE_SCORE summary intra=0/300 inter=0/3300 strict_pass=0
score_i420_candidate: OK expected-red candidate diverged from golden
headline_score_true_rc=0
HEADLINE intra=0/300 inter=0/3300
LUMA_PROGRESS intra_y_mb=229/300 intra_y_blk4=3815/4800 intra_y_px=61044/76800 intra_y_mae=15.522227
LUMA_PROGRESS inter_y_mb=1681/3300 inter_y_blk4=32270/52800 inter_y_px=526107/844800 inter_y_mae=22.086478
LUMA_PROGRESS frame0 y_mb=229/300 y_blk4=3815/4800 y_px=61044/76800 y_mae=15.522227
luma_score_true_rc=0
Traceback (most recent call last):
  File "<stdin>", line 3, in <module>
KeyError: 'intra'
