REAL_REF_MEASURE source_sha=d4d9d80e9b8e0a29a3cc5678e4eef73bd77ba0d6-dirty
REAL_REF_MEASURE CLIP=624x480 second-clip validation (not 320x240)
REAL_REF_MEASURE clip_stats: I4=167 I16=1003 wrap_events=6 qp[1,35] mb=1170 (vs 320: I4=79 I16=221 wrap=1)
REAL_REF_MEASURE pre-register HEADLINE: intra=0/1170 inter=0/12870 (chroma stub floors Y+U+V mb_exact)
REAL_REF_MEASURE pre-register LUMA: intra_y_mb=1100..1170/1170 intra_y_px=270000..299520/299520 (generalize 6dc5993; HIT_ABOVE if 1170)
%Warning-WIDTHEXPAND: /home/flynnsbit/Projects/MisterPlex/.worktrees/rtl-real-ref-measure/fpga/Plex_MiSTer/rtl/h264_intra_pred.sv:266:22: Operator ADD expects 32 bits on the LHS, but LHS's ARRAYSEL generates 8 bits.
                                                                                                                                        : ... note: In instance 'stream_path_full_frame_tb.dut.stub.u_i_res_sink.u_i16'
  266 |    sa_lo = ((above[0]+above[1]) + (above[2]+above[3]))
      |                      ^
                      ... For warning description see https://verilator.org/warn/WIDTHEXPAND?v=5.051
                      ... Use "/* verilator lint_off WIDTHEXPAND */" and lint_on around source to disable this message.
%Warning-WIDTHEXPAND: /home/flynnsbit/Projects/MisterPlex/.worktrees/rtl-real-ref-measure/fpga/Plex_MiSTer/rtl/h264_intra_pred.sv:266:22: Operator ADD expects 32 bits on the RHS, but RHS's ARRAYSEL generates 8 bits.
                                                                                                                                        : ... note: In instance 'stream_path_full_frame_tb.dut.stub.u_i_res_sink.u_i16'
  266 |    sa_lo = ((above[0]+above[1]) + (above[2]+above[3]))
      |                      ^
%Warning-WIDTHEXPAND: /home/flynnsbit/Projects/MisterPlex/.worktrees/rtl-real-ref-measure/fpga/Plex_MiSTer/rtl/h264_intra_pred.sv:266:44: Operator ADD expects 32 bits on the LHS, but LHS's ARRAYSEL generates 8 bits.
                                                                                                                                        : ... note: In instance 'stream_path_full_frame_tb.dut.stub.u_i_res_sink.u_i16'
  266 |    sa_lo = ((above[0]+above[1]) + (above[2]+above[3]))
      |                                            ^
%Warning-WIDTHEXPAND: /home/flynnsbit/Projects/MisterPlex/.worktrees/rtl-real-ref-measure/fpga/Plex_MiSTer/rtl/h264_intra_pred.sv:266:44: Operator ADD expects 32 bits on the RHS, but RHS's ARRAYSEL generates 8 bits.
                                                                                                                                        : ... note: In instance 'stream_path_full_frame_tb.dut.stub.u_i_res_sink.u_i16'
  266 |    sa_lo = ((above[0]+above[1]) + (above[2]+above[3]))
      |                                            ^
%Warning-WIDTHEXPAND: /home/flynnsbit/Projects/MisterPlex/.worktrees/rtl-real-ref-measure/fpga/Plex_MiSTer/rtl/h264_intra_pred.sv:267:22: Operator ADD expects 32 bits on the LHS, but LHS's ARRAYSEL generates 8 bits.
                                                                                                                                        : ... note: In instance 'stream_path_full_frame_tb.dut.stub.u_i_res_sink.u_i16'
  267 |          + ((above[4]+above[5]) + (above[6]+above[7]));
      |                      ^
%Warning-WIDTHEXPAND: /home/flynnsbit/Projects/MisterPlex/.worktrees/rtl-real-ref-measure/fpga/Plex_MiSTer/rtl/h264_intra_pred.sv:267:22: Operator ADD expects 32 bits on the RHS, but RHS's ARRAYSEL generates 8 bits.
                                                                                                                                        : ... note: In instance 'stream_path_full_frame_tb.dut.stub.u_i_res_sink.u_i16'
  267 |          + ((above[4]+above[5]) + (above[6]+above[7]));
      |                      ^
%Warning-WIDTHEXPAND: /home/flynnsbit/Projects/MisterPlex/.worktrees/rtl-real-ref-measure/fpga/Plex_MiSTer/rtl/h264_intra_pred.sv:267:44: Operator ADD expects 32 bits on the LHS, but LHS's ARRAYSEL generates 8 bits.
                                                                                                                                        : ... note: In instance 'stream_path_full_frame_tb.dut.stub.u_i_res_sink.u_i16'
  267 |          + ((above[4]+above[5]) + (above[6]+above[7]));
      |                                            ^
%Warning-WIDTHEXPAND: /home/flynnsbit/Projects/MisterPlex/.worktrees/rtl-real-ref-measure/fpga/Plex_MiSTer/rtl/h264_intra_pred.sv:267:44: Operator ADD expects 32 bits on the RHS, but RHS's ARRAYSEL generates 8 bits.
                                                                                                                                        : ... note: In instance 'stream_path_full_frame_tb.dut.stub.u_i_res_sink.u_i16'
  267 |          + ((above[4]+above[5]) + (above[6]+above[7]));
      |                                            ^
%Warning-WIDTHEXPAND: /home/flynnsbit/Projects/MisterPlex/.worktrees/rtl-real-ref-measure/fpga/Plex_MiSTer/rtl/h264_intra_pred.sv:268:22: Operator ADD expects 32 bits on the LHS, but LHS's ARRAYSEL generates 8 bits.
                                                                                                                                        : ... note: In instance 'stream_path_full_frame_tb.dut.stub.u_i_res_sink.u_i16'
  268 |    sa_hi = ((above[8]+above[9]) + (above[10]+above[11]))
      |                      ^
%Warning-WIDTHEXPAND: /home/flynnsbit/Projects/MisterPlex/.worktrees/rtl-real-ref-measure/fpga/Plex_MiSTer/rtl/h264_intra_pred.sv:268:22: Operator ADD expects 32 bits on the RHS, but RHS's ARRAYSEL generates 8 bits.
                                                                                                                                        : ... note: In instance 'stream_path_full_frame_tb.dut.stub.u_i_res_sink.u_i16'
  268 |    sa_hi = ((above[8]+above[9]) + (above[10]+above[11]))
      |                      ^
%Warning-WIDTHEXPAND: /home/flynnsbit/Projects/MisterPlex/.worktrees/rtl-real-ref-measure/fpga/Plex_MiSTer/rtl/h264_intra_pred.sv:268:45: Operator ADD expects 32 bits on the LHS, but LHS's ARRAYSEL generates 8 bits.
                                                                                                                                        : ... note: In instance 'stream_path_full_frame_tb.dut.stub.u_i_res_sink.u_i16'
  268 |    sa_hi = ((above[8]+above[9]) + (above[10]+above[11]))
      |                                             ^
%Warning-WIDTHEXPAND: /home/flynnsbit/Projects/MisterPlex/.worktrees/rtl-real-ref-measure/fpga/Plex_MiSTer/rtl/h264_intra_pred.sv:268:45: Operator ADD expects 32 bits on the RHS, but RHS's ARRAYSEL generates 8 bits.
                                                                                                                                        : ... note: In instance 'stream_path_full_frame_tb.dut.stub.u_i_res_sink.u_i16'
  268 |    sa_hi = ((above[8]+above[9]) + (above[10]+above[11]))
      |                                             ^
%Warning-WIDTHEXPAND: /home/flynnsbit/Projects/MisterPlex/.worktrees/rtl-real-ref-measure/fpga/Plex_MiSTer/rtl/h264_intra_pred.sv:269:23: Operator ADD expects 32 bits on the LHS, but LHS's ARRAYSEL generates 8 bits.
                                                                                                                                        : ... note: In instance 'stream_path_full_frame_tb.dut.stub.u_i_res_sink.u_i16'
  269 |          + ((above[12]+above[13]) + (above[14]+above[15]));
      |                       ^
%Warning-WIDTHEXPAND: /home/flynnsbit/Projects/MisterPlex/.worktrees/rtl-real-ref-measure/fpga/Plex_MiSTer/rtl/h264_intra_pred.sv:269:23: Operator ADD expects 32 bits on the RHS, but RHS's ARRAYSEL generates 8 bits.
                                                                                                                                        : ... note: In instance 'stream_path_full_frame_tb.dut.stub.u_i_res_sink.u_i16'
  269 |          + ((above[12]+above[13]) + (above[14]+above[15]));
      |                       ^
%Warning-WIDTHEXPAND: /home/flynnsbit/Projects/MisterPlex/.worktrees/rtl-real-ref-measure/fpga/Plex_MiSTer/rtl/h264_intra_pred.sv:269:47: Operator ADD expects 32 bits on the LHS, but LHS's ARRAYSEL generates 8 bits.
                                                                                                                                        : ... note: In instance 'stream_path_full_frame_tb.dut.stub.u_i_res_sink.u_i16'
  269 |          + ((above[12]+above[13]) + (above[14]+above[15]));
      |                                               ^
%Warning-WIDTHEXPAND: /home/flynnsbit/Projects/MisterPlex/.worktrees/rtl-real-ref-measure/fpga/Plex_MiSTer/rtl/h264_intra_pred.sv:269:47: Operator ADD expects 32 bits on the RHS, but RHS's ARRAYSEL generates 8 bits.
                                                                                                                                        : ... note: In instance 'stream_path_full_frame_tb.dut.stub.u_i_res_sink.u_i16'
  269 |          + ((above[12]+above[13]) + (above[14]+above[15]));
      |                                               ^
%Warning-WIDTHEXPAND: /home/flynnsbit/Projects/MisterPlex/.worktrees/rtl-real-ref-measure/fpga/Plex_MiSTer/rtl/h264_intra_pred.sv:270:21: Operator ADD expects 32 bits on the LHS, but LHS's ARRAYSEL generates 8 bits.
                                                                                                                                        : ... note: In instance 'stream_path_full_frame_tb.dut.stub.u_i_res_sink.u_i16'
  270 |    sl_lo = ((left[0]+left[1]) + (left[2]+left[3]))
      |                     ^
%Warning-WIDTHEXPAND: /home/flynnsbit/Projects/MisterPlex/.worktrees/rtl-real-ref-measure/fpga/Plex_MiSTer/rtl/h264_intra_pred.sv:270:21: Operator ADD expects 32 bits on the RHS, but RHS's ARRAYSEL generates 8 bits.
                                                                                                                                        : ... note: In instance 'stream_path_full_frame_tb.dut.stub.u_i_res_sink.u_i16'
  270 |    sl_lo = ((left[0]+left[1]) + (left[2]+left[3]))
      |                     ^
%Warning-WIDTHEXPAND: /home/flynnsbit/Projects/MisterPlex/.worktrees/rtl-real-ref-measure/fpga/Plex_MiSTer/rtl/h264_intra_pred.sv:270:41: Operator ADD expects 32 bits on the LHS, but LHS's ARRAYSEL generates 8 bits.
                                                                                                                                        : ... note: In instance 'stream_path_full_frame_tb.dut.stub.u_i_res_sink.u_i16'
  270 |    sl_lo = ((left[0]+left[1]) + (left[2]+left[3]))
      |                                         ^
%Warning-WIDTHEXPAND: /home/flynnsbit/Projects/MisterPlex/.worktrees/rtl-real-ref-measure/fpga/Plex_MiSTer/rtl/h264_intra_pred.sv:270:41: Operator ADD expects 32 bits on the RHS, but RHS's ARRAYSEL generates 8 bits.
                                                                                                                                        : ... note: In instance 'stream_path_full_frame_tb.dut.stub.u_i_res_sink.u_i16'
  270 |    sl_lo = ((left[0]+left[1]) + (left[2]+left[3]))
      |                                         ^
%Warning-WIDTHEXPAND: /home/flynnsbit/Projects/MisterPlex/.worktrees/rtl-real-ref-measure/fpga/Plex_MiSTer/rtl/h264_intra_pred.sv:271:21: Operator ADD expects 32 bits on the LHS, but LHS's ARRAYSEL generates 8 bits.
                                                                                                                                        : ... note: In instance 'stream_path_full_frame_tb.dut.stub.u_i_res_sink.u_i16'
  271 |          + ((left[4]+left[5]) + (left[6]+left[7]));
      |                     ^
%Warning-WIDTHEXPAND: /home/flynnsbit/Projects/MisterPlex/.worktrees/rtl-real-ref-measure/fpga/Plex_MiSTer/rtl/h264_intra_pred.sv:271:21: Operator ADD expects 32 bits on the RHS, but RHS's ARRAYSEL generates 8 bits.
                                                                                                                                        : ... note: In instance 'stream_path_full_frame_tb.dut.stub.u_i_res_sink.u_i16'
  271 |          + ((left[4]+left[5]) + (left[6]+left[7]));
      |                     ^
%Warning-WIDTHEXPAND: /home/flynnsbit/Projects/MisterPlex/.worktrees/rtl-real-ref-measure/fpga/Plex_MiSTer/rtl/h264_intra_pred.sv:271:41: Operator ADD expects 32 bits on the LHS, but LHS's ARRAYSEL generates 8 bits.
                                                                                                                                        : ... note: In instance 'stream_path_full_frame_tb.dut.stub.u_i_res_sink.u_i16'
  271 |          + ((left[4]+left[5]) + (left[6]+left[7]));
      |                                         ^
%Warning-WIDTHEXPAND: /home/flynnsbit/Projects/MisterPlex/.worktrees/rtl-real-ref-measure/fpga/Plex_MiSTer/rtl/h264_intra_pred.sv:271:41: Operator ADD expects 32 bits on the RHS, but RHS's ARRAYSEL generates 8 bits.
                                                                                                                                        : ... note: In instance 'stream_path_full_frame_tb.dut.stub.u_i_res_sink.u_i16'
  271 |          + ((left[4]+left[5]) + (left[6]+left[7]));
      |                                         ^
%Warning-WIDTHEXPAND: /home/flynnsbit/Projects/MisterPlex/.worktrees/rtl-real-ref-measure/fpga/Plex_MiSTer/rtl/h264_intra_pred.sv:272:21: Operator ADD expects 32 bits on the LHS, but LHS's ARRAYSEL generates 8 bits.
                                                                                                                                        : ... note: In instance 'stream_path_full_frame_tb.dut.stub.u_i_res_sink.u_i16'
  272 |    sl_hi = ((left[8]+left[9]) + (left[10]+left[11]))
      |                     ^
%Warning-WIDTHEXPAND: /home/flynnsbit/Projects/MisterPlex/.worktrees/rtl-real-ref-measure/fpga/Plex_MiSTer/rtl/h264_intra_pred.sv:272:21: Operator ADD expects 32 bits on the RHS, but RHS's ARRAYSEL generates 8 bits.
                                                                                                                                        : ... note: In instance 'stream_path_full_frame_tb.dut.stub.u_i_res_sink.u_i16'
  272 |    sl_hi = ((left[8]+left[9]) + (left[10]+left[11]))
      |                     ^
%Warning-WIDTHEXPAND: /home/flynnsbit/Projects/MisterPlex/.worktrees/rtl-real-ref-measure/fpga/Plex_MiSTer/rtl/h264_intra_pred.sv:272:42: Operator ADD expects 32 bits on the LHS, but LHS's ARRAYSEL generates 8 bits.
                                                                                                                                        : ... note: In instance 'stream_path_full_frame_tb.dut.stub.u_i_res_sink.u_i16'
  272 |    sl_hi = ((left[8]+left[9]) + (left[10]+left[11]))
      |                                          ^
%Warning-WIDTHEXPAND: /home/flynnsbit/Projects/MisterPlex/.worktrees/rtl-real-ref-measure/fpga/Plex_MiSTer/rtl/h264_intra_pred.sv:272:42: Operator ADD expects 32 bits on the RHS, but RHS's ARRAYSEL generates 8 bits.
                                                                                                                                        : ... note: In instance 'stream_path_full_frame_tb.dut.stub.u_i_res_sink.u_i16'
  272 |    sl_hi = ((left[8]+left[9]) + (left[10]+left[11]))
      |                                          ^
%Warning-WIDTHEXPAND: /home/flynnsbit/Projects/MisterPlex/.worktrees/rtl-real-ref-measure/fpga/Plex_MiSTer/rtl/h264_intra_pred.sv:273:22: Operator ADD expects 32 bits on the LHS, but LHS's ARRAYSEL generates 8 bits.
                                                                                                                                        : ... note: In instance 'stream_path_full_frame_tb.dut.stub.u_i_res_sink.u_i16'
  273 |          + ((left[12]+left[13]) + (left[14]+left[15]));
      |                      ^
%Warning-WIDTHEXPAND: /home/flynnsbit/Projects/MisterPlex/.worktrees/rtl-real-ref-measure/fpga/Plex_MiSTer/rtl/h264_intra_pred.sv:273:22: Operator ADD expects 32 bits on the RHS, but RHS's ARRAYSEL generates 8 bits.
                                                                                                                                        : ... note: In instance 'stream_path_full_frame_tb.dut.stub.u_i_res_sink.u_i16'
  273 |          + ((left[12]+left[13]) + (left[14]+left[15]));
      |                      ^
%Warning-WIDTHEXPAND: /home/flynnsbit/Projects/MisterPlex/.worktrees/rtl-real-ref-measure/fpga/Plex_MiSTer/rtl/h264_intra_pred.sv:273:44: Operator ADD expects 32 bits on the LHS, but LHS's ARRAYSEL generates 8 bits.
                                                                                                                                        : ... note: In instance 'stream_path_full_frame_tb.dut.stub.u_i_res_sink.u_i16'
  273 |          + ((left[12]+left[13]) + (left[14]+left[15]));
      |                                            ^
%Warning-WIDTHEXPAND: /home/flynnsbit/Projects/MisterPlex/.worktrees/rtl-real-ref-measure/fpga/Plex_MiSTer/rtl/h264_intra_pred.sv:273:44: Operator ADD expects 32 bits on the RHS, but RHS's ARRAYSEL generates 8 bits.
                                                                                                                                        : ... note: In instance 'stream_path_full_frame_tb.dut.stub.u_i_res_sink.u_i16'
  273 |          + ((left[12]+left[13]) + (left[14]+left[15]));
      |                                            ^
%Warning-WIDTHTRUNC: /home/flynnsbit/Projects/MisterPlex/.worktrees/rtl-real-ref-measure/fpga/Plex_MiSTer/rtl/h264_intra_pred.sv:278:36: Operator ASSIGNDLY expects 8 bits on the Assign RHS, but Assign RHS's SHIFTRS generates 32 bits.
                                                                                                                                       : ... note: In instance 'stream_path_full_frame_tb.dut.stub.u_i_res_sink.u_i16'
  278 |    if (has_above && has_left) dc_r <= (sum + 16) >>> 5;
      |                                    ^~
                     ... For warning description see https://verilator.org/warn/WIDTHTRUNC?v=5.051
                     ... Use "/* verilator lint_off WIDTHTRUNC */" and lint_on around source to disable this message.
%Warning-WIDTHTRUNC: /home/flynnsbit/Projects/MisterPlex/.worktrees/rtl-real-ref-measure/fpga/Plex_MiSTer/rtl/h264_intra_pred.sv:279:41: Operator ASSIGNDLY expects 8 bits on the Assign RHS, but Assign RHS's SHIFTRS generates 32 bits.
                                                                                                                                       : ... note: In instance 'stream_path_full_frame_tb.dut.stub.u_i_res_sink.u_i16'
  279 |    else if (has_above || has_left) dc_r <= (sum + 8) >>> 4;
      |                                         ^~
%Warning-WIDTHEXPAND: /home/flynnsbit/Projects/MisterPlex/.worktrees/rtl-real-ref-measure/fpga/Plex_MiSTer/rtl/h264_intra_pred.sv:285:43: Operator SUB expects 32 bits on the LHS, but LHS's SIGNED generates 9 bits.
                                                                                                                                        : ... note: In instance 'stream_path_full_frame_tb.dut.stub.u_i_res_sink.u_i16'
  285 |     diff = $signed({1'b0, above[8 + gi]}) -
      |                                           ^
%Warning-WIDTHEXPAND: /home/flynnsbit/Projects/MisterPlex/.worktrees/rtl-real-ref-measure/fpga/Plex_MiSTer/rtl/h264_intra_pred.sv:286:17: Operator COND expects 32 bits on the Conditional True, but Conditional True's SIGNED generates 9 bits.
                                                                                                                                        : ... note: In instance 'stream_path_full_frame_tb.dut.stub.u_i_res_sink.u_i16'
  286 |      ((gi == 7) ? $signed({1'b0, top_left}) : $signed({1'b0, above[6 - gi]}));
      |                 ^
%Warning-WIDTHEXPAND: /home/flynnsbit/Projects/MisterPlex/.worktrees/rtl-real-ref-measure/fpga/Plex_MiSTer/rtl/h264_intra_pred.sv:286:17: Operator COND expects 32 bits on the Conditional False, but Conditional False's SIGNED generates 9 bits.
                                                                                                                                        : ... note: In instance 'stream_path_full_frame_tb.dut.stub.u_i_res_sink.u_i16'
  286 |      ((gi == 7) ? $signed({1'b0, top_left}) : $signed({1'b0, above[6 - gi]}));
      |                 ^
%Warning-WIDTHEXPAND: /home/flynnsbit/Projects/MisterPlex/.worktrees/rtl-real-ref-measure/fpga/Plex_MiSTer/rtl/h264_intra_pred.sv:288:42: Operator SUB expects 32 bits on the LHS, but LHS's SIGNED generates 9 bits.
                                                                                                                                        : ... note: In instance 'stream_path_full_frame_tb.dut.stub.u_i_res_sink.u_i16'
  288 |     diff = $signed({1'b0, left[8 + gi]}) -
      |                                          ^
%Warning-WIDTHEXPAND: /home/flynnsbit/Projects/MisterPlex/.worktrees/rtl-real-ref-measure/fpga/Plex_MiSTer/rtl/h264_intra_pred.sv:289:17: Operator COND expects 32 bits on the Conditional True, but Conditional True's SIGNED generates 9 bits.
                                                                                                                                        : ... note: In instance 'stream_path_full_frame_tb.dut.stub.u_i_res_sink.u_i16'
  289 |      ((gi == 7) ? $signed({1'b0, top_left}) : $signed({1'b0, left[6 - gi]}));
      |                 ^
%Warning-WIDTHEXPAND: /home/flynnsbit/Projects/MisterPlex/.worktrees/rtl-real-ref-measure/fpga/Plex_MiSTer/rtl/h264_intra_pred.sv:289:17: Operator COND expects 32 bits on the Conditional False, but Conditional False's SIGNED generates 9 bits.
                                                                                                                                        : ... note: In instance 'stream_path_full_frame_tb.dut.stub.u_i_res_sink.u_i16'
  289 |      ((gi == 7) ? $signed({1'b0, top_left}) : $signed({1'b0, left[6 - gi]}));
      |                 ^
%Warning-WIDTHEXPAND: /home/flynnsbit/Projects/MisterPlex/.worktrees/rtl-real-ref-measure/fpga/Plex_MiSTer/rtl/h264_intra_pred.sv:293:38: Operator ADD expects 32 bits on the LHS, but LHS's SIGNED generates 9 bits.
                                                                                                                                        : ... note: In instance 'stream_path_full_frame_tb.dut.stub.u_i_res_sink.u_i16'
  293 |    a_c = ($signed({1'b0, above[15]}) + $signed({1'b0, left[15]})) <<< 4;
      |                                      ^
%Warning-WIDTHEXPAND: /home/flynnsbit/Projects/MisterPlex/.worktrees/rtl-real-ref-measure/fpga/Plex_MiSTer/rtl/h264_intra_pred.sv:293:38: Operator ADD expects 32 bits on the RHS, but RHS's SIGNED generates 9 bits.
                                                                                                                                        : ... note: In instance 'stream_path_full_frame_tb.dut.stub.u_i_res_sink.u_i16'
  293 |    a_c = ($signed({1'b0, above[15]}) + $signed({1'b0, left[15]})) <<< 4;
      |                                      ^
%Warning-WIDTHEXPAND: /home/flynnsbit/Projects/MisterPlex/.worktrees/rtl-real-ref-measure/fpga/Plex_MiSTer/rtl/h264_intra_pred.sv:305:7: Operator ASSIGN expects 32 bits on the Assign RHS, but Assign RHS's SEL generates 4 bits.
                                                                                                                                       : ... note: In instance 'stream_path_full_frame_tb.dut.stub.u_i_res_sink.u_i16'
  305 |     x = k[3:0];
      |       ^
%Warning-WIDTHEXPAND: /home/flynnsbit/Projects/MisterPlex/.worktrees/rtl-real-ref-measure/fpga/Plex_MiSTer/rtl/h264_intra_pred.sv:306:7: Operator ASSIGN expects 32 bits on the Assign RHS, but Assign RHS's SEL generates 4 bits.
                                                                                                                                       : ... note: In instance 'stream_path_full_frame_tb.dut.stub.u_i_res_sink.u_i16'
  306 |     y = k[7:4];
      |       ^
%Warning-WIDTHEXPAND: /home/flynnsbit/Projects/MisterPlex/.worktrees/rtl-real-ref-measure/fpga/Plex_MiSTer/rtl/h264_intra_pred.sv:51:6: Operator ASSIGN expects 32 bits on the Assign RHS, but Assign RHS's ARRAYSEL generates 8 bits.
                                                                                                                                      : ... note: In instance 'stream_path_full_frame_tb.dut.stub.u_i_res_sink.u_i4'
   51 |   t0 = above[0]; t1 = above[1]; t2 = above[2]; t3 = above[3];
      |      ^
%Warning-WIDTHEXPAND: /home/flynnsbit/Projects/MisterPlex/.worktrees/rtl-real-ref-measure/fpga/Plex_MiSTer/rtl/h264_intra_pred.sv:51:21: Operator ASSIGN expects 32 bits on the Assign RHS, but Assign RHS's ARRAYSEL generates 8 bits.
                                                                                                                                       : ... note: In instance 'stream_path_full_frame_tb.dut.stub.u_i_res_sink.u_i4'
   51 |   t0 = above[0]; t1 = above[1]; t2 = above[2]; t3 = above[3];
      |                     ^
%Warning-WIDTHEXPAND: /home/flynnsbit/Projects/MisterPlex/.worktrees/rtl-real-ref-measure/fpga/Plex_MiSTer/rtl/h264_intra_pred.sv:51:36: Operator ASSIGN expects 32 bits on the Assign RHS, but Assign RHS's ARRAYSEL generates 8 bits.
                                                                                                                                       : ... note: In instance 'stream_path_full_frame_tb.dut.stub.u_i_res_sink.u_i4'
   51 |   t0 = above[0]; t1 = above[1]; t2 = above[2]; t3 = above[3];
      |                                    ^
%Warning-WIDTHEXPAND: /home/flynnsbit/Projects/MisterPlex/.worktrees/rtl-real-ref-measure/fpga/Plex_MiSTer/rtl/h264_intra_pred.sv:51:51: Operator ASSIGN expects 32 bits on the Assign RHS, but Assign RHS's ARRAYSEL generates 8 bits.
                                                                                                                                       : ... note: In instance 'stream_path_full_frame_tb.dut.stub.u_i_res_sink.u_i4'
   51 |   t0 = above[0]; t1 = above[1]; t2 = above[2]; t3 = above[3];
      |                                                   ^
%Warning-WIDTHEXPAND: /home/flynnsbit/Projects/MisterPlex/.worktrees/rtl-real-ref-measure/fpga/Plex_MiSTer/rtl/h264_intra_pred.sv:52:6: Operator ASSIGN expects 32 bits on the Assign RHS, but Assign RHS's ARRAYSEL generates 8 bits.
                                                                                                                                      : ... note: In instance 'stream_path_full_frame_tb.dut.stub.u_i_res_sink.u_i4'
   52 |   t4 = above[4]; t5 = above[5]; t6 = above[6]; t7 = above[7];
      |      ^
%Warning-WIDTHEXPAND: /home/flynnsbit/Projects/MisterPlex/.worktrees/rtl-real-ref-measure/fpga/Plex_MiSTer/rtl/h264_intra_pred.sv:52:21: Operator ASSIGN expects 32 bits on the Assign RHS, but Assign RHS's ARRAYSEL generates 8 bits.
                                                                                                                                       : ... note: In instance 'stream_path_full_frame_tb.dut.stub.u_i_res_sink.u_i4'
   52 |   t4 = above[4]; t5 = above[5]; t6 = above[6]; t7 = above[7];
      |                     ^
%Warning-WIDTHEXPAND: /home/flynnsbit/Projects/MisterPlex/.worktrees/rtl-real-ref-measure/fpga/Plex_MiSTer/rtl/h264_intra_pred.sv:52:36: Operator ASSIGN expects 32 bits on the Assign RHS, but Assign RHS's ARRAYSEL generates 8 bits.
                                                                                                                                       : ... note: In instance 'stream_path_full_frame_tb.dut.stub.u_i_res_sink.u_i4'
   52 |   t4 = above[4]; t5 = above[5]; t6 = above[6]; t7 = above[7];
      |                                    ^
%Warning-WIDTHEXPAND: /home/flynnsbit/Projects/MisterPlex/.worktrees/rtl-real-ref-measure/fpga/Plex_MiSTer/rtl/h264_intra_pred.sv:52:51: Operator ASSIGN expects 32 bits on the Assign RHS, but Assign RHS's ARRAYSEL generates 8 bits.
                                                                                                                                       : ... note: In instance 'stream_path_full_frame_tb.dut.stub.u_i_res_sink.u_i4'
   52 |   t4 = above[4]; t5 = above[5]; t6 = above[6]; t7 = above[7];
      |                                                   ^
%Warning-WIDTHEXPAND: /home/flynnsbit/Projects/MisterPlex/.worktrees/rtl-real-ref-measure/fpga/Plex_MiSTer/rtl/h264_intra_pred.sv:53:6: Operator ASSIGN expects 32 bits on the Assign RHS, but Assign RHS's ARRAYSEL generates 8 bits.
                                                                                                                                      : ... note: In instance 'stream_path_full_frame_tb.dut.stub.u_i_res_sink.u_i4'
   53 |   l0 = left[0];  l1 = left[1];  l2 = left[2];  l3 = left[3];
      |      ^
%Warning-WIDTHEXPAND: /home/flynnsbit/Projects/MisterPlex/.worktrees/rtl-real-ref-measure/fpga/Plex_MiSTer/rtl/h264_intra_pred.sv:53:21: Operator ASSIGN expects 32 bits on the Assign RHS, but Assign RHS's ARRAYSEL generates 8 bits.
                                                                                                                                       : ... note: In instance 'stream_path_full_frame_tb.dut.stub.u_i_res_sink.u_i4'
   53 |   l0 = left[0];  l1 = left[1];  l2 = left[2];  l3 = left[3];
      |                     ^
%Warning-WIDTHEXPAND: /home/flynnsbit/Projects/MisterPlex/.worktrees/rtl-real-ref-measure/fpga/Plex_MiSTer/rtl/h264_intra_pred.sv:53:36: Operator ASSIGN expects 32 bits on the Assign RHS, but Assign RHS's ARRAYSEL generates 8 bits.
                                                                                                                                       : ... note: In instance 'stream_path_full_frame_tb.dut.stub.u_i_res_sink.u_i4'
   53 |   l0 = left[0];  l1 = left[1];  l2 = left[2];  l3 = left[3];
      |                                    ^
%Warning-WIDTHEXPAND: /home/flynnsbit/Projects/MisterPlex/.worktrees/rtl-real-ref-measure/fpga/Plex_MiSTer/rtl/h264_intra_pred.sv:53:51: Operator ASSIGN expects 32 bits on the Assign RHS, but Assign RHS's ARRAYSEL generates 8 bits.
                                                                                                                                       : ... note: In instance 'stream_path_full_frame_tb.dut.stub.u_i_res_sink.u_i4'
   53 |   l0 = left[0];  l1 = left[1];  l2 = left[2];  l3 = left[3];
      |                                                   ^
%Warning-WIDTHEXPAND: /home/flynnsbit/Projects/MisterPlex/.worktrees/rtl-real-ref-measure/fpga/Plex_MiSTer/rtl/h264_intra_pred.sv:66:52: Operator ADD expects 32 bits on the RHS, but RHS's CONST '10'h4' generates 10 bits.
                                                                                                                                       : ... note: In instance 'stream_path_full_frame_tb.dut.stub.u_i_res_sink.u_i4'
   66 |     dc_sum = t0 + t1 + t2 + t3 + l0 + l1 + l2 + l3 + 10'd4;
      |                                                    ^
%Warning-WIDTHTRUNC: /home/flynnsbit/Projects/MisterPlex/.worktrees/rtl-real-ref-measure/fpga/Plex_MiSTer/rtl/h264_intra_pred.sv:67:10: Operator ASSIGN expects 8 bits on the Assign RHS, but Assign RHS's SHIFTRS generates 32 bits.
                                                                                                                                      : ... note: In instance 'stream_path_full_frame_tb.dut.stub.u_i_res_sink.u_i4'
   67 |     dc_v = dc_sum >>> 3;
      |          ^
%Warning-WIDTHEXPAND: /home/flynnsbit/Projects/MisterPlex/.worktrees/rtl-real-ref-measure/fpga/Plex_MiSTer/rtl/h264_intra_pred.sv:69:32: Operator ADD expects 32 bits on the RHS, but RHS's CONST '10'h2' generates 10 bits.
                                                                                                                                       : ... note: In instance 'stream_path_full_frame_tb.dut.stub.u_i_res_sink.u_i4'
   69 |     dc_sum = t0 + t1 + t2 + t3 + 10'd2;
      |                                ^
%Warning-WIDTHTRUNC: /home/flynnsbit/Projects/MisterPlex/.worktrees/rtl-real-ref-measure/fpga/Plex_MiSTer/rtl/h264_intra_pred.sv:70:10: Operator ASSIGN expects 8 bits on the Assign RHS, but Assign RHS's SHIFTRS generates 32 bits.
                                                                                                                                      : ... note: In instance 'stream_path_full_frame_tb.dut.stub.u_i_res_sink.u_i4'
   70 |     dc_v = dc_sum >>> 2;
      |          ^
%Warning-WIDTHEXPAND: /home/flynnsbit/Projects/MisterPlex/.worktrees/rtl-real-ref-measure/fpga/Plex_MiSTer/rtl/h264_intra_pred.sv:72:32: Operator ADD expects 32 bits on the RHS, but RHS's CONST '10'h2' generates 10 bits.
                                                                                                                                       : ... note: In instance 'stream_path_full_frame_tb.dut.stub.u_i_res_sink.u_i4'
   72 |     dc_sum = l0 + l1 + l2 + l3 + 10'd2;
      |                                ^
%Warning-WIDTHTRUNC: /home/flynnsbit/Projects/MisterPlex/.worktrees/rtl-real-ref-measure/fpga/Plex_MiSTer/rtl/h264_intra_pred.sv:73:10: Operator ASSIGN expects 8 bits on the Assign RHS, but Assign RHS's SHIFTRS generates 32 bits.
                                                                                                                                      : ... note: In instance 'stream_path_full_frame_tb.dut.stub.u_i_res_sink.u_i4'
   73 |     dc_v = dc_sum >>> 2;
      |          ^
%Warning-WIDTHEXPAND: /home/flynnsbit/Projects/MisterPlex/.worktrees/rtl-real-ref-measure/fpga/Plex_MiSTer/rtl/h264_intra_pred.sv:91:27: Operator ADD expects 32 bits on the RHS, but RHS's VARREF 'top_left' generates 8 bits.
                                                                                                                                       : ... note: In instance 'stream_path_full_frame_tb.dut.stub.u_i_res_sink.u_i4'
   91 |    put(0, 1, (l1 + 2 * l0 + top_left + 2) >>> 2); put(1, 2, (l1 + 2 * l0 + top_left + 2) >>> 2); put(2, 3, (l1 + 2 * l0 + top_left + 2) >>> 2);
      |                           ^
%Warning-WIDTHEXPAND: /home/flynnsbit/Projects/MisterPlex/.worktrees/rtl-real-ref-measure/fpga/Plex_MiSTer/rtl/h264_intra_pred.sv:91:74: Operator ADD expects 32 bits on the RHS, but RHS's VARREF 'top_left' generates 8 bits.
                                                                                                                                       : ... note: In instance 'stream_path_full_frame_tb.dut.stub.u_i_res_sink.u_i4'
   91 |    put(0, 1, (l1 + 2 * l0 + top_left + 2) >>> 2); put(1, 2, (l1 + 2 * l0 + top_left + 2) >>> 2); put(2, 3, (l1 + 2 * l0 + top_left + 2) >>> 2);
      |                                                                          ^
%Warning-WIDTHEXPAND: /home/flynnsbit/Projects/MisterPlex/.worktrees/rtl-real-ref-measure/fpga/Plex_MiSTer/rtl/h264_intra_pred.sv:91:121: Operator ADD expects 32 bits on the RHS, but RHS's VARREF 'top_left' generates 8 bits.
                                                                                                                                        : ... note: In instance 'stream_path_full_frame_tb.dut.stub.u_i_res_sink.u_i4'
   91 |    put(0, 1, (l1 + 2 * l0 + top_left + 2) >>> 2); put(1, 2, (l1 + 2 * l0 + top_left + 2) >>> 2); put(2, 3, (l1 + 2 * l0 + top_left + 2) >>> 2);
      |                                                                                                                         ^
%Warning-WIDTHEXPAND: /home/flynnsbit/Projects/MisterPlex/.worktrees/rtl-real-ref-measure/fpga/Plex_MiSTer/rtl/h264_intra_pred.sv:93:24: Operator ADD expects 32 bits on the LHS, but LHS's VARREF 'top_left' generates 8 bits.
                                                                                                                                       : ... note: In instance 'stream_path_full_frame_tb.dut.stub.u_i_res_sink.u_i4'
   93 |    put(1, 0, (top_left + 2 * t0 + t1 + 2) >>> 2); put(2, 1, (top_left + 2 * t0 + t1 + 2) >>> 2); put(3, 2, (top_left + 2 * t0 + t1 + 2) >>> 2);
      |                        ^
%Warning-WIDTHEXPAND: /home/flynnsbit/Projects/MisterPlex/.worktrees/rtl-real-ref-measure/fpga/Plex_MiSTer/rtl/h264_intra_pred.sv:93:71: Operator ADD expects 32 bits on the LHS, but LHS's VARREF 'top_left' generates 8 bits.
                                                                                                                                       : ... note: In instance 'stream_path_full_frame_tb.dut.stub.u_i_res_sink.u_i4'
   93 |    put(1, 0, (top_left + 2 * t0 + t1 + 2) >>> 2); put(2, 1, (top_left + 2 * t0 + t1 + 2) >>> 2); put(3, 2, (top_left + 2 * t0 + t1 + 2) >>> 2);
      |                                                                       ^
%Warning-WIDTHEXPAND: /home/flynnsbit/Projects/MisterPlex/.worktrees/rtl-real-ref-measure/fpga/Plex_MiSTer/rtl/h264_intra_pred.sv:93:118: Operator ADD expects 32 bits on the LHS, but LHS's VARREF 'top_left' generates 8 bits.
                                                                                                                                        : ... note: In instance 'stream_path_full_frame_tb.dut.stub.u_i_res_sink.u_i4'
   93 |    put(1, 0, (top_left + 2 * t0 + t1 + 2) >>> 2); put(2, 1, (top_left + 2 * t0 + t1 + 2) >>> 2); put(3, 2, (top_left + 2 * t0 + t1 + 2) >>> 2);
      |                                                                                                                      ^
%Warning-WIDTHEXPAND: /home/flynnsbit/Projects/MisterPlex/.worktrees/rtl-real-ref-measure/fpga/Plex_MiSTer/rtl/h264_intra_pred.sv:98:24: Operator ADD expects 32 bits on the LHS, but LHS's VARREF 'top_left' generates 8 bits.
                                                                                                                                       : ... note: In instance 'stream_path_full_frame_tb.dut.stub.u_i_res_sink.u_i4'
   98 |    put(0, 0, (top_left + t0 + 1) >>> 1); put(1, 2, (top_left + t0 + 1) >>> 1);
      |                        ^
%Warning-WIDTHEXPAND: /home/flynnsbit/Projects/MisterPlex/.worktrees/rtl-real-ref-measure/fpga/Plex_MiSTer/rtl/h264_intra_pred.sv:98:62: Operator ADD expects 32 bits on the LHS, but LHS's VARREF 'top_left' generates 8 bits.
                                                                                                                                       : ... note: In instance 'stream_path_full_frame_tb.dut.stub.u_i_res_sink.u_i4'
   98 |    put(0, 0, (top_left + t0 + 1) >>> 1); put(1, 2, (top_left + t0 + 1) >>> 1);
      |                                                              ^
%Warning-WIDTHEXPAND: /home/flynnsbit/Projects/MisterPlex/.worktrees/rtl-real-ref-measure/fpga/Plex_MiSTer/rtl/h264_intra_pred.sv:103:24: Operator ADD expects 32 bits on the LHS, but LHS's VARREF 'top_left' generates 8 bits.
                                                                                                                                        : ... note: In instance 'stream_path_full_frame_tb.dut.stub.u_i_res_sink.u_i4'
  103 |    put(1, 1, (top_left + 2 * t0 + t1 + 2) >>> 2); put(2, 3, (top_left + 2 * t0 + t1 + 2) >>> 2);
      |                        ^
%Warning-WIDTHEXPAND: /home/flynnsbit/Projects/MisterPlex/.worktrees/rtl-real-ref-measure/fpga/Plex_MiSTer/rtl/h264_intra_pred.sv:103:71: Operator ADD expects 32 bits on the LHS, but LHS's VARREF 'top_left' generates 8 bits.
                                                                                                                                        : ... note: In instance 'stream_path_full_frame_tb.dut.stub.u_i_res_sink.u_i4'
  103 |    put(1, 1, (top_left + 2 * t0 + t1 + 2) >>> 2); put(2, 3, (top_left + 2 * t0 + t1 + 2) >>> 2);
      |                                                                       ^
%Warning-WIDTHEXPAND: /home/flynnsbit/Projects/MisterPlex/.worktrees/rtl-real-ref-measure/fpga/Plex_MiSTer/rtl/h264_intra_pred.sv:106:24: Operator ADD expects 32 bits on the LHS, but LHS's VARREF 'top_left' generates 8 bits.
                                                                                                                                        : ... note: In instance 'stream_path_full_frame_tb.dut.stub.u_i_res_sink.u_i4'
  106 |    put(0, 2, (top_left + 2 * l0 + l1 + 2) >>> 2); put(0, 3, (l0 + 2 * l1 + l2 + 2) >>> 2);
      |                        ^
%Warning-WIDTHEXPAND: /home/flynnsbit/Projects/MisterPlex/.worktrees/rtl-real-ref-measure/fpga/Plex_MiSTer/rtl/h264_intra_pred.sv:109:24: Operator ADD expects 32 bits on the LHS, but LHS's VARREF 'top_left' generates 8 bits.
                                                                                                                                        : ... note: In instance 'stream_path_full_frame_tb.dut.stub.u_i_res_sink.u_i4'
  109 |    put(0, 0, (top_left + l0 + 1) >>> 1); put(2, 1, (top_left + l0 + 1) >>> 1);
      |                        ^
%Warning-WIDTHEXPAND: /home/flynnsbit/Projects/MisterPlex/.worktrees/rtl-real-ref-measure/fpga/Plex_MiSTer/rtl/h264_intra_pred.sv:109:62: Operator ADD expects 32 bits on the LHS, but LHS's VARREF 'top_left' generates 8 bits.
                                                                                                                                        : ... note: In instance 'stream_path_full_frame_tb.dut.stub.u_i_res_sink.u_i4'
  109 |    put(0, 0, (top_left + l0 + 1) >>> 1); put(2, 1, (top_left + l0 + 1) >>> 1);
      |                                                              ^
%Warning-WIDTHEXPAND: /home/flynnsbit/Projects/MisterPlex/.worktrees/rtl-real-ref-measure/fpga/Plex_MiSTer/rtl/h264_intra_pred.sv:111:24: Operator ADD expects 32 bits on the LHS, but LHS's VARREF 'top_left' generates 8 bits.
                                                                                                                                        : ... note: In instance 'stream_path_full_frame_tb.dut.stub.u_i_res_sink.u_i4'
  111 |    put(2, 0, (top_left + 2 * t0 + t1 + 2) >>> 2); put(3, 0, (t0 + 2 * t1 + t2 + 2) >>> 2);
      |                        ^
%Warning-WIDTHEXPAND: /home/flynnsbit/Projects/MisterPlex/.worktrees/rtl-real-ref-measure/fpga/Plex_MiSTer/rtl/h264_intra_pred.sv:113:24: Operator ADD expects 32 bits on the LHS, but LHS's VARREF 'top_left' generates 8 bits.
                                                                                                                                        : ... note: In instance 'stream_path_full_frame_tb.dut.stub.u_i_res_sink.u_i4'
  113 |    put(1, 1, (top_left + 2 * l0 + l1 + 2) >>> 2); put(3, 2, (top_left + 2 * l0 + l1 + 2) >>> 2);
      |                        ^
%Warning-WIDTHEXPAND: /home/flynnsbit/Projects/MisterPlex/.worktrees/rtl-real-ref-measure/fpga/Plex_MiSTer/rtl/h264_intra_pred.sv:113:71: Operator ADD expects 32 bits on the LHS, but LHS's VARREF 'top_left' generates 8 bits.
                                                                                                                                        : ... note: In instance 'stream_path_full_frame_tb.dut.stub.u_i_res_sink.u_i4'
  113 |    put(1, 1, (top_left + 2 * l0 + l1 + 2) >>> 2); put(3, 2, (top_left + 2 * l0 + l1 + 2) >>> 2);
      |                                                                       ^
%Warning-WIDTHTRUNC: /home/flynnsbit/Projects/MisterPlex/.worktrees/rtl-real-ref-measure/fpga/Plex_MiSTer/rtl/h264_dequant4x4_serial.sv:87:9: Operator ASSIGN expects 3 bits on the Assign RHS, but Assign RHS's MODDIV generates 32 or 6 bits.
                                                                                                                                            : ... note: In instance 'stream_path_full_frame_tb.dut.stub.u_i_res_sink.u_dq'
   87 |    qmod = q % 6;
      |         ^
%Warning-WIDTHTRUNC: /home/flynnsbit/Projects/MisterPlex/.worktrees/rtl-real-ref-measure/fpga/Plex_MiSTer/rtl/h264_dequant4x4_serial.sv:88:9: Operator ASSIGN expects 4 bits on the Assign RHS, but Assign RHS's DIV generates 32 or 6 bits.
                                                                                                                                            : ... note: In instance 'stream_path_full_frame_tb.dut.stub.u_i_res_sink.u_dq'
   88 |    qdiv = q / 6;
      |         ^
%Warning-WIDTHEXPAND: /home/flynnsbit/Projects/MisterPlex/.worktrees/rtl-real-ref-measure/fpga/Plex_MiSTer/rtl/h264_i16_dc_hadamard_serial.sv:65:7: Operator ASSIGN expects 32 bits on the Assign RHS, but Assign RHS's FUNCREF 'zz' generates 4 bits.
                                                                                                                                                  : ... note: In instance 'stream_path_full_frame_tb.dut.stub.u_i_res_sink.u_had'
   65 |    zi = zz(i[3:0]);
      |       ^
%Warning-WIDTHEXPAND: /home/flynnsbit/Projects/MisterPlex/.worktrees/rtl-real-ref-measure/fpga/Plex_MiSTer/rtl/h264_i16_dc_hadamard_serial.sv:66:7: Operator ASSIGN expects 32 bits on the Assign RHS, but Assign RHS's FUNCREF 'transpose4' generates 4 bits.
                                                                                                                                                  : ... note: In instance 'stream_path_full_frame_tb.dut.stub.u_i_res_sink.u_had'
   66 |    tr = transpose4(zi[3:0]);
      |       ^
%Warning-WIDTHEXPAND: /home/flynnsbit/Projects/MisterPlex/.worktrees/rtl-real-ref-measure/fpga/Plex_MiSTer/rtl/h264_i16_dc_hadamard_serial.sv:67:17: Operator ASSIGN expects 32 bits on the Assign RHS, but Assign RHS's ARRAYSEL generates 16 bits.
                                                                                                                                                   : ... note: In instance 'stream_path_full_frame_tb.dut.stub.u_i_res_sink.u_had'
   67 |    input_cm[tr] = c_r[i];
      |                 ^
%Warning-WIDTHTRUNC: /home/flynnsbit/Projects/MisterPlex/.worktrees/rtl-real-ref-measure/fpga/Plex_MiSTer/rtl/h264_i16_dc_hadamard_serial.sv:91:18: Operator ASSIGNW expects 3 bits on the Assign RHS, but Assign RHS's MODDIV generates 32 or 6 bits.
                                                                                                                                                  : ... note: In instance 'stream_path_full_frame_tb.dut.stub.u_i_res_sink.u_had'
   91 |  wire [2:0] qmod = qp_r % 6;
      |                  ^
%Warning-WIDTHTRUNC: /home/flynnsbit/Projects/MisterPlex/.worktrees/rtl-real-ref-measure/fpga/Plex_MiSTer/rtl/h264_i16_dc_hadamard_serial.sv:92:18: Operator ASSIGNW expects 4 bits on the Assign RHS, but Assign RHS's DIV generates 32 or 6 bits.
                                                                                                                                                  : ... note: In instance 'stream_path_full_frame_tb.dut.stub.u_i_res_sink.u_had'
   92 |  wire [3:0] qdiv = qp_r / 6;
      |                  ^
%Warning-WIDTHTRUNC: /home/flynnsbit/Projects/MisterPlex/.worktrees/rtl-real-ref-measure/fpga/Plex_MiSTer/rtl/h264_i16_dc_hadamard_serial.sv:96:29: Operator ASSIGNW expects 32 bits on the Assign RHS, but Assign RHS's SHIFTRS generates 64 bits.
                                                                                                                                                  : ... note: In instance 'stream_path_full_frame_tb.dut.stub.u_i_res_sink.u_had'
   96 |  wire signed [31:0] dc_lane = (scaled_full + 64'sd128) >>> 8;
      |                             ^
%Warning-WIDTHEXPAND: /home/flynnsbit/Projects/MisterPlex/.worktrees/rtl-real-ref-measure/fpga/Plex_MiSTer/rtl/h264_iq_idct_4x4.sv:231:53: Operator ADD expects 30 bits on the LHS, but LHS's SIGNED generates 9 bits.
                                                                                                                                         : ... note: In instance 'stream_path_full_frame_tb.dut.stub.u_i_res_sink.u_recon'
  231 |  assign recon[0]  = clip8($signed({1'b0, pred[0]})  + residual[0]);
      |                                                     ^
%Warning-WIDTHEXPAND: /home/flynnsbit/Projects/MisterPlex/.worktrees/rtl-real-ref-measure/fpga/Plex_MiSTer/rtl/h264_iq_idct_4x4.sv:232:53: Operator ADD expects 30 bits on the LHS, but LHS's SIGNED generates 9 bits.
                                                                                                                                         : ... note: In instance 'stream_path_full_frame_tb.dut.stub.u_i_res_sink.u_recon'
  232 |  assign recon[1]  = clip8($signed({1'b0, pred[1]})  + residual[1]);
      |                                                     ^
%Warning-WIDTHEXPAND: /home/flynnsbit/Projects/MisterPlex/.worktrees/rtl-real-ref-measure/fpga/Plex_MiSTer/rtl/h264_iq_idct_4x4.sv:233:53: Operator ADD expects 30 bits on the LHS, but LHS's SIGNED generates 9 bits.
                                                                                                                                         : ... note: In instance 'stream_path_full_frame_tb.dut.stub.u_i_res_sink.u_recon'
  233 |  assign recon[2]  = clip8($signed({1'b0, pred[2]})  + residual[2]);
      |                                                     ^
%Warning-WIDTHEXPAND: /home/flynnsbit/Projects/MisterPlex/.worktrees/rtl-real-ref-measure/fpga/Plex_MiSTer/rtl/h264_iq_idct_4x4.sv:234:53: Operator ADD expects 30 bits on the LHS, but LHS's SIGNED generates 9 bits.
                                                                                                                                         : ... note: In instance 'stream_path_full_frame_tb.dut.stub.u_i_res_sink.u_recon'
  234 |  assign recon[3]  = clip8($signed({1'b0, pred[3]})  + residual[3]);
      |                                                     ^
%Warning-WIDTHEXPAND: /home/flynnsbit/Projects/MisterPlex/.worktrees/rtl-real-ref-measure/fpga/Plex_MiSTer/rtl/h264_iq_idct_4x4.sv:235:53: Operator ADD expects 30 bits on the LHS, but LHS's SIGNED generates 9 bits.
                                                                                                                                         : ... note: In instance 'stream_path_full_frame_tb.dut.stub.u_i_res_sink.u_recon'
  235 |  assign recon[4]  = clip8($signed({1'b0, pred[4]})  + residual[4]);
      |                                                     ^
%Warning-WIDTHEXPAND: /home/flynnsbit/Projects/MisterPlex/.worktrees/rtl-real-ref-measure/fpga/Plex_MiSTer/rtl/h264_iq_idct_4x4.sv:236:53: Operator ADD expects 30 bits on the LHS, but LHS's SIGNED generates 9 bits.
                                                                                                                                         : ... note: In instance 'stream_path_full_frame_tb.dut.stub.u_i_res_sink.u_recon'
  236 |  assign recon[5]  = clip8($signed({1'b0, pred[5]})  + residual[5]);
      |                                                     ^
%Warning-WIDTHEXPAND: /home/flynnsbit/Projects/MisterPlex/.worktrees/rtl-real-ref-measure/fpga/Plex_MiSTer/rtl/h264_iq_idct_4x4.sv:237:53: Operator ADD expects 30 bits on the LHS, but LHS's SIGNED generates 9 bits.
                                                                                                                                         : ... note: In instance 'stream_path_full_frame_tb.dut.stub.u_i_res_sink.u_recon'
  237 |  assign recon[6]  = clip8($signed({1'b0, pred[6]})  + residual[6]);
      |                                                     ^
%Warning-WIDTHEXPAND: /home/flynnsbit/Projects/MisterPlex/.worktrees/rtl-real-ref-measure/fpga/Plex_MiSTer/rtl/h264_iq_idct_4x4.sv:238:53: Operator ADD expects 30 bits on the LHS, but LHS's SIGNED generates 9 bits.
                                                                                                                                         : ... note: In instance 'stream_path_full_frame_tb.dut.stub.u_i_res_sink.u_recon'
  238 |  assign recon[7]  = clip8($signed({1'b0, pred[7]})  + residual[7]);
      |                                                     ^
%Warning-WIDTHEXPAND: /home/flynnsbit/Projects/MisterPlex/.worktrees/rtl-real-ref-measure/fpga/Plex_MiSTer/rtl/h264_iq_idct_4x4.sv:239:53: Operator ADD expects 30 bits on the LHS, but LHS's SIGNED generates 9 bits.
                                                                                                                                         : ... note: In instance 'stream_path_full_frame_tb.dut.stub.u_i_res_sink.u_recon'
  239 |  assign recon[8]  = clip8($signed({1'b0, pred[8]})  + residual[8]);
      |                                                     ^
%Warning-WIDTHEXPAND: /home/flynnsbit/Projects/MisterPlex/.worktrees/rtl-real-ref-measure/fpga/Plex_MiSTer/rtl/h264_iq_idct_4x4.sv:240:53: Operator ADD expects 30 bits on the LHS, but LHS's SIGNED generates 9 bits.
                                                                                                                                         : ... note: In instance 'stream_path_full_frame_tb.dut.stub.u_i_res_sink.u_recon'
  240 |  assign recon[9]  = clip8($signed({1'b0, pred[9]})  + residual[9]);
      |                                                     ^
%Warning-WIDTHEXPAND: /home/flynnsbit/Projects/MisterPlex/.worktrees/rtl-real-ref-measure/fpga/Plex_MiSTer/rtl/h264_iq_idct_4x4.sv:241:53: Operator ADD expects 30 bits on the LHS, but LHS's SIGNED generates 9 bits.
                                                                                                                                         : ... note: In instance 'stream_path_full_frame_tb.dut.stub.u_i_res_sink.u_recon'
  241 |  assign recon[10] = clip8($signed({1'b0, pred[10]}) + residual[10]);
      |                                                     ^
%Warning-WIDTHEXPAND: /home/flynnsbit/Projects/MisterPlex/.worktrees/rtl-real-ref-measure/fpga/Plex_MiSTer/rtl/h264_iq_idct_4x4.sv:242:53: Operator ADD expects 30 bits on the LHS, but LHS's SIGNED generates 9 bits.
                                                                                                                                         : ... note: In instance 'stream_path_full_frame_tb.dut.stub.u_i_res_sink.u_recon'
  242 |  assign recon[11] = clip8($signed({1'b0, pred[11]}) + residual[11]);
      |                                                     ^
%Warning-WIDTHEXPAND: /home/flynnsbit/Projects/MisterPlex/.worktrees/rtl-real-ref-measure/fpga/Plex_MiSTer/rtl/h264_iq_idct_4x4.sv:243:53: Operator ADD expects 30 bits on the LHS, but LHS's SIGNED generates 9 bits.
                                                                                                                                         : ... note: In instance 'stream_path_full_frame_tb.dut.stub.u_i_res_sink.u_recon'
  243 |  assign recon[12] = clip8($signed({1'b0, pred[12]}) + residual[12]);
      |                                                     ^
%Warning-WIDTHEXPAND: /home/flynnsbit/Projects/MisterPlex/.worktrees/rtl-real-ref-measure/fpga/Plex_MiSTer/rtl/h264_iq_idct_4x4.sv:244:53: Operator ADD expects 30 bits on the LHS, but LHS's SIGNED generates 9 bits.
                                                                                                                                         : ... note: In instance 'stream_path_full_frame_tb.dut.stub.u_i_res_sink.u_recon'
  244 |  assign recon[13] = clip8($signed({1'b0, pred[13]}) + residual[13]);
      |                                                     ^
%Warning-WIDTHEXPAND: /home/flynnsbit/Projects/MisterPlex/.worktrees/rtl-real-ref-measure/fpga/Plex_MiSTer/rtl/h264_iq_idct_4x4.sv:245:53: Operator ADD expects 30 bits on the LHS, but LHS's SIGNED generates 9 bits.
                                                                                                                                         : ... note: In instance 'stream_path_full_frame_tb.dut.stub.u_i_res_sink.u_recon'
  245 |  assign recon[14] = clip8($signed({1'b0, pred[14]}) + residual[14]);
      |                                                     ^
%Warning-WIDTHEXPAND: /home/flynnsbit/Projects/MisterPlex/.worktrees/rtl-real-ref-measure/fpga/Plex_MiSTer/rtl/h264_iq_idct_4x4.sv:246:53: Operator ADD expects 30 bits on the LHS, but LHS's SIGNED generates 9 bits.
                                                                                                                                         : ... note: In instance 'stream_path_full_frame_tb.dut.stub.u_i_res_sink.u_recon'
  246 |  assign recon[15] = clip8($signed({1'b0, pred[15]}) + residual[15]);
      |                                                     ^
%Warning-WIDTHEXPAND: /home/flynnsbit/Projects/MisterPlex/.worktrees/rtl-real-ref-measure/fpga/Plex_MiSTer/rtl/h264_iq_idct_4x4.sv:167:38: Operator ADD expects 32 bits on the LHS, but LHS's ARRAYSEL generates 29 bits.
                                                                                                                                         : ... note: In instance 'stream_path_full_frame_tb.dut.stub.u_i_res_sink.u_idct'
  167 |  wire signed [31:0] b0  = dequant[0] + 29'sd32;
      |                                      ^
%Warning-WIDTHEXPAND: /home/flynnsbit/Projects/MisterPlex/.worktrees/rtl-real-ref-measure/fpga/Plex_MiSTer/rtl/h264_iq_idct_4x4.sv:167:38: Operator ADD expects 32 bits on the RHS, but RHS's CONST '29'sh20' generates 29 bits.
                                                                                                                                         : ... note: In instance 'stream_path_full_frame_tb.dut.stub.u_i_res_sink.u_idct'
  167 |  wire signed [31:0] b0  = dequant[0] + 29'sd32;
      |                                      ^
%Warning-WIDTHEXPAND: /home/flynnsbit/Projects/MisterPlex/.worktrees/rtl-real-ref-measure/fpga/Plex_MiSTer/rtl/h264_iq_idct_4x4.sv:168:25: Operator ASSIGNW expects 32 bits on the Assign RHS, but Assign RHS's ARRAYSEL generates 29 bits.
                                                                                                                                         : ... note: In instance 'stream_path_full_frame_tb.dut.stub.u_i_res_sink.u_idct'
  168 |  wire signed [31:0] b1  = dequant[1];
      |                         ^
%Warning-WIDTHEXPAND: /home/flynnsbit/Projects/MisterPlex/.worktrees/rtl-real-ref-measure/fpga/Plex_MiSTer/rtl/h264_iq_idct_4x4.sv:169:25: Operator ASSIGNW expects 32 bits on the Assign RHS, but Assign RHS's ARRAYSEL generates 29 bits.
                                                                                                                                         : ... note: In instance 'stream_path_full_frame_tb.dut.stub.u_i_res_sink.u_idct'
  169 |  wire signed [31:0] b2  = dequant[2];
      |                         ^
%Warning-WIDTHEXPAND: /home/flynnsbit/Projects/MisterPlex/.worktrees/rtl-real-ref-measure/fpga/Plex_MiSTer/rtl/h264_iq_idct_4x4.sv:170:25: Operator ASSIGNW expects 32 bits on the Assign RHS, but Assign RHS's ARRAYSEL generates 29 bits.
                                                                                                                                         : ... note: In instance 'stream_path_full_frame_tb.dut.stub.u_i_res_sink.u_idct'
  170 |  wire signed [31:0] b3  = dequant[3];
      |                         ^
%Warning-WIDTHEXPAND: /home/flynnsbit/Projects/MisterPlex/.worktrees/rtl-real-ref-measure/fpga/Plex_MiSTer/rtl/h264_iq_idct_4x4.sv:171:25: Operator ASSIGNW expects 32 bits on the Assign RHS, but Assign RHS's ARRAYSEL generates 29 bits.
                                                                                                                                         : ... note: In instance 'stream_path_full_frame_tb.dut.stub.u_i_res_sink.u_idct'
  171 |  wire signed [31:0] b4  = dequant[4];
      |                         ^
%Warning-WIDTHEXPAND: /home/flynnsbit/Projects/MisterPlex/.worktrees/rtl-real-ref-measure/fpga/Plex_MiSTer/rtl/h264_iq_idct_4x4.sv:172:25: Operator ASSIGNW expects 32 bits on the Assign RHS, but Assign RHS's ARRAYSEL generates 29 bits.
                                                                                                                                         : ... note: In instance 'stream_path_full_frame_tb.dut.stub.u_i_res_sink.u_idct'
  172 |  wire signed [31:0] b5  = dequant[5];
      |                         ^
%Warning-WIDTHEXPAND: /home/flynnsbit/Projects/MisterPlex/.worktrees/rtl-real-ref-measure/fpga/Plex_MiSTer/rtl/h264_iq_idct_4x4.sv:173:25: Operator ASSIGNW expects 32 bits on the Assign RHS, but Assign RHS's ARRAYSEL generates 29 bits.
                                                                                                                                         : ... note: In instance 'stream_path_full_frame_tb.dut.stub.u_i_res_sink.u_idct'
  173 |  wire signed [31:0] b6  = dequant[6];
      |                         ^
%Warning-WIDTHEXPAND: /home/flynnsbit/Projects/MisterPlex/.worktrees/rtl-real-ref-measure/fpga/Plex_MiSTer/rtl/h264_iq_idct_4x4.sv:174:25: Operator ASSIGNW expects 32 bits on the Assign RHS, but Assign RHS's ARRAYSEL generates 29 bits.
                                                                                                                                         : ... note: In instance 'stream_path_full_frame_tb.dut.stub.u_i_res_sink.u_idct'
  174 |  wire signed [31:0] b7  = dequant[7];
      |                         ^
%Warning-WIDTHEXPAND: /home/flynnsbit/Projects/MisterPlex/.worktrees/rtl-real-ref-measure/fpga/Plex_MiSTer/rtl/h264_iq_idct_4x4.sv:175:25: Operator ASSIGNW expects 32 bits on the Assign RHS, but Assign RHS's ARRAYSEL generates 29 bits.
                                                                                                                                         : ... note: In instance 'stream_path_full_frame_tb.dut.stub.u_i_res_sink.u_idct'
  175 |  wire signed [31:0] b8  = dequant[8];
      |                         ^
%Warning-WIDTHEXPAND: /home/flynnsbit/Projects/MisterPlex/.worktrees/rtl-real-ref-measure/fpga/Plex_MiSTer/rtl/h264_iq_idct_4x4.sv:176:25: Operator ASSIGNW expects 32 bits on the Assign RHS, but Assign RHS's ARRAYSEL generates 29 bits.
                                                                                                                                         : ... note: In instance 'stream_path_full_frame_tb.dut.stub.u_i_res_sink.u_idct'
  176 |  wire signed [31:0] b9  = dequant[9];
      |                         ^
%Warning-WIDTHEXPAND: /home/flynnsbit/Projects/MisterPlex/.worktrees/rtl-real-ref-measure/fpga/Plex_MiSTer/rtl/h264_iq_idct_4x4.sv:177:25: Operator ASSIGNW expects 32 bits on the Assign RHS, but Assign RHS's ARRAYSEL generates 29 bits.
                                                                                                                                         : ... note: In instance 'stream_path_full_frame_tb.dut.stub.u_i_res_sink.u_idct'
  177 |  wire signed [31:0] b10 = dequant[10];
      |                         ^
%Warning-WIDTHEXPAND: /home/flynnsbit/Projects/MisterPlex/.worktrees/rtl-real-ref-measure/fpga/Plex_MiSTer/rtl/h264_iq_idct_4x4.sv:178:25: Operator ASSIGNW expects 32 bits on the Assign RHS, but Assign RHS's ARRAYSEL generates 29 bits.
                                                                                                                                         : ... note: In instance 'stream_path_full_frame_tb.dut.stub.u_i_res_sink.u_idct'
  178 |  wire signed [31:0] b11 = dequant[11];
      |                         ^
%Warning-WIDTHEXPAND: /home/flynnsbit/Projects/MisterPlex/.worktrees/rtl-real-ref-measure/fpga/Plex_MiSTer/rtl/h264_iq_idct_4x4.sv:179:25: Operator ASSIGNW expects 32 bits on the Assign RHS, but Assign RHS's ARRAYSEL generates 29 bits.
                                                                                                                                         : ... note: In instance 'stream_path_full_frame_tb.dut.stub.u_i_res_sink.u_idct'
  179 |  wire signed [31:0] b12 = dequant[12];
      |                         ^
%Warning-WIDTHEXPAND: /home/flynnsbit/Projects/MisterPlex/.worktrees/rtl-real-ref-measure/fpga/Plex_MiSTer/rtl/h264_iq_idct_4x4.sv:180:25: Operator ASSIGNW expects 32 bits on the Assign RHS, but Assign RHS's ARRAYSEL generates 29 bits.
                                                                                                                                         : ... note: In instance 'stream_path_full_frame_tb.dut.stub.u_i_res_sink.u_idct'
  180 |  wire signed [31:0] b13 = dequant[13];
      |                         ^
%Warning-WIDTHEXPAND: /home/flynnsbit/Projects/MisterPlex/.worktrees/rtl-real-ref-measure/fpga/Plex_MiSTer/rtl/h264_iq_idct_4x4.sv:181:25: Operator ASSIGNW expects 32 bits on the Assign RHS, but Assign RHS's ARRAYSEL generates 29 bits.
                                                                                                                                         : ... note: In instance 'stream_path_full_frame_tb.dut.stub.u_i_res_sink.u_idct'
  181 |  wire signed [31:0] b14 = dequant[14];
      |                         ^
%Warning-WIDTHEXPAND: /home/flynnsbit/Projects/MisterPlex/.worktrees/rtl-real-ref-measure/fpga/Plex_MiSTer/rtl/h264_iq_idct_4x4.sv:182:25: Operator ASSIGNW expects 32 bits on the Assign RHS, but Assign RHS's ARRAYSEL generates 29 bits.
                                                                                                                                         : ... note: In instance 'stream_path_full_frame_tb.dut.stub.u_i_res_sink.u_idct'
  182 |  wire signed [31:0] b15 = dequant[15];
      |                         ^
%Warning-WIDTHEXPAND: /home/flynnsbit/Projects/MisterPlex/.worktrees/rtl-real-ref-measure/fpga/Plex_MiSTer/rtl/h264_i_res_recon_sink.sv:471:33: Operator ADD expects 32 bits on the RHS, but RHS's REPLICATE generates 16 bits.
                                                                                                                                              : ... note: In instance 'stream_path_full_frame_tb.dut.stub.u_i_res_sink'
  471 |      if (({8'd0, cur_mb_x} * 16 + {8'd0, cnt[7:0]}) < 32'(MAX_PIC_W))
      |                                 ^
%Warning-WIDTHEXPAND: /home/flynnsbit/Projects/MisterPlex/.worktrees/rtl-real-ref-measure/fpga/Plex_MiSTer/rtl/h264_i_res_recon_sink.sv:538:66: Operator ADD expects 18 bits on the LHS, but LHS's SIGNED generates 16 bits.
                                                                                                                                              : ... note: In instance 'stream_path_full_frame_tb.dut.stub.u_i_res_sink'
  538 |             18'(($signed(dc_had[{rmw_addr[7:6], rmw_addr[3:2]}]) + 18'sd32) >>> 6);
      |                                                                  ^
%Warning-WIDTHEXPAND: /home/flynnsbit/Projects/MisterPlex/.worktrees/rtl-real-ref-measure/fpga/Plex_MiSTer/rtl/h264_i_res_recon_sink.sv:565:16: Bit extraction of array[7:0] requires 3 bit index, not 2 bits.
                                                                                                                                              : ... note: In instance 'stream_path_full_frame_tb.dut.stub.u_i_res_sink'
  565 |        i4_above[cnt[1:0]] <= py_q;
      |                ^
%Warning-WIDTHEXPAND: /home/flynnsbit/Projects/MisterPlex/.worktrees/rtl-real-ref-measure/fpga/Plex_MiSTer/rtl/h264_i_res_recon_sink.sv:582:16: Bit extraction of array[7:0] requires 3 bit index, not 2 bits.
                                                                                                                                              : ... note: In instance 'stream_path_full_frame_tb.dut.stub.u_i_res_sink'
  582 |        i4_above[cnt[1:0]] <= tr_q;
      |                ^
%Warning-WIDTHEXPAND: /home/flynnsbit/Projects/MisterPlex/.worktrees/rtl-real-ref-measure/fpga/Plex_MiSTer/rtl/h264_i_res_recon_sink.sv:776:54: Operator ADD expects 18 bits on the LHS, but LHS's SIGNED generates 16 bits.
                                                                                                                                              : ... note: In instance 'stream_path_full_frame_tb.dut.stub.u_i_res_sink'
  776 |         - 18'(($signed(i16_dc[{apply_by, apply_bx}]) + 18'sd32) >>> 6)
      |                                                      ^
%Warning-WIDTHEXPAND: /home/flynnsbit/Projects/MisterPlex/.worktrees/rtl-real-ref-measure/fpga/Plex_MiSTer/rtl/h264_i_res_recon_sink.sv:776:9: Operator SUB expects 29 bits on the LHS, but LHS's SIGNED generates 18 bits.
                                                                                                                                             : ... note: In instance 'stream_path_full_frame_tb.dut.stub.u_i_res_sink'
  776 |         - 18'(($signed(i16_dc[{apply_by, apply_bx}]) + 18'sd32) >>> 6)
      |         ^
%Warning-WIDTHEXPAND: /home/flynnsbit/Projects/MisterPlex/.worktrees/rtl-real-ref-measure/fpga/Plex_MiSTer/rtl/h264_i_res_recon_sink.sv:776:9: Operator SUB expects 29 bits on the RHS, but RHS's SHIFTRS generates 18 bits.
                                                                                                                                             : ... note: In instance 'stream_path_full_frame_tb.dut.stub.u_i_res_sink'
  776 |         - 18'(($signed(i16_dc[{apply_by, apply_bx}]) + 18'sd32) >>> 6)
      |         ^
%Warning-WIDTHTRUNC: /home/flynnsbit/Projects/MisterPlex/.worktrees/rtl-real-ref-measure/fpga/Plex_MiSTer/rtl/h264_iq_idct_4x4.sv:81:9: Operator ASSIGN expects 3 bits on the Assign RHS, but Assign RHS's MODDIV generates 32 or 6 bits.
                                                                                                                                      : ... note: In instance 'stream_path_full_frame_tb.dut.stub.u_h264_dequant4x4'
   81 |    qmod = q % 6;
      |         ^
%Warning-WIDTHTRUNC: /home/flynnsbit/Projects/MisterPlex/.worktrees/rtl-real-ref-measure/fpga/Plex_MiSTer/rtl/h264_iq_idct_4x4.sv:82:9: Operator ASSIGN expects 4 bits on the Assign RHS, but Assign RHS's DIV generates 32 or 6 bits.
                                                                                                                                      : ... note: In instance 'stream_path_full_frame_tb.dut.stub.u_h264_dequant4x4'
   82 |    qdiv = q / 6;
      |         ^
%Warning-WIDTHEXPAND: /home/flynnsbit/Projects/MisterPlex/.worktrees/rtl-real-ref-measure/fpga/Plex_MiSTer/rtl/decode_stub.sv:654:11: Bit extraction of array[898559:0] requires 20 bit index, not 18 bits.
                                                                                                                                    : ... note: In instance 'stream_path_full_frame_tb.dut.stub'
  654 |    dpb_mem[dpb_mem_waddr[17:0]] <= dpb_mem_wdata;
      |           ^
%Warning-WIDTHEXPAND: /home/flynnsbit/Projects/MisterPlex/.worktrees/rtl-real-ref-measure/fpga/Plex_MiSTer/rtl/decode_stub.sv:659:32: Bit extraction of array[898559:0] requires 20 bit index, not 18 bits.
                                                                                                                                    : ... note: In instance 'stream_path_full_frame_tb.dut.stub'
  659 |                         dpb_mem[dpb_mem_raddr_q[17:0]] : 8'h00;
      |                                ^
%Warning-WIDTHEXPAND: /home/flynnsbit/Projects/MisterPlex/.worktrees/rtl-real-ref-measure/fpga/Plex_MiSTer/rtl/decode_stub.sv:1399:31: Operator ASSIGNDLY expects 32 bits on the Assign RHS, but Assign RHS's CONST '1'h1' generates 1 bits.
                                                                                                                                     : ... note: In instance 'stream_path_full_frame_tb.dut.stub'
 1399 |      dbg_printed_recon_counts <= 1'b1;
      |                               ^~
%Warning-WIDTHTRUNC: /home/flynnsbit/Projects/MisterPlex/.worktrees/rtl-real-ref-measure/fpga/Plex_MiSTer/rtl/decode_stub.sv:1394:9: Logical operator LOGNOT expects 1 bit on the LHS, but LHS's VARREF 'dbg_printed_recon_counts' generates 32 bits.
                                                                                                                                   : ... note: In instance 'stream_path_full_frame_tb.dut.stub'
 1394 |     if (!dbg_printed_recon_counts) begin
      |         ^
%Warning-WIDTHEXPAND: /home/flynnsbit/Projects/MisterPlex/.worktrees/rtl-real-ref-measure/fpga/Plex_MiSTer/rtl/h264_p_mb_traverse.sv:344:13: Operator ADD expects 16 bits on the LHS, but LHS's VARREF 'qpy' generates 8 bits.
                                                                                                                                           : ... note: In instance 'stream_path_full_frame_tb.dut.u_p_traverse'
  344 |     v = qpy + delta;
      |             ^
%Warning-WIDTHEXPAND: /home/flynnsbit/Projects/MisterPlex/.worktrees/rtl-real-ref-measure/fpga/Plex_MiSTer/rtl/h264_p_mb_traverse.sv:344:13: Operator ADD expects 16 bits on the RHS, but RHS's VARREF 'delta' generates 8 bits.
                                                                                                                                           : ... note: In instance 'stream_path_full_frame_tb.dut.u_p_traverse'
  344 |     v = qpy + delta;
      |             ^
%Warning-WIDTHEXPAND: /home/flynnsbit/Projects/MisterPlex/.worktrees/rtl-real-ref-measure/fpga/Plex_MiSTer/rtl/h264_p_mb_traverse.sv:347:13: Operator ADD expects 16 bits on the LHS, but LHS's VARREF 'qpy' generates 8 bits.
                                                                                                                                           : ... note: In instance 'stream_path_full_frame_tb.dut.u_p_traverse'
  347 |     v = qpy + delta;
      |             ^
%Warning-WIDTHEXPAND: /home/flynnsbit/Projects/MisterPlex/.worktrees/rtl-real-ref-measure/fpga/Plex_MiSTer/rtl/h264_p_mb_traverse.sv:347:13: Operator ADD expects 16 bits on the RHS, but RHS's VARREF 'delta' generates 8 bits.
                                                                                                                                           : ... note: In instance 'stream_path_full_frame_tb.dut.u_p_traverse'
  347 |     v = qpy + delta;
      |             ^
%Warning-WIDTHEXPAND: /home/flynnsbit/Projects/MisterPlex/.worktrees/rtl-real-ref-measure/fpga/Plex_MiSTer/rtl/h264_p_mb_traverse.sv:362:12: Operator ADD expects 16 bits on the LHS, but LHS's VARREF 'qpy' generates 8 bits.
                                                                                                                                           : ... note: In instance 'stream_path_full_frame_tb.dut.u_p_traverse'
  362 |    v = qpy + delta;
      |            ^
%Warning-WIDTHEXPAND: /home/flynnsbit/Projects/MisterPlex/.worktrees/rtl-real-ref-measure/fpga/Plex_MiSTer/rtl/h264_p_mb_traverse.sv:362:12: Operator ADD expects 16 bits on the RHS, but RHS's VARREF 'delta' generates 8 bits.
                                                                                                                                           : ... note: In instance 'stream_path_full_frame_tb.dut.u_p_traverse'
  362 |    v = qpy + delta;
      |            ^
%Warning-WIDTHEXPAND: /home/flynnsbit/Projects/MisterPlex/.worktrees/rtl-real-ref-measure/fpga/Plex_MiSTer/rtl/h264_p_mb_traverse.sv:608:17: Operator LT expects 32 bits on the LHS, but LHS's VARREF 'abs_x' generates 16 bits.
                                                                                                                                           : ... note: In instance 'stream_path_full_frame_tb.dut.u_p_traverse'
  608 |     nB = (abs_x < MAX_MB_W*2 && tc_chr_top_v[p][abs_x]) ?
      |                 ^
%Warning-WIDTHTRUNC: /home/flynnsbit/Projects/MisterPlex/.worktrees/rtl-real-ref-measure/fpga/Plex_MiSTer/rtl/h264_p_mb_traverse.sv:608:48: Bit extraction of array[127:0] requires 7 bit index, not 16 bits.
                                                                                                                                          : ... note: In instance 'stream_path_full_frame_tb.dut.u_p_traverse'
  608 |     nB = (abs_x < MAX_MB_W*2 && tc_chr_top_v[p][abs_x]) ?
      |                                                ^
%Warning-WIDTHTRUNC: /home/flynnsbit/Projects/MisterPlex/.worktrees/rtl-real-ref-measure/fpga/Plex_MiSTer/rtl/h264_p_mb_traverse.sv:609:19: Bit extraction of array[127:0] requires 7 bit index, not 16 bits.
                                                                                                                                          : ... note: In instance 'stream_path_full_frame_tb.dut.u_p_traverse'
  609 |      tc_chr_top[p][abs_x] : 5'd0;
      |                   ^
%Warning-WIDTHTRUNC: /home/flynnsbit/Projects/MisterPlex/.worktrees/rtl-real-ref-measure/fpga/Plex_MiSTer/rtl/h264_p_mb_traverse.sv:611:25: Bit extraction of array[127:0] requires 7 bit index, not 16 bits.
                                                                                                                                          : ... note: In instance 'stream_path_full_frame_tb.dut.u_p_traverse'
  611 |     nB = tc_chr_top_v[p][abs_x] ? tc_chr_top[p][abs_x] : 5'd0;
      |                         ^
%Warning-WIDTHTRUNC: /home/flynnsbit/Projects/MisterPlex/.worktrees/rtl-real-ref-measure/fpga/Plex_MiSTer/rtl/h264_p_mb_traverse.sv:611:48: Bit extraction of array[127:0] requires 7 bit index, not 16 bits.
                                                                                                                                          : ... note: In instance 'stream_path_full_frame_tb.dut.u_p_traverse'
  611 |     nB = tc_chr_top_v[p][abs_x] ? tc_chr_top[p][abs_x] : 5'd0;
      |                                                ^
%Warning-WIDTHEXPAND: /home/flynnsbit/Projects/MisterPlex/.worktrees/rtl-real-ref-measure/fpga/Plex_MiSTer/rtl/h264_p_mb_traverse.sv:610:38: Operator LT expects 32 bits on the LHS, but LHS's VARREF 'abs_x' generates 16 bits.
                                                                                                                                           : ... note: In instance 'stream_path_full_frame_tb.dut.u_p_traverse'
  610 |    else if (curr_y != 16'd0 && abs_x < MAX_MB_W*2)
      |                                      ^
%Warning-WIDTHTRUNC: /home/flynnsbit/Projects/MisterPlex/.worktrees/rtl-real-ref-measure/fpga/Plex_MiSTer/rtl/h264_p_mb_traverse.sv:804:12: Operator ASSIGN expects 3 bits on the Assign RHS, but Assign RHS's SUB generates 5 bits.
                                                                                                                                          : ... note: In instance 'stream_path_full_frame_tb.dut.u_p_traverse'
  804 |      chr_i = idx - 5'd19;
      |            ^
%Warning-WIDTHTRUNC: /home/flynnsbit/Projects/MisterPlex/.worktrees/rtl-real-ref-measure/fpga/Plex_MiSTer/rtl/h264_p_mb_traverse.sv:824:11: Operator ASSIGN expects 3 bits on the Assign RHS, but Assign RHS's SUB generates 5 bits.
                                                                                                                                          : ... note: In instance 'stream_path_full_frame_tb.dut.u_p_traverse'
  824 |     chr_i = idx - 5'd18;
      |           ^
%Warning-WIDTHEXPAND: /home/flynnsbit/Projects/MisterPlex/.worktrees/rtl-real-ref-measure/fpga/Plex_MiSTer/rtl/h264_p_mb_traverse.sv:872:28: Operator LT expects 32 bits on the LHS, but LHS's VARREF 'abs_x' generates 16 bits.
                                                                                                                                           : ... note: In instance 'stream_path_full_frame_tb.dut.u_p_traverse'
  872 |    if (by == 2'd3 && abs_x < NB_TOP_N) begin
      |                            ^
%Warning-WIDTHTRUNC: /home/flynnsbit/Projects/MisterPlex/.worktrees/rtl-real-ref-measure/fpga/Plex_MiSTer/rtl/h264_p_mb_traverse.sv:893:18: Bit extraction of array[127:0] requires 7 bit index, not 16 bits.
                                                                                                                                          : ... note: In instance 'stream_path_full_frame_tb.dut.u_p_traverse'
  893 |     tc_chr_top[p][abs_x] <= tc;
      |                  ^
%Warning-WIDTHTRUNC: /home/flynnsbit/Projects/MisterPlex/.worktrees/rtl-real-ref-measure/fpga/Plex_MiSTer/rtl/h264_p_mb_traverse.sv:894:20: Bit extraction of array[127:0] requires 7 bit index, not 16 bits.
                                                                                                                                          : ... note: In instance 'stream_path_full_frame_tb.dut.u_p_traverse'
  894 |     tc_chr_top_v[p][abs_x] <= 1'b1;
      |                    ^
%Warning-WIDTHEXPAND: /home/flynnsbit/Projects/MisterPlex/.worktrees/rtl-real-ref-measure/fpga/Plex_MiSTer/rtl/h264_p_mb_traverse.sv:892:14: Operator LT expects 32 bits on the LHS, but LHS's VARREF 'abs_x' generates 16 bits.
                                                                                                                                           : ... note: In instance 'stream_path_full_frame_tb.dut.u_p_traverse'
  892 |    if (abs_x < MAX_MB_W*2) begin
      |              ^
%Warning-WIDTHTRUNC: /home/flynnsbit/Projects/MisterPlex/.worktrees/rtl-real-ref-measure/fpga/Plex_MiSTer/rtl/h264_p_mb_traverse.sv:910:20: Bit extraction of array[127:0] requires 7 bit index, not 16 bits.
                                                                                                                                          : ... note: In instance 'stream_path_full_frame_tb.dut.u_p_traverse'
  910 |       tc_chr_top[p][abs_x] <= 5'd0;
      |                    ^
%Warning-WIDTHTRUNC: /home/flynnsbit/Projects/MisterPlex/.worktrees/rtl-real-ref-measure/fpga/Plex_MiSTer/rtl/h264_p_mb_traverse.sv:911:22: Bit extraction of array[127:0] requires 7 bit index, not 16 bits.
                                                                                                                                          : ... note: In instance 'stream_path_full_frame_tb.dut.u_p_traverse'
  911 |       tc_chr_top_v[p][abs_x] <= 1'b1;
      |                      ^
%Warning-WIDTHEXPAND: /home/flynnsbit/Projects/MisterPlex/.worktrees/rtl-real-ref-measure/fpga/Plex_MiSTer/rtl/h264_p_mb_traverse.sv:909:16: Operator LT expects 32 bits on the LHS, but LHS's VARREF 'abs_x' generates 16 bits.
                                                                                                                                           : ... note: In instance 'stream_path_full_frame_tb.dut.u_p_traverse'
  909 |      if (abs_x < MAX_MB_W*2) begin
      |                ^
%Warning-WIDTHEXPAND: /home/flynnsbit/Projects/MisterPlex/.worktrees/rtl-real-ref-measure/fpga/Plex_MiSTer/rtl/h264_p_mb_traverse.sv:1136:23: Operator GTE expects 32 bits on the LHS, but LHS's VARREF 'bit_pos' generates 18 bits.
                                                                                                                                            : ... note: In instance 'stream_path_full_frame_tb.dut.u_p_traverse'
 1136 |      else if (bit_pos >= rbsp_bit_total) fail();
      |                       ^~
%Warning-WIDTHEXPAND: /home/flynnsbit/Projects/MisterPlex/.worktrees/rtl-real-ref-measure/fpga/Plex_MiSTer/rtl/h264_p_mb_traverse.sv:1147:18: Operator GTE expects 32 bits on the LHS, but LHS's VARREF 'bit_pos' generates 18 bits.
                                                                                                                                            : ... note: In instance 'stream_path_full_frame_tb.dut.u_p_traverse'
 1147 |      if (bit_pos >= rbsp_bit_total) fail();
      |                  ^~
%Warning-WIDTHEXPAND: /home/flynnsbit/Projects/MisterPlex/.worktrees/rtl-real-ref-measure/fpga/Plex_MiSTer/rtl/h264_p_mb_traverse.sv:1167:18: Operator GTE expects 32 bits on the LHS, but LHS's VARREF 'bit_pos' generates 18 bits.
                                                                                                                                            : ... note: In instance 'stream_path_full_frame_tb.dut.u_p_traverse'
 1167 |      if (bit_pos >= rbsp_bit_total) fail();
      |                  ^~
%Warning-WIDTHEXPAND: /home/flynnsbit/Projects/MisterPlex/.worktrees/rtl-real-ref-measure/fpga/Plex_MiSTer/rtl/h264_p_mb_traverse.sv:1342:19: Operator GTE expects 32 bits on the LHS, but LHS's VARREF 'bit_pos' generates 18 bits.
                                                                                                                                            : ... note: In instance 'stream_path_full_frame_tb.dut.u_p_traverse'
 1342 |       if (bit_pos >= rbsp_bit_total)
      |                   ^~
%Warning-WIDTHEXPAND: /home/flynnsbit/Projects/MisterPlex/.worktrees/rtl-real-ref-measure/fpga/Plex_MiSTer/rtl/h264_p_mb_traverse.sv:1385:25: Operator MODDIV expects 5 bits on the RHS, but RHS's CONST '2'h3' generates 2 bits.
                                                                                                                                            : ... note: In instance 'stream_path_full_frame_tb.dut.u_p_traverse'
 1385 |         cc = (x / 5'd4) % 2'd3;
      |                         ^
%Warning-WIDTHTRUNC: /home/flynnsbit/Projects/MisterPlex/.worktrees/rtl-real-ref-measure/fpga/Plex_MiSTer/rtl/h264_p_mb_traverse.sv:1385:12: Operator ASSIGN expects 2 bits on the Assign RHS, but Assign RHS's MODDIV generates 5 bits.
                                                                                                                                           : ... note: In instance 'stream_path_full_frame_tb.dut.u_p_traverse'
 1385 |         cc = (x / 5'd4) % 2'd3;
      |            ^
%Warning-WIDTHEXPAND: /home/flynnsbit/Projects/MisterPlex/.worktrees/rtl-real-ref-measure/fpga/Plex_MiSTer/rtl/h264_p_mb_traverse.sv:1455:24: Operator MODDIV expects 5 bits on the RHS, but RHS's CONST '2'h3' generates 2 bits.
                                                                                                                                            : ... note: In instance 'stream_path_full_frame_tb.dut.u_p_traverse'
 1455 |        cc = (x / 5'd4) % 2'd3;
      |                        ^
%Warning-WIDTHTRUNC: /home/flynnsbit/Projects/MisterPlex/.worktrees/rtl-real-ref-measure/fpga/Plex_MiSTer/rtl/h264_p_mb_traverse.sv:1455:11: Operator ASSIGN expects 2 bits on the Assign RHS, but Assign RHS's MODDIV generates 5 bits.
                                                                                                                                           : ... note: In instance 'stream_path_full_frame_tb.dut.u_p_traverse'
 1455 |        cc = (x / 5'd4) % 2'd3;
      |           ^
%Warning-WIDTHTRUNC: /home/flynnsbit/Projects/MisterPlex/.worktrees/rtl-real-ref-measure/fpga/Plex_MiSTer/rtl/h264_p_mb_traverse.sv:1724:16: Bit extraction of array[63:0] requires 6 bit index, not 8 bits.
                                                                                                                                           : ... note: In instance 'stream_path_full_frame_tb.dut.u_p_traverse'
 1724 |         res_win[win_k - 8'd2] <= rbsp_q;
      |                ^
%Warning-WIDTHTRUNC: /home/flynnsbit/Projects/MisterPlex/.worktrees/rtl-real-ref-measure/fpga/Plex_MiSTer/rtl/h264_p_mb_traverse.sv:1726:16: Bit extraction of array[63:0] requires 6 bit index, not 8 bits.
                                                                                                                                           : ... note: In instance 'stream_path_full_frame_tb.dut.u_p_traverse'
 1726 |         res_win[win_k - 8'd2] <= 8'd0;
      |                ^
%Warning-WIDTHEXPAND: /home/flynnsbit/Projects/MisterPlex/.worktrees/rtl-real-ref-measure/fpga/Plex_MiSTer/rtl/h264_p_mb_traverse.sv:1723:31: Operator ADD expects 32 bits on the RHS, but RHS's REPLICATE generates 18 bits.
                                                                                                                                            : ... note: In instance 'stream_path_full_frame_tb.dut.u_p_traverse'
 1723 |        if (({18'd0, win_base} + {10'd0, win_k} - 18'd2) < {2'd0, rbsp_len})
      |                               ^
%Warning-WIDTHEXPAND: /home/flynnsbit/Projects/MisterPlex/.worktrees/rtl-real-ref-measure/fpga/Plex_MiSTer/rtl/h264_p_mb_traverse.sv:1723:48: Operator SUB expects 32 bits on the RHS, but RHS's CONST '18'h2' generates 18 bits.
                                                                                                                                            : ... note: In instance 'stream_path_full_frame_tb.dut.u_p_traverse'
 1723 |        if (({18'd0, win_base} + {10'd0, win_k} - 18'd2) < {2'd0, rbsp_len})
      |                                                ^
%Warning-WIDTHEXPAND: /home/flynnsbit/Projects/MisterPlex/.worktrees/rtl-real-ref-measure/fpga/Plex_MiSTer/rtl/h264_p_mb_traverse.sv:1810:23: Operator ADD expects 18 bits on the RHS, but RHS's REPLICATE generates 16 bits.
                                                                                                                                            : ... note: In instance 'stream_path_full_frame_tb.dut.u_p_traverse'
 1810 |          res_win_bit0 + {6'd0, cavlc_bit0_r},
      |                       ^
%Warning-WIDTHEXPAND: /home/flynnsbit/Projects/MisterPlex/.worktrees/rtl-real-ref-measure/fpga/Plex_MiSTer/rtl/h264_p_mb_traverse.sv:1811:23: Operator ADD expects 18 bits on the RHS, but RHS's REPLICATE generates 16 bits.
                                                                                                                                            : ... note: In instance 'stream_path_full_frame_tb.dut.u_p_traverse'
 1811 |          res_win_bit0 + {6'd0, cavlc_bit_end},
      |                       ^
%Warning-WIDTHEXPAND: /home/flynnsbit/Projects/MisterPlex/.worktrees/rtl-real-ref-measure/fpga/Plex_MiSTer/rtl/h264_p_mb_traverse.sv:1814:32: Operator ADD expects 18 bits on the RHS, but RHS's REPLICATE generates 16 bits.
                                                                                                                                            : ... note: In instance 'stream_path_full_frame_tb.dut.u_p_traverse'
 1814 |        bit_pos <= res_win_bit0 + {6'd0, cavlc_bit_end};
      |                                ^
%Warning-WIDTHEXPAND: /home/flynnsbit/Projects/MisterPlex/.worktrees/rtl-real-ref-measure/fpga/Plex_MiSTer/rtl/h264_p_mb_traverse.sv:1821:34: Operator AND expects 5 bits on the RHS, but RHS's CONST '2'h3' generates 2 bits.
                                                                                                                                            : ... note: In instance 'stream_path_full_frame_tb.dut.u_p_traverse'
 1821 |           (res_hold_idx - 5'd19) & 2'd3,
      |                                  ^
%Warning-WIDTHTRUNC: /home/flynnsbit/Projects/MisterPlex/.worktrees/rtl-real-ref-measure/fpga/Plex_MiSTer/rtl/h264_p_mb_traverse.sv:1819:10: Operator TASKREF 'commit_tc_after_chr' expects 2 bits on the Function Argument, but Function Argument's AND generates 5 bits.
                                                                                                                                           : ... note: In instance 'stream_path_full_frame_tb.dut.u_p_traverse'
 1819 |          commit_tc_after_chr(
      |          ^~~~~~~~~~~~~~~~~~~
%Warning-WIDTHEXPAND: /home/flynnsbit/Projects/MisterPlex/.worktrees/rtl-real-ref-measure/fpga/Plex_MiSTer/rtl/h264_p_mb_traverse.sv:1829:33: Operator AND expects 5 bits on the RHS, but RHS's CONST '2'h3' generates 2 bits.
                                                                                                                                            : ... note: In instance 'stream_path_full_frame_tb.dut.u_p_traverse'
 1829 |          (res_hold_idx - 5'd18) & 2'd3,
      |                                 ^
%Warning-WIDTHTRUNC: /home/flynnsbit/Projects/MisterPlex/.worktrees/rtl-real-ref-measure/fpga/Plex_MiSTer/rtl/h264_p_mb_traverse.sv:1827:9: Operator TASKREF 'commit_tc_after_chr' expects 2 bits on the Function Argument, but Function Argument's AND generates 5 bits.
                                                                                                                                          : ... note: In instance 'stream_path_full_frame_tb.dut.u_p_traverse'
 1827 |         commit_tc_after_chr(
      |         ^~~~~~~~~~~~~~~~~~~
%Warning-WIDTHEXPAND: /home/flynnsbit/Projects/MisterPlex/.worktrees/rtl-real-ref-measure/fpga/Plex_MiSTer/rtl/h264_p_mb_traverse.sv:1846:23: Operator GTE expects 32 bits on the LHS, but LHS's VARREF 'bit_pos' generates 18 bits.
                                                                                                                                            : ... note: In instance 'stream_path_full_frame_tb.dut.u_p_traverse'
 1846 |      else if (bit_pos >= rbsp_bit_total)
      |                       ^~
%Warning-WIDTHTRUNC: /home/flynnsbit/Projects/MisterPlex/.worktrees/rtl-real-ref-measure/fpga/Plex_MiSTer/rtl/slice_hdr_parser.sv:175:6: Operator ASSIGN expects 16 bits on the Assign RHS, but Assign RHS's SHIFTRS generates 17 bits.
                                                                                                                                       : ... note: In instance 'stream_path_full_frame_tb.dut.slp'
  175 |    t = ($signed({1'b0, code}) + 17'sd2) >>> 1;
      |      ^
%Warning-WIDTHEXPAND: /home/flynnsbit/Projects/MisterPlex/.worktrees/rtl-real-ref-measure/fpga/Plex_MiSTer/rtl/nalu_scanner.sv:198:38: Operator ADD expects 16 bits on the RHS, but RHS's CONST '14'h1' generates 14 bits.
                                                                                                                                     : ... note: In instance 'stream_path_full_frame_tb.dut.scan'
  198 |        if (!sl_hdr_ended && (cap_len + 14'd1) >= 14'd48) begin
      |                                      ^
%Warning-WIDTHEXPAND: /home/flynnsbit/Projects/MisterPlex/.worktrees/rtl-real-ref-measure/fpga/Plex_MiSTer/rtl/nalu_scanner.sv:198:47: Operator GTE expects 16 bits on the RHS, but RHS's CONST '14'h30' generates 14 bits.
                                                                                                                                     : ... note: In instance 'stream_path_full_frame_tb.dut.scan'
  198 |        if (!sl_hdr_ended && (cap_len + 14'd1) >= 14'd48) begin
      |                                               ^~
%Warning-WIDTHEXPAND: /home/flynnsbit/Projects/MisterPlex/.worktrees/rtl-real-ref-measure/fpga/Plex_MiSTer/rtl/nalu_scanner.sv:249:39: Operator ADD expects 16 bits on the RHS, but RHS's CONST '14'h1' generates 14 bits.
                                                                                                                                     : ... note: In instance 'stream_path_full_frame_tb.dut.scan'
  249 |         if (!sl_hdr_ended && (cap_len + 14'd1) >= 14'd48) begin
      |                                       ^
%Warning-WIDTHEXPAND: /home/flynnsbit/Projects/MisterPlex/.worktrees/rtl-real-ref-measure/fpga/Plex_MiSTer/rtl/nalu_scanner.sv:249:48: Operator GTE expects 16 bits on the RHS, but RHS's CONST '14'h30' generates 14 bits.
                                                                                                                                     : ... note: In instance 'stream_path_full_frame_tb.dut.scan'
  249 |         if (!sl_hdr_ended && (cap_len + 14'd1) >= 14'd48) begin
      |                                                ^~
%Warning-WIDTHEXPAND: /home/flynnsbit/Projects/MisterPlex/.worktrees/rtl-real-ref-measure/tests/rtl/stream_path_full_frame_tb_top.sv:260:35: Operator ADD expects 16 bits on the RHS, but RHS's CONST '9'sh1' generates 9 bits.
                                                                                                                                           : ... note: In instance 'stream_path_full_frame_tb'
  260 |      (dut.stub.lat_coeff[trace_i] + 9'sd1) : dut.stub.lat_coeff[trace_i];
      |                                   ^
%Warning-WIDTHEXPAND: /home/flynnsbit/Projects/MisterPlex/.worktrees/rtl-real-ref-measure/tests/rtl/stream_path_full_frame_tb_top.sv:296:20: Bit extraction of array[898559:0] requires 20 bit index, not 18 bits.
                                                                                                                                           : ... note: In instance 'stream_path_full_frame_tb'
  296 |    dut.stub.dpb_mem[dpb_prefill_addr[17:0]] <= dpb_prefill_data;
      |                    ^
make: Entering directory '/home/flynnsbit/Projects/MisterPlex/.worktrees/rtl-real-ref-measure/build/verilator/stream_path_full_frame_real_ref_624'
g++  -I.  -MMD -I/home/flynnsbit/.local/oss-cad-suite/share/verilator/include -I/home/flynnsbit/.local/oss-cad-suite/share/verilator/include/vltstd -DVERILATOR=1 -DVM_COVERAGE=0 -DVM_SC=0 -DVM_TIMING=0 -DVM_TRACE=0 -DVM_TRACE_FST=0 -DVM_TRACE_VCD=0 -DVM_TRACE_SAIF=0 -DVM_VPI=0 -faligned-new -fcf-protection=none -Wno-bool-operation -Wno-int-in-bool-context -Wno-shadow -Wno-sign-compare -Wno-subobject-linkage -Wno-tautological-compare -Wno-uninitialized -Wno-unused-but-set-parameter -Wno-unused-but-set-variable -Wno-unused-parameter -Wno-unused-variable    -std=c++17 -O2   -Os  -c -o stream_path_full_frame_tb.o /home/flynnsbit/Projects/MisterPlex/.worktrees/rtl-real-ref-measure/tests/rtl/stream_path_full_frame_tb.cpp
g++ -Os  -I.  -MMD -I/home/flynnsbit/.local/oss-cad-suite/share/verilator/include -I/home/flynnsbit/.local/oss-cad-suite/share/verilator/include/vltstd -DVERILATOR=1 -DVM_COVERAGE=0 -DVM_SC=0 -DVM_TIMING=0 -DVM_TRACE=0 -DVM_TRACE_FST=0 -DVM_TRACE_VCD=0 -DVM_TRACE_SAIF=0 -DVM_VPI=0 -faligned-new -fcf-protection=none -Wno-bool-operation -Wno-int-in-bool-context -Wno-shadow -Wno-sign-compare -Wno-subobject-linkage -Wno-tautological-compare -Wno-uninitialized -Wno-unused-but-set-parameter -Wno-unused-but-set-variable -Wno-unused-parameter -Wno-unused-variable    -std=c++17 -O2   -c -o verilated.o /home/flynnsbit/.local/oss-cad-suite/share/verilator/include/verilated.cpp
g++ -Os  -I.  -MMD -I/home/flynnsbit/.local/oss-cad-suite/share/verilator/include -I/home/flynnsbit/.local/oss-cad-suite/share/verilator/include/vltstd -DVERILATOR=1 -DVM_COVERAGE=0 -DVM_SC=0 -DVM_TIMING=0 -DVM_TRACE=0 -DVM_TRACE_FST=0 -DVM_TRACE_VCD=0 -DVM_TRACE_SAIF=0 -DVM_VPI=0 -faligned-new -fcf-protection=none -Wno-bool-operation -Wno-int-in-bool-context -Wno-shadow -Wno-sign-compare -Wno-subobject-linkage -Wno-tautological-compare -Wno-uninitialized -Wno-unused-but-set-parameter -Wno-unused-but-set-variable -Wno-unused-parameter -Wno-unused-variable    -std=c++17 -O2   -c -o verilated_threads.o /home/flynnsbit/.local/oss-cad-suite/share/verilator/include/verilated_threads.cpp
g++ -Os  -I.  -MMD -I/home/flynnsbit/.local/oss-cad-suite/share/verilator/include -I/home/flynnsbit/.local/oss-cad-suite/share/verilator/include/vltstd -DVERILATOR=1 -DVM_COVERAGE=0 -DVM_SC=0 -DVM_TIMING=0 -DVM_TRACE=0 -DVM_TRACE_FST=0 -DVM_TRACE_VCD=0 -DVM_TRACE_SAIF=0 -DVM_VPI=0 -faligned-new -fcf-protection=none -Wno-bool-operation -Wno-int-in-bool-context -Wno-shadow -Wno-sign-compare -Wno-subobject-linkage -Wno-tautological-compare -Wno-uninitialized -Wno-unused-but-set-parameter -Wno-unused-but-set-variable -Wno-unused-parameter -Wno-unused-variable    -std=c++17 -O2   -x c++-header Vstream_path_full_frame_tb__pch.h -o Vstream_path_full_frame_tb__pch.h.fast.gch
g++ -Os  -I.  -MMD -I/home/flynnsbit/.local/oss-cad-suite/share/verilator/include -I/home/flynnsbit/.local/oss-cad-suite/share/verilator/include/vltstd -DVERILATOR=1 -DVM_COVERAGE=0 -DVM_SC=0 -DVM_TIMING=0 -DVM_TRACE=0 -DVM_TRACE_FST=0 -DVM_TRACE_VCD=0 -DVM_TRACE_SAIF=0 -DVM_VPI=0 -faligned-new -fcf-protection=none -Wno-bool-operation -Wno-int-in-bool-context -Wno-shadow -Wno-sign-compare -Wno-subobject-linkage -Wno-tautological-compare -Wno-uninitialized -Wno-unused-but-set-parameter -Wno-unused-but-set-variable -Wno-unused-parameter -Wno-unused-variable    -std=c++17 -O2   -include Vstream_path_full_frame_tb__pch.h.fast -c Vstream_path_full_frame_tb.cpp
g++ -Os  -I.  -MMD -I/home/flynnsbit/.local/oss-cad-suite/share/verilator/include -I/home/flynnsbit/.local/oss-cad-suite/share/verilator/include/vltstd -DVERILATOR=1 -DVM_COVERAGE=0 -DVM_SC=0 -DVM_TIMING=0 -DVM_TRACE=0 -DVM_TRACE_FST=0 -DVM_TRACE_VCD=0 -DVM_TRACE_SAIF=0 -DVM_VPI=0 -faligned-new -fcf-protection=none -Wno-bool-operation -Wno-int-in-bool-context -Wno-shadow -Wno-sign-compare -Wno-subobject-linkage -Wno-tautological-compare -Wno-uninitialized -Wno-unused-but-set-parameter -Wno-unused-but-set-variable -Wno-unused-parameter -Wno-unused-variable    -std=c++17 -O2   -include Vstream_path_full_frame_tb__pch.h.fast -c Vstream_path_full_frame_tb___024root__0.cpp
g++ -Os  -I.  -MMD -I/home/flynnsbit/.local/oss-cad-suite/share/verilator/include -I/home/flynnsbit/.local/oss-cad-suite/share/verilator/include/vltstd -DVERILATOR=1 -DVM_COVERAGE=0 -DVM_SC=0 -DVM_TIMING=0 -DVM_TRACE=0 -DVM_TRACE_FST=0 -DVM_TRACE_VCD=0 -DVM_TRACE_SAIF=0 -DVM_VPI=0 -faligned-new -fcf-protection=none -Wno-bool-operation -Wno-int-in-bool-context -Wno-shadow -Wno-sign-compare -Wno-subobject-linkage -Wno-tautological-compare -Wno-uninitialized -Wno-unused-but-set-parameter -Wno-unused-but-set-variable -Wno-unused-parameter -Wno-unused-variable    -std=c++17 -O2   -include Vstream_path_full_frame_tb__pch.h.fast -c Vstream_path_full_frame_tb___024root__1.cpp
g++ -Os  -I.  -MMD -I/home/flynnsbit/.local/oss-cad-suite/share/verilator/include -I/home/flynnsbit/.local/oss-cad-suite/share/verilator/include/vltstd -DVERILATOR=1 -DVM_COVERAGE=0 -DVM_SC=0 -DVM_TIMING=0 -DVM_TRACE=0 -DVM_TRACE_FST=0 -DVM_TRACE_VCD=0 -DVM_TRACE_SAIF=0 -DVM_VPI=0 -faligned-new -fcf-protection=none -Wno-bool-operation -Wno-int-in-bool-context -Wno-shadow -Wno-sign-compare -Wno-subobject-linkage -Wno-tautological-compare -Wno-uninitialized -Wno-unused-but-set-parameter -Wno-unused-but-set-variable -Wno-unused-parameter -Wno-unused-variable    -std=c++17 -O2   -include Vstream_path_full_frame_tb__pch.h.fast -c Vstream_path_full_frame_tb___024root__2.cpp
g++ -Os  -I.  -MMD -I/home/flynnsbit/.local/oss-cad-suite/share/verilator/include -I/home/flynnsbit/.local/oss-cad-suite/share/verilator/include/vltstd -DVERILATOR=1 -DVM_COVERAGE=0 -DVM_SC=0 -DVM_TIMING=0 -DVM_TRACE=0 -DVM_TRACE_FST=0 -DVM_TRACE_VCD=0 -DVM_TRACE_SAIF=0 -DVM_VPI=0 -faligned-new -fcf-protection=none -Wno-bool-operation -Wno-int-in-bool-context -Wno-shadow -Wno-sign-compare -Wno-subobject-linkage -Wno-tautological-compare -Wno-uninitialized -Wno-unused-but-set-parameter -Wno-unused-but-set-variable -Wno-unused-parameter -Wno-unused-variable    -std=c++17 -O2   -include Vstream_path_full_frame_tb__pch.h.fast -c Vstream_path_full_frame_tb___024root__3.cpp
g++ -Os  -I.  -MMD -I/home/flynnsbit/.local/oss-cad-suite/share/verilator/include -I/home/flynnsbit/.local/oss-cad-suite/share/verilator/include/vltstd -DVERILATOR=1 -DVM_COVERAGE=0 -DVM_SC=0 -DVM_TIMING=0 -DVM_TRACE=0 -DVM_TRACE_FST=0 -DVM_TRACE_VCD=0 -DVM_TRACE_SAIF=0 -DVM_VPI=0 -faligned-new -fcf-protection=none -Wno-bool-operation -Wno-int-in-bool-context -Wno-shadow -Wno-sign-compare -Wno-subobject-linkage -Wno-tautological-compare -Wno-uninitialized -Wno-unused-but-set-parameter -Wno-unused-but-set-variable -Wno-unused-parameter -Wno-unused-variable    -std=c++17 -O2   -include Vstream_path_full_frame_tb__pch.h.fast -c Vstream_path_full_frame_tb___024root__4.cpp
g++   -I.  -MMD -I/home/flynnsbit/.local/oss-cad-suite/share/verilator/include -I/home/flynnsbit/.local/oss-cad-suite/share/verilator/include/vltstd -DVERILATOR=1 -DVM_COVERAGE=0 -DVM_SC=0 -DVM_TIMING=0 -DVM_TRACE=0 -DVM_TRACE_FST=0 -DVM_TRACE_VCD=0 -DVM_TRACE_SAIF=0 -DVM_VPI=0 -faligned-new -fcf-protection=none -Wno-bool-operation -Wno-int-in-bool-context -Wno-shadow -Wno-sign-compare -Wno-subobject-linkage -Wno-tautological-compare -Wno-uninitialized -Wno-unused-but-set-parameter -Wno-unused-but-set-variable -Wno-unused-parameter -Wno-unused-variable    -std=c++17 -O2   -x c++-header Vstream_path_full_frame_tb__pch.h -o Vstream_path_full_frame_tb__pch.h.slow.gch
g++   -I.  -MMD -I/home/flynnsbit/.local/oss-cad-suite/share/verilator/include -I/home/flynnsbit/.local/oss-cad-suite/share/verilator/include/vltstd -DVERILATOR=1 -DVM_COVERAGE=0 -DVM_SC=0 -DVM_TIMING=0 -DVM_TRACE=0 -DVM_TRACE_FST=0 -DVM_TRACE_VCD=0 -DVM_TRACE_SAIF=0 -DVM_VPI=0 -faligned-new -fcf-protection=none -Wno-bool-operation -Wno-int-in-bool-context -Wno-shadow -Wno-sign-compare -Wno-subobject-linkage -Wno-tautological-compare -Wno-uninitialized -Wno-unused-but-set-parameter -Wno-unused-but-set-variable -Wno-unused-parameter -Wno-unused-variable    -std=c++17 -O2   -include Vstream_path_full_frame_tb__pch.h.slow -c Vstream_path_full_frame_tb__ConstPool__0__Slow.cpp
g++   -I.  -MMD -I/home/flynnsbit/.local/oss-cad-suite/share/verilator/include -I/home/flynnsbit/.local/oss-cad-suite/share/verilator/include/vltstd -DVERILATOR=1 -DVM_COVERAGE=0 -DVM_SC=0 -DVM_TIMING=0 -DVM_TRACE=0 -DVM_TRACE_FST=0 -DVM_TRACE_VCD=0 -DVM_TRACE_SAIF=0 -DVM_VPI=0 -faligned-new -fcf-protection=none -Wno-bool-operation -Wno-int-in-bool-context -Wno-shadow -Wno-sign-compare -Wno-subobject-linkage -Wno-tautological-compare -Wno-uninitialized -Wno-unused-but-set-parameter -Wno-unused-but-set-variable -Wno-unused-parameter -Wno-unused-variable    -std=c++17 -O2   -include Vstream_path_full_frame_tb__pch.h.slow -c Vstream_path_full_frame_tb___024root__Slow.cpp
g++   -I.  -MMD -I/home/flynnsbit/.local/oss-cad-suite/share/verilator/include -I/home/flynnsbit/.local/oss-cad-suite/share/verilator/include/vltstd -DVERILATOR=1 -DVM_COVERAGE=0 -DVM_SC=0 -DVM_TIMING=0 -DVM_TRACE=0 -DVM_TRACE_FST=0 -DVM_TRACE_VCD=0 -DVM_TRACE_SAIF=0 -DVM_VPI=0 -faligned-new -fcf-protection=none -Wno-bool-operation -Wno-int-in-bool-context -Wno-shadow -Wno-sign-compare -Wno-subobject-linkage -Wno-tautological-compare -Wno-uninitialized -Wno-unused-but-set-parameter -Wno-unused-but-set-variable -Wno-unused-parameter -Wno-unused-variable    -std=c++17 -O2   -include Vstream_path_full_frame_tb__pch.h.slow -c Vstream_path_full_frame_tb___024root__0__Slow.cpp
g++   -I.  -MMD -I/home/flynnsbit/.local/oss-cad-suite/share/verilator/include -I/home/flynnsbit/.local/oss-cad-suite/share/verilator/include/vltstd -DVERILATOR=1 -DVM_COVERAGE=0 -DVM_SC=0 -DVM_TIMING=0 -DVM_TRACE=0 -DVM_TRACE_FST=0 -DVM_TRACE_VCD=0 -DVM_TRACE_SAIF=0 -DVM_VPI=0 -faligned-new -fcf-protection=none -Wno-bool-operation -Wno-int-in-bool-context -Wno-shadow -Wno-sign-compare -Wno-subobject-linkage -Wno-tautological-compare -Wno-uninitialized -Wno-unused-but-set-parameter -Wno-unused-but-set-variable -Wno-unused-parameter -Wno-unused-variable    -std=c++17 -O2   -include Vstream_path_full_frame_tb__pch.h.slow -c Vstream_path_full_frame_tb___024root__1__Slow.cpp
g++   -I.  -MMD -I/home/flynnsbit/.local/oss-cad-suite/share/verilator/include -I/home/flynnsbit/.local/oss-cad-suite/share/verilator/include/vltstd -DVERILATOR=1 -DVM_COVERAGE=0 -DVM_SC=0 -DVM_TIMING=0 -DVM_TRACE=0 -DVM_TRACE_FST=0 -DVM_TRACE_VCD=0 -DVM_TRACE_SAIF=0 -DVM_VPI=0 -faligned-new -fcf-protection=none -Wno-bool-operation -Wno-int-in-bool-context -Wno-shadow -Wno-sign-compare -Wno-subobject-linkage -Wno-tautological-compare -Wno-uninitialized -Wno-unused-but-set-parameter -Wno-unused-but-set-variable -Wno-unused-parameter -Wno-unused-variable    -std=c++17 -O2   -include Vstream_path_full_frame_tb__pch.h.slow -c Vstream_path_full_frame_tb___024root__2__Slow.cpp
g++   -I.  -MMD -I/home/flynnsbit/.local/oss-cad-suite/share/verilator/include -I/home/flynnsbit/.local/oss-cad-suite/share/verilator/include/vltstd -DVERILATOR=1 -DVM_COVERAGE=0 -DVM_SC=0 -DVM_TIMING=0 -DVM_TRACE=0 -DVM_TRACE_FST=0 -DVM_TRACE_VCD=0 -DVM_TRACE_SAIF=0 -DVM_VPI=0 -faligned-new -fcf-protection=none -Wno-bool-operation -Wno-int-in-bool-context -Wno-shadow -Wno-sign-compare -Wno-subobject-linkage -Wno-tautological-compare -Wno-uninitialized -Wno-unused-but-set-parameter -Wno-unused-but-set-variable -Wno-unused-parameter -Wno-unused-variable    -std=c++17 -O2   -include Vstream_path_full_frame_tb__pch.h.slow -c Vstream_path_full_frame_tb___024root__3__Slow.cpp
g++   -I.  -MMD -I/home/flynnsbit/.local/oss-cad-suite/share/verilator/include -I/home/flynnsbit/.local/oss-cad-suite/share/verilator/include/vltstd -DVERILATOR=1 -DVM_COVERAGE=0 -DVM_SC=0 -DVM_TIMING=0 -DVM_TRACE=0 -DVM_TRACE_FST=0 -DVM_TRACE_VCD=0 -DVM_TRACE_SAIF=0 -DVM_VPI=0 -faligned-new -fcf-protection=none -Wno-bool-operation -Wno-int-in-bool-context -Wno-shadow -Wno-sign-compare -Wno-subobject-linkage -Wno-tautological-compare -Wno-uninitialized -Wno-unused-but-set-parameter -Wno-unused-but-set-variable -Wno-unused-parameter -Wno-unused-variable    -std=c++17 -O2   -include Vstream_path_full_frame_tb__pch.h.slow -c Vstream_path_full_frame_tb__Syms__Slow.cpp
g++    stream_path_full_frame_tb.o verilated.o verilated_threads.o Vstream_path_full_frame_tb__ALL.a    -pthread -lpthread -latomic   -o Vstream_path_full_frame_tb
rm Vstream_path_full_frame_tb__ALL.verilator_deplist.tmp
make: Leaving directory '/home/flynnsbit/Projects/MisterPlex/.worktrees/rtl-real-ref-measure/build/verilator/stream_path_full_frame_real_ref_624'
- V e r i l a t i o n   R e p o r t: Verilator 5.051 devel rev v5.050-99-gf8fb1d664 (mod)
- Verilator: Built from 4.967 MB sources in 45 modules, into 9.399 MB in 13 C++ files needing 0.011 MB
- Verilator: Walltime 27.451 s (elab=0.110, cvt=1.074, bld=26.120); cpu 1.320 s on 1 threads; allocated 90.867 MB
SOURCE_SHA=d4d9d80e9b8e0a29a3cc5678e4eef73bd77ba0d6-dirty
REAL_REF_MODE no_golden_prefill USE_REAL_REF_COMMIT=1
TRAV_CAP_START idr=1
I_RECON_ENTER trav_pend=0 store_pend=0
TRAV_CAP_EOP idr=1 len=10891 mb_w=39 mb_h=30
TRAV_START idr=1 len=10891
TRAV_HDR_OK i_slice=1 bit_pos=24 qp=26 pic_mbs=1170 type=7
TRAV_RES_LAUNCH mb=0 res_i=0 i16=0 nC=0 max=16 abs_bit=77
TRAV_RES_OK mb=0 res_i=0 i16=0 tc=8 t1=3 tz=5 bit0=77 bit_end_abs=143 table=0 max=16
TRAV_RES_LAUNCH mb=0 res_i=1 i16=0 nC=8 max=16 abs_bit=143
TRAV_RES_OK mb=0 res_i=1 i16=0 tc=0 t1=0 tz=0 bit0=143 bit_end_abs=149 table=3 max=16
TRAV_RES_LAUNCH mb=0 res_i=2 i16=0 nC=8 max=16 abs_bit=149
TRAV_RES_OK mb=0 res_i=2 i16=0 tc=0 t1=0 tz=0 bit0=149 bit_end_abs=155 table=3 max=16
TRAV_RES_LAUNCH mb=0 res_i=3 i16=0 nC=0 max=16 abs_bit=155
TRAV_RES_OK mb=0 res_i=3 i16=0 tc=15 t1=0 tz=1 bit0=155 bit_end_abs=244 table=0 max=16
TRAV_RES_LAUNCH mb=0 res_i=4 i16=0 nC=0 max=16 abs_bit=244
TRAV_RES_OK mb=0 res_i=4 i16=0 tc=2 t1=2 tz=1 bit0=244 bit_end_abs=253 table=0 max=16
TRAV_RES_LAUNCH mb=0 res_i=5 i16=0 nC=2 max=16 abs_bit=253
TRAV_RES_OK mb=0 res_i=5 i16=0 tc=0 t1=0 tz=0 bit0=253 bit_end_abs=255 table=1 max=16
TRAV_RES_LAUNCH mb=0 res_i=6 i16=0 nC=9 max=16 abs_bit=255
TRAV_RES_OK mb=0 res_i=6 i16=0 tc=15 t1=1 tz=1 bit0=255 bit_end_abs=322 table=3 max=16
TRAV_RES_LAUNCH mb=0 res_i=7 i16=0 nC=8 max=16 abs_bit=322
TRAV_RES_OK mb=0 res_i=7 i16=0 tc=15 t1=0 tz=1 bit0=322 bit_end_abs=401 table=3 max=16
TRAV_RES_LAUNCH mb=0 res_i=8 i16=0 nC=0 max=16 abs_bit=401
TRAV_RES_OK mb=0 res_i=8 i16=0 tc=2 t1=2 tz=0 bit0=401 bit_end_abs=409 table=0 max=16
TRAV_RES_LAUNCH mb=0 res_i=9 i16=0 nC=9 max=16 abs_bit=409
TRAV_RES_OK mb=0 res_i=9 i16=0 tc=13 t1=1 tz=2 bit0=409 bit_end_abs=474 table=3 max=16
TRAV_RES_LAUNCH mb=0 res_i=10 i16=0 nC=2 max=16 abs_bit=474
TRAV_RES_OK mb=0 res_i=10 i16=0 tc=0 t1=0 tz=0 bit0=474 bit_end_abs=476 table=1 max=16
TRAV_RES_LAUNCH mb=0 res_i=11 i16=0 nC=7 max=16 abs_bit=476
TRAV_RES_OK mb=0 res_i=11 i16=0 tc=12 t1=0 tz=3 bit0=476 bit_end_abs=549 table=2 max=16
TRAV_RES_LAUNCH mb=0 res_i=12 i16=0 nC=14 max=16 abs_bit=549
TRAV_RES_OK mb=0 res_i=12 i16=0 tc=12 t1=2 tz=4 bit0=549 bit_end_abs=616 table=3 max=16
TRAV_RES_LAUNCH mb=0 res_i=13 i16=0 nC=14 max=16 abs_bit=616
TRAV_RES_OK mb=0 res_i=13 i16=0 tc=12 t1=2 tz=4 bit0=616 bit_end_abs=682 table=3 max=16
TRAV_RES_LAUNCH mb=0 res_i=14 i16=0 nC=12 max=16 abs_bit=682
TRAV_RES_OK mb=0 res_i=14 i16=0 tc=10 t1=0 tz=5 bit0=682 bit_end_abs=756 table=3 max=16
TRAV_RES_LAUNCH mb=0 res_i=15 i16=0 nC=11 max=16 abs_bit=756
TRAV_RES_OK mb=0 res_i=15 i16=0 tc=11 t1=0 tz=4 bit0=756 bit_end_abs=826 table=3 max=16
TRAV_RES_LAUNCH mb=0 res_i=16 i16=0 nC=0 max=4 abs_bit=826
TRAV_RES_OK mb=0 res_i=16 i16=0 tc=4 t1=0 tz=0 bit0=826 bit_end_abs=878 table=4 max=4
TRAV_RES_LAUNCH mb=0 res_i=17 i16=0 nC=0 max=4 abs_bit=878
TRAV_RES_OK mb=0 res_i=17 i16=0 tc=4 t1=0 tz=0 bit0=878 bit_end_abs=935 table=4 max=4
TRAV_RES_LAUNCH mb=0 res_i=18 i16=0 nC=0 max=15 abs_bit=935
TRAV_RES_OK mb=0 res_i=18 i16=0 tc=13 t1=2 tz=2 bit0=935 bit_end_abs=1009 table=0 max=15
TRAV_RES_LAUNCH mb=0 res_i=19 i16=0 nC=13 max=15 abs_bit=1009
TRAV_RES_OK mb=0 res_i=19 i16=0 tc=6 t1=2 tz=8 bit0=1009 bit_end_abs=1046 table=3 max=15
TRAV_RES_LAUNCH mb=0 res_i=20 i16=0 nC=13 max=15 abs_bit=1046
TRAV_RES_OK mb=0 res_i=20 i16=0 tc=11 t1=0 tz=4 bit0=1046 bit_end_abs=1109 table=3 max=15
TRAV_RES_LAUNCH mb=0 res_i=21 i16=0 nC=9 max=15 abs_bit=1109
TRAV_RES_OK mb=0 res_i=21 i16=0 tc=7 t1=0 tz=7 bit0=1109 bit_end_abs=1161 table=3 max=15
TRAV_RES_LAUNCH mb=0 res_i=22 i16=0 nC=0 max=15 abs_bit=1161
TRAV_RES_OK mb=0 res_i=22 i16=0 tc=10 t1=2 tz=4 bit0=1161 bit_end_abs=1205 table=0 max=15
TRAV_RES_LAUNCH mb=0 res_i=23 i16=0 nC=10 max=15 abs_bit=1205
TRAV_RES_OK mb=0 res_i=23 i16=0 tc=6 t1=1 tz=5 bit0=1205 bit_end_abs=1247 table=3 max=15
TRAV_RES_LAUNCH mb=0 res_i=24 i16=0 nC=10 max=15 abs_bit=1247
TRAV_RES_OK mb=0 res_i=24 i16=0 tc=11 t1=3 tz=4 bit0=1247 bit_end_abs=1306 table=3 max=15
TRAV_RES_LAUNCH mb=0 res_i=25 i16=0 nC=9 max=15 abs_bit=1306
TRAV_RES_OK mb=0 res_i=25 i16=0 tc=6 t1=0 tz=8 bit0=1306 bit_end_abs=1349 table=3 max=15
TRAV_RES_LAUNCH mb=1 res_i=0 i16=0 nC=0 max=16 abs_bit=1405
TRAV_RES_OK mb=1 res_i=0 i16=0 tc=0 t1=0 tz=0 bit0=1405 bit_end_abs=1406 table=0 max=16
TRAV_RES_LAUNCH mb=1 res_i=1 i16=0 nC=0 max=16 abs_bit=1406
TRAV_RES_OK mb=1 res_i=1 i16=0 tc=0 t1=0 tz=0 bit0=1406 bit_end_abs=1407 table=0 max=16
TRAV_RES_LAUNCH mb=1 res_i=2 i16=0 nC=8 max=16 abs_bit=1407
TRAV_RES_OK mb=1 res_i=2 i16=0 tc=15 t1=0 tz=1 bit0=1407 bit_end_abs=1476 table=3 max=16
TRAV_RES_LAUNCH mb=1 res_i=3 i16=0 nC=8 max=16 abs_bit=1476
TRAV_RES_OK mb=1 res_i=3 i16=0 tc=0 t1=0 tz=0 bit0=1476 bit_end_abs=1482 table=3 max=16
TRAV_RES_LAUNCH mb=1 res_i=4 i16=0 nC=0 max=16 abs_bit=1482
TRAV_RES_OK mb=1 res_i=4 i16=0 tc=0 t1=0 tz=0 bit0=1482 bit_end_abs=1483 table=0 max=16
TRAV_RES_LAUNCH mb=1 res_i=5 i16=0 nC=0 max=16 abs_bit=1483
TRAV_RES_OK mb=1 res_i=5 i16=0 tc=0 t1=0 tz=0 bit0=1483 bit_end_abs=1484 table=0 max=16
TRAV_RES_LAUNCH mb=1 res_i=6 i16=0 nC=0 max=16 abs_bit=1484
TRAV_RES_OK mb=1 res_i=6 i16=0 tc=0 t1=0 tz=0 bit0=1484 bit_end_abs=1485 table=0 max=16
TRAV_RES_LAUNCH mb=1 res_i=7 i16=0 nC=0 max=16 abs_bit=1485
TRAV_RES_OK mb=1 res_i=7 i16=0 tc=15 t1=0 tz=1 bit0=1485 bit_end_abs=1575 table=0 max=16
TRAV_RES_LAUNCH mb=1 res_i=8 i16=0 nC=14 max=16 abs_bit=1575
TRAV_RES_OK mb=1 res_i=8 i16=0 tc=12 t1=2 tz=4 bit0=1575 bit_end_abs=1642 table=3 max=16
TRAV_RES_LAUNCH mb=1 res_i=9 i16=0 nC=6 max=16 abs_bit=1642
TRAV_RES_OK mb=1 res_i=9 i16=0 tc=12 t1=2 tz=4 bit0=1642 bit_end_abs=1709 table=2 max=16
TRAV_RES_LAUNCH mb=1 res_i=10 i16=0 nC=12 max=16 abs_bit=1709
TRAV_RES_OK mb=1 res_i=10 i16=0 tc=12 t1=0 tz=3 bit0=1709 bit_end_abs=1778 table=3 max=16
TRAV_RES_LAUNCH mb=1 res_i=11 i16=0 nC=12 max=16 abs_bit=1778
TRAV_RES_OK mb=1 res_i=11 i16=0 tc=8 t1=0 tz=6 bit0=1778 bit_end_abs=1833 table=3 max=16
TRAV_RES_LAUNCH mb=1 res_i=12 i16=0 nC=6 max=16 abs_bit=1833
TRAV_RES_OK mb=1 res_i=12 i16=0 tc=15 t1=2 tz=1 bit0=1833 bit_end_abs=1890 table=2 max=16
TRAV_RES_LAUNCH mb=1 res_i=13 i16=0 nC=15 max=16 abs_bit=1890
TRAV_RES_OK mb=1 res_i=13 i16=0 tc=15 t1=2 tz=1 bit0=1890 bit_end_abs=1954 table=3 max=16
TRAV_RES_LAUNCH mb=1 res_i=14 i16=0 nC=12 max=16 abs_bit=1954
TRAV_RES_OK mb=1 res_i=14 i16=0 tc=8 t1=0 tz=6 bit0=1954 bit_end_abs=2011 table=3 max=16
TRAV_RES_LAUNCH mb=1 res_i=15 i16=0 nC=12 max=16 abs_bit=2011
TRAV_RES_OK mb=1 res_i=15 i16=0 tc=11 t1=0 tz=4 bit0=2011 bit_end_abs=2074 table=3 max=16
TRAV_RES_LAUNCH mb=1 res_i=16 i16=0 nC=0 max=4 abs_bit=2074
TRAV_RES_OK mb=1 res_i=16 i16=0 tc=2 t1=0 tz=1 bit0=2074 bit_end_abs=2094 table=4 max=4
TRAV_RES_LAUNCH mb=1 res_i=17 i16=0 nC=0 max=4 abs_bit=2094
TRAV_RES_OK mb=1 res_i=17 i16=0 tc=2 t1=2 tz=1 bit0=2094 bit_end_abs=2102 table=4 max=4
TRAV_RES_LAUNCH mb=1 res_i=18 i16=0 nC=6 max=15 abs_bit=2102
TRAV_RES_OK mb=1 res_i=18 i16=0 tc=10 t1=3 tz=1 bit0=2102 bit_end_abs=2145 table=2 max=15
TRAV_RES_LAUNCH mb=1 res_i=19 i16=0 nC=10 max=15 abs_bit=2145
TRAV_RES_OK mb=1 res_i=19 i16=0 tc=10 t1=3 tz=1 bit0=2145 bit_end_abs=2186 table=3 max=15
TRAV_RES_LAUNCH mb=1 res_i=20 i16=0 nC=9 max=15 abs_bit=2186
TRAV_RES_OK mb=1 res_i=20 i16=0 tc=13 t1=0 tz=2 bit0=2186 bit_end_abs=2248 table=3 max=15
TRAV_RES_LAUNCH mb=1 res_i=21 i16=0 nC=12 max=15 abs_bit=2248
TRAV_RES_OK mb=1 res_i=21 i16=0 tc=12 t1=0 tz=3 bit0=2248 bit_end_abs=2312 table=3 max=15
TRAV_RES_LAUNCH mb=1 res_i=22 i16=0 nC=6 max=15 abs_bit=2312
TRAV_RES_OK mb=1 res_i=22 i16=0 tc=7 t1=1 tz=3 bit0=2312 bit_end_abs=2358 table=2 max=15
TRAV_RES_LAUNCH mb=1 res_i=23 i16=0 nC=7 max=15 abs_bit=2358
TRAV_RES_OK mb=1 res_i=23 i16=0 tc=7 t1=1 tz=3 bit0=2358 bit_end_abs=2404 table=2 max=15
TRAV_RES_LAUNCH mb=1 res_i=24 i16=0 nC=7 max=15 abs_bit=2404
TRAV_RES_OK mb=1 res_i=24 i16=0 tc=11 t1=0 tz=4 bit0=2404 bit_end_abs=2464 table=2 max=15
TRAV_RES_LAUNCH mb=1 res_i=25 i16=0 nC=9 max=15 abs_bit=2464
TRAV_RES_OK mb=1 res_i=25 i16=0 tc=12 t1=3 tz=3 bit0=2464 bit_end_abs=2516 table=3 max=15
TRAV_RES_LAUNCH mb=2 res_i=0 i16=0 nC=0 max=16 abs_bit=2574
TRAV_RES_OK mb=2 res_i=0 i16=0 tc=0 t1=0 tz=0 bit0=2574 bit_end_abs=2575 table=0 max=16
TRAV_RES_LAUNCH mb=2 res_i=1 i16=0 nC=0 max=16 abs_bit=2575
TRAV_RES_OK mb=2 res_i=1 i16=0 tc=0 t1=0 tz=0 bit0=2575 bit_end_abs=2576 table=0 max=16
TRAV_RES_LAUNCH mb=2 res_i=2 i16=0 nC=8 max=16 abs_bit=2576
TRAV_RES_OK mb=2 res_i=2 i16=0 tc=16 t1=0 tz=0 bit0=2576 bit_end_abs=2636 table=3 max=16
TRAV_RES_LAUNCH mb=2 res_i=3 i16=0 nC=8 max=16 abs_bit=2636
TRAV_RES_OK mb=2 res_i=3 i16=0 tc=15 t1=0 tz=1 bit0=2636 bit_end_abs=2716 table=3 max=16
TRAV_RES_LAUNCH mb=2 res_i=4 i16=0 nC=0 max=16 abs_bit=2716
TRAV_RES_OK mb=2 res_i=4 i16=0 tc=0 t1=0 tz=0 bit0=2716 bit_end_abs=2717 table=0 max=16
TRAV_RES_LAUNCH mb=2 res_i=5 i16=0 nC=0 max=16 abs_bit=2717
TRAV_RES_OK mb=2 res_i=5 i16=0 tc=0 t1=0 tz=0 bit0=2717 bit_end_abs=2718 table=0 max=16
TRAV_RES_LAUNCH mb=2 res_i=6 i16=0 nC=8 max=16 abs_bit=2718
TRAV_RES_OK mb=2 res_i=6 i16=0 tc=16 t1=1 tz=0 bit0=2718 bit_end_abs=2776 table=3 max=16
TRAV_RES_LAUNCH mb=2 res_i=7 i16=0 nC=8 max=16 abs_bit=2776
TRAV_RES_OK mb=2 res_i=7 i16=0 tc=0 t1=0 tz=0 bit0=2776 bit_end_abs=2782 table=3 max=16
TRAV_RES_LAUNCH mb=2 res_i=8 i16=0 nC=16 max=16 abs_bit=2782
TRAV_RES_OK mb=2 res_i=8 i16=0 tc=12 t1=2 tz=4 bit0=2782 bit_end_abs=2849 table=3 max=16
TRAV_RES_LAUNCH mb=2 res_i=9 i16=0 nC=14 max=16 abs_bit=2849
TRAV_RES_OK mb=2 res_i=9 i16=0 tc=14 t1=2 tz=1 bit0=2849 bit_end_abs=2915 table=3 max=16
TRAV_RES_LAUNCH mb=2 res_i=10 i16=0 nC=12 max=16 abs_bit=2915
TRAV_RES_OK mb=2 res_i=10 i16=0 tc=11 t1=0 tz=4 bit0=2915 bit_end_abs=2983 table=3 max=16
TRAV_RES_LAUNCH mb=2 res_i=11 i16=0 nC=13 max=16 abs_bit=2983
TRAV_RES_OK mb=2 res_i=11 i16=0 tc=13 t1=0 tz=2 bit0=2983 bit_end_abs=3056 table=3 max=16
TRAV_RES_LAUNCH mb=2 res_i=12 i16=0 nC=15 max=16 abs_bit=3056
TRAV_RES_OK mb=2 res_i=12 i16=0 tc=12 t1=2 tz=4 bit0=3056 bit_end_abs=3124 table=3 max=16
TRAV_RES_LAUNCH mb=2 res_i=13 i16=0 nC=6 max=16 abs_bit=3124
TRAV_RES_OK mb=2 res_i=13 i16=0 tc=12 t1=2 tz=4 bit0=3124 bit_end_abs=3190 table=2 max=16
TRAV_RES_LAUNCH mb=2 res_i=14 i16=0 nC=13 max=16 abs_bit=3190
TRAV_RES_OK mb=2 res_i=14 i16=0 tc=11 t1=0 tz=4 bit0=3190 bit_end_abs=3261 table=3 max=16
TRAV_RES_LAUNCH mb=2 res_i=15 i16=0 nC=12 max=16 abs_bit=3261
TRAV_RES_OK mb=2 res_i=15 i16=0 tc=8 t1=0 tz=6 bit0=3261 bit_end_abs=3318 table=3 max=16
TRAV_RES_LAUNCH mb=2 res_i=16 i16=0 nC=0 max=4 abs_bit=3318
TRAV_RES_OK mb=2 res_i=16 i16=0 tc=4 t1=0 tz=0 bit0=3318 bit_end_abs=3340 table=4 max=4
TRAV_RES_LAUNCH mb=2 res_i=17 i16=0 nC=0 max=4 abs_bit=3340
TRAV_RES_OK mb=2 res_i=17 i16=0 tc=4 t1=1 tz=0 bit0=3340 bit_end_abs=3363 table=4 max=4
TRAV_RES_LAUNCH mb=2 res_i=18 i16=0 nC=10 max=15 abs_bit=3363
TRAV_RES_OK mb=2 res_i=18 i16=0 tc=6 t1=1 tz=8 bit0=3363 bit_end_abs=3398 table=3 max=15
TRAV_RES_LAUNCH mb=2 res_i=19 i16=0 nC=6 max=15 abs_bit=3398
TRAV_RES_OK mb=2 res_i=19 i16=0 tc=10 t1=3 tz=1 bit0=3398 bit_end_abs=3441 table=2 max=15
TRAV_RES_LAUNCH mb=2 res_i=20 i16=0 nC=9 max=15 abs_bit=3441
TRAV_RES_OK mb=2 res_i=20 i16=0 tc=7 t1=0 tz=7 bit0=3441 bit_end_abs=3498 table=3 max=15
TRAV_RES_LAUNCH mb=2 res_i=21 i16=0 nC=9 max=15 abs_bit=3498
TRAV_RES_OK mb=2 res_i=21 i16=0 tc=15 t1=0 tz=0 bit0=3498 bit_end_abs=3558 table=3 max=15
TRAV_RES_LAUNCH mb=2 res_i=22 i16=0 nC=7 max=15 abs_bit=3558
TRAV_RES_OK mb=2 res_i=22 i16=0 tc=3 t1=3 tz=8 bit0=3558 bit_end_abs=3574 table=2 max=15
TRAV_RES_LAUNCH mb=2 res_i=23 i16=0 nC=3 max=15 abs_bit=3574
TRAV_RES_OK mb=2 res_i=23 i16=0 tc=5 t1=3 tz=3 bit0=3574 bit_end_abs=3590 table=1 max=15
TRAV_RES_LAUNCH mb=2 res_i=24 i16=0 nC=8 max=15 abs_bit=3590
TRAV_RES_OK mb=2 res_i=24 i16=0 tc=7 t1=0 tz=7 bit0=3590 bit_end_abs=3638 table=3 max=15
TRAV_RES_LAUNCH mb=2 res_i=25 i16=0 nC=6 max=15 abs_bit=3638
TRAV_RES_OK mb=2 res_i=25 i16=0 tc=14 t1=3 tz=1 bit0=3638 bit_end_abs=3700 table=2 max=15
TRAV_RES_LAUNCH mb=3 res_i=0 i16=0 nC=0 max=16 abs_bit=3752
TRAV_RES_OK mb=3 res_i=0 i16=0 tc=0 t1=0 tz=0 bit0=3752 bit_end_abs=3753 table=0 max=16
TRAV_RES_LAUNCH mb=3 res_i=1 i16=0 nC=0 max=16 abs_bit=3753
TRAV_RES_OK mb=3 res_i=1 i16=0 tc=0 t1=0 tz=0 bit0=3753 bit_end_abs=3754 table=0 max=16
TRAV_RES_LAUNCH mb=3 res_i=2 i16=0 nC=0 max=16 abs_bit=3754
TRAV_RES_OK mb=3 res_i=2 i16=0 tc=0 t1=0 tz=0 bit0=3754 bit_end_abs=3755 table=0 max=16
TRAV_RES_LAUNCH mb=3 res_i=3 i16=0 nC=0 max=16 abs_bit=3755
TRAV_RES_OK mb=3 res_i=3 i16=0 tc=15 t1=0 tz=1 bit0=3755 bit_end_abs=3845 table=0 max=16
TRAV_RES_LAUNCH mb=3 res_i=4 i16=0 nC=0 max=16 abs_bit=3845
TRAV_RES_OK mb=3 res_i=4 i16=0 tc=0 t1=0 tz=0 bit0=3845 bit_end_abs=3846 table=0 max=16
TRAV_RES_LAUNCH mb=3 res_i=5 i16=0 nC=0 max=16 abs_bit=3846
TRAV_RES_OK mb=3 res_i=5 i16=0 tc=0 t1=0 tz=0 bit0=3846 bit_end_abs=3847 table=0 max=16
TRAV_RES_LAUNCH mb=3 res_i=6 i16=0 nC=8 max=16 abs_bit=3847
TRAV_RES_OK mb=3 res_i=6 i16=0 tc=16 t1=0 tz=0 bit0=3847 bit_end_abs=3907 table=3 max=16
TRAV_RES_LAUNCH mb=3 res_i=7 i16=0 nC=8 max=16 abs_bit=3907
TRAV_RES_OK mb=3 res_i=7 i16=0 tc=15 t1=0 tz=1 bit0=3907 bit_end_abs=3987 table=3 max=16
TRAV_RES_LAUNCH mb=3 res_i=8 i16=0 nC=6 max=16 abs_bit=3987
TRAV_RES_OK mb=3 res_i=8 i16=0 tc=15 t1=2 tz=1 bit0=3987 bit_end_abs=4044 table=2 max=16
TRAV_RES_LAUNCH mb=3 res_i=9 i16=0 nC=15 max=16 abs_bit=4044
TRAV_RES_OK mb=3 res_i=9 i16=0 tc=14 t1=2 tz=1 bit0=4044 bit_end_abs=4111 table=3 max=16
TRAV_RES_LAUNCH mb=3 res_i=10 i16=0 nC=12 max=16 abs_bit=4111
TRAV_RES_OK mb=3 res_i=10 i16=0 tc=8 t1=0 tz=6 bit0=4111 bit_end_abs=4168 table=3 max=16
TRAV_RES_LAUNCH mb=3 res_i=11 i16=0 nC=11 max=16 abs_bit=4168
TRAV_RES_OK mb=3 res_i=11 i16=0 tc=12 t1=0 tz=3 bit0=4168 bit_end_abs=4238 table=3 max=16
TRAV_RES_LAUNCH mb=3 res_i=12 i16=0 nC=15 max=16 abs_bit=4238
TRAV_RES_OK mb=3 res_i=12 i16=0 tc=12 t1=2 tz=4 bit0=4238 bit_end_abs=4306 table=3 max=16
TRAV_RES_LAUNCH mb=3 res_i=13 i16=0 nC=14 max=16 abs_bit=4306
TRAV_RES_OK mb=3 res_i=13 i16=0 tc=12 t1=2 tz=4 bit0=4306 bit_end_abs=4373 table=3 max=16
TRAV_RES_LAUNCH mb=3 res_i=14 i16=0 nC=12 max=16 abs_bit=4373
TRAV_RES_OK mb=3 res_i=14 i16=0 tc=10 t1=0 tz=5 bit0=4373 bit_end_abs=4450 table=3 max=16
TRAV_RES_LAUNCH mb=3 res_i=15 i16=0 nC=11 max=16 abs_bit=4450
TRAV_RES_OK mb=3 res_i=15 i16=0 tc=11 t1=0 tz=4 bit0=4450 bit_end_abs=4522 table=3 max=16
TRAV_RES_LAUNCH mb=3 res_i=16 i16=0 nC=0 max=4 abs_bit=4522
TRAV_RES_OK mb=3 res_i=16 i16=0 tc=4 t1=0 tz=0 bit0=4522 bit_end_abs=4546 table=4 max=4
TRAV_RES_LAUNCH mb=3 res_i=17 i16=0 nC=0 max=4 abs_bit=4546
TRAV_RES_OK mb=3 res_i=17 i16=0 tc=4 t1=2 tz=0 bit0=4546 bit_end_abs=4564 table=4 max=4
TRAV_RES_LAUNCH mb=3 res_i=18 i16=0 nC=10 max=15 abs_bit=4564
TRAV_RES_OK mb=3 res_i=18 i16=0 tc=10 t1=3 tz=1 bit0=4564 bit_end_abs=4601 table=3 max=15
TRAV_RES_LAUNCH mb=3 res_i=19 i16=0 nC=10 max=15 abs_bit=4601
TRAV_RES_OK mb=3 res_i=19 i16=0 tc=7 t1=2 tz=7 bit0=4601 bit_end_abs=4640 table=3 max=15
TRAV_RES_LAUNCH mb=3 res_i=20 i16=0 nC=13 max=15 abs_bit=4640
TRAV_RES_OK mb=3 res_i=20 i16=0 tc=15 t1=0 tz=0 bit0=4640 bit_end_abs=4698 table=3 max=15
TRAV_RES_LAUNCH mb=3 res_i=21 i16=0 nC=11 max=15 abs_bit=4698
TRAV_RES_OK mb=3 res_i=21 i16=0 tc=7 t1=0 tz=7 bit0=4698 bit_end_abs=4754 table=3 max=15
TRAV_RES_LAUNCH mb=3 res_i=22 i16=0 nC=5 max=15 abs_bit=4754
TRAV_RES_OK mb=3 res_i=22 i16=0 tc=6 t1=3 tz=3 bit0=4754 bit_end_abs=4773 table=2 max=15
TRAV_RES_LAUNCH mb=3 res_i=23 i16=0 nC=6 max=15 abs_bit=4773
TRAV_RES_OK mb=3 res_i=23 i16=0 tc=5 t1=3 tz=6 bit0=4773 bit_end_abs=4797 table=2 max=15
TRAV_RES_LAUNCH mb=3 res_i=24 i16=0 nC=10 max=15 abs_bit=4797
TRAV_RES_OK mb=3 res_i=24 i16=0 tc=13 t1=3 tz=2 bit0=4797 bit_end_abs=4847 table=3 max=15
TRAV_RES_LAUNCH mb=3 res_i=25 i16=0 nC=9 max=15 abs_bit=4847
TRAV_RES_OK mb=3 res_i=25 i16=0 tc=6 t1=0 tz=8 bit0=4847 bit_end_abs=4893 table=3 max=15
TRAV_RES_LAUNCH mb=4 res_i=0 i16=0 nC=0 max=16 abs_bit=4946
TRAV_RES_OK mb=4 res_i=0 i16=0 tc=0 t1=0 tz=0 bit0=4946 bit_end_abs=4947 table=0 max=16
TRAV_RES_LAUNCH mb=4 res_i=1 i16=0 nC=0 max=16 abs_bit=4947
TRAV_RES_OK mb=4 res_i=1 i16=0 tc=0 t1=0 tz=0 bit0=4947 bit_end_abs=4948 table=0 max=16
TRAV_RES_LAUNCH mb=4 res_i=2 i16=0 nC=8 max=16 abs_bit=4948
TRAV_RES_OK mb=4 res_i=2 i16=0 tc=16 t1=3 tz=0 bit0=4948 bit_end_abs=5001 table=3 max=16
TRAV_RES_LAUNCH mb=4 res_i=3 i16=0 nC=8 max=16 abs_bit=5001
TRAV_RES_OK mb=4 res_i=3 i16=0 tc=0 t1=0 tz=0 bit0=5001 bit_end_abs=5007 table=3 max=16
TRAV_RES_LAUNCH mb=4 res_i=4 i16=0 nC=0 max=16 abs_bit=5007
TRAV_RES_OK mb=4 res_i=4 i16=0 tc=0 t1=0 tz=0 bit0=5007 bit_end_abs=5008 table=0 max=16
TRAV_RES_LAUNCH mb=4 res_i=5 i16=0 nC=0 max=16 abs_bit=5008
TRAV_RES_OK mb=4 res_i=5 i16=0 tc=0 t1=0 tz=0 bit0=5008 bit_end_abs=5009 table=0 max=16
TRAV_RES_LAUNCH mb=4 res_i=6 i16=0 nC=0 max=16 abs_bit=5009
TRAV_RES_OK mb=4 res_i=6 i16=0 tc=0 t1=0 tz=0 bit0=5009 bit_end_abs=5010 table=0 max=16
TRAV_RES_LAUNCH mb=4 res_i=7 i16=0 nC=0 max=16 abs_bit=5010
TRAV_RES_OK mb=4 res_i=7 i16=0 tc=15 t1=1 tz=1 bit0=5010 bit_end_abs=5092 table=0 max=16
TRAV_RES_LAUNCH mb=4 res_i=8 i16=0 nC=14 max=16 abs_bit=5092
TRAV_RES_OK mb=4 res_i=8 i16=0 tc=12 t1=2 tz=4 bit0=5092 bit_end_abs=5157 table=3 max=16
TRAV_RES_LAUNCH mb=4 res_i=9 i16=0 nC=6 max=16 abs_bit=5157
TRAV_RES_OK mb=4 res_i=9 i16=0 tc=0 t1=0 tz=0 bit0=5157 bit_end_abs=5161 table=2 max=16
TRAV_RES_LAUNCH mb=4 res_i=10 i16=0 nC=12 max=16 abs_bit=5161
TRAV_RES_OK mb=4 res_i=10 i16=0 tc=10 t1=0 tz=5 bit0=5161 bit_end_abs=5231 table=3 max=16
TRAV_RES_LAUNCH mb=4 res_i=11 i16=0 nC=5 max=16 abs_bit=5231
TRAV_RES_OK mb=4 res_i=11 i16=0 tc=12 t1=2 tz=4 bit0=5231 bit_end_abs=5293 table=2 max=16
TRAV_RES_LAUNCH mb=4 res_i=12 i16=0 nC=0 max=16 abs_bit=5293
TRAV_RES_OK mb=4 res_i=12 i16=0 tc=0 t1=0 tz=0 bit0=5293 bit_end_abs=5294 table=0 max=16
TRAV_RES_LAUNCH mb=4 res_i=13 i16=0 nC=8 max=16 abs_bit=5294
TRAV_RES_OK mb=4 res_i=13 i16=0 tc=12 t1=1 tz=3 bit0=5294 bit_end_abs=5356 table=3 max=16
TRAV_RES_LAUNCH mb=4 res_i=14 i16=0 nC=6 max=16 abs_bit=5356
TRAV_RES_OK mb=4 res_i=14 i16=0 tc=11 t1=1 tz=4 bit0=5356 bit_end_abs=5405 table=2 max=16
TRAV_RES_LAUNCH mb=4 res_i=15 i16=0 nC=12 max=16 abs_bit=5405
TRAV_RES_OK mb=4 res_i=15 i16=0 tc=11 t1=0 tz=4 bit0=5405 bit_end_abs=5466 table=3 max=16
TRAV_RES_LAUNCH mb=4 res_i=16 i16=0 nC=0 max=4 abs_bit=5466
TRAV_RES_OK mb=4 res_i=16 i16=0 tc=2 t1=0 tz=1 bit0=5466 bit_end_abs=5480 table=4 max=4
TRAV_RES_LAUNCH mb=4 res_i=17 i16=0 nC=0 max=4 abs_bit=5480
TRAV_RES_OK mb=4 res_i=17 i16=0 tc=2 t1=0 tz=1 bit0=5480 bit_end_abs=5493 table=4 max=4
TRAV_RES_LAUNCH mb=4 res_i=18 i16=0 nC=7 max=15 abs_bit=5493
TRAV_RES_OK mb=4 res_i=18 i16=0 tc=9 t1=3 tz=1 bit0=5493 bit_end_abs=5527 table=2 max=15
TRAV_RES_LAUNCH mb=4 res_i=19 i16=0 nC=9 max=15 abs_bit=5527
TRAV_RES_OK mb=4 res_i=19 i16=0 tc=9 t1=3 tz=1 bit0=5527 bit_end_abs=5561 table=3 max=15
TRAV_RES_LAUNCH mb=4 res_i=20 i16=0 nC=8 max=15 abs_bit=5561
TRAV_RES_OK mb=4 res_i=20 i16=0 tc=15 t1=1 tz=0 bit0=5561 bit_end_abs=5614 table=3 max=15
TRAV_RES_LAUNCH mb=4 res_i=21 i16=0 nC=12 max=15 abs_bit=5614
TRAV_RES_OK mb=4 res_i=21 i16=0 tc=15 t1=1 tz=0 bit0=5614 bit_end_abs=5667 table=3 max=15
TRAV_RES_LAUNCH mb=4 res_i=22 i16=0 nC=5 max=15 abs_bit=5667
TRAV_RES_OK mb=4 res_i=22 i16=0 tc=5 t1=3 tz=3 bit0=5667 bit_end_abs=5684 table=2 max=15
TRAV_RES_LAUNCH mb=4 res_i=23 i16=0 nC=5 max=15 abs_bit=5684
TRAV_RES_OK mb=4 res_i=23 i16=0 tc=5 t1=3 tz=3 bit0=5684 bit_end_abs=5701 table=2 max=15
TRAV_RES_LAUNCH mb=4 res_i=24 i16=0 nC=6 max=15 abs_bit=5701
TRAV_RES_OK mb=4 res_i=24 i16=0 tc=12 t1=3 tz=3 bit0=5701 bit_end_abs=5748 table=2 max=15
TRAV_RES_LAUNCH mb=4 res_i=25 i16=0 nC=9 max=15 abs_bit=5748
TRAV_RES_OK mb=4 res_i=25 i16=0 tc=12 t1=3 tz=3 bit0=5748 bit_end_abs=5793 table=3 max=15
TRAV_RES_LAUNCH mb=5 res_i=0 i16=1 nC=0 max=16 abs_bit=5812
TRAV_RES_OK mb=5 res_i=0 i16=1 tc=4 t1=1 tz=6 bit0=5812 bit_end_abs=5851 table=0 max=16
TRAV_RES_LAUNCH mb=5 res_i=1 i16=1 nC=0 max=15 abs_bit=5851
TRAV_RES_OK mb=5 res_i=1 i16=1 tc=2 t1=1 tz=7 bit0=5851 bit_end_abs=5868 table=0 max=15
TRAV_RES_LAUNCH mb=5 res_i=2 i16=1 nC=2 max=15 abs_bit=5868
TRAV_RES_OK mb=5 res_i=2 i16=1 tc=2 t1=1 tz=7 bit0=5868 bit_end_abs=5884 table=1 max=15
TRAV_RES_LAUNCH mb=5 res_i=3 i16=1 nC=9 max=15 abs_bit=5884
TRAV_RES_OK mb=5 res_i=3 i16=1 tc=13 t1=3 tz=2 bit0=5884 bit_end_abs=5936 table=3 max=15
TRAV_RES_LAUNCH mb=5 res_i=4 i16=1 nC=8 max=15 abs_bit=5936
TRAV_RES_OK mb=5 res_i=4 i16=1 tc=13 t1=3 tz=2 bit0=5936 bit_end_abs=5988 table=3 max=15
TRAV_RES_LAUNCH mb=5 res_i=5 i16=1 nC=2 max=15 abs_bit=5988
TRAV_RES_OK mb=5 res_i=5 i16=1 tc=2 t1=1 tz=7 bit0=5988 bit_end_abs=6004 table=1 max=15
TRAV_RES_LAUNCH mb=5 res_i=6 i16=1 nC=2 max=15 abs_bit=6004
TRAV_RES_OK mb=5 res_i=6 i16=1 tc=2 t1=1 tz=7 bit0=6004 bit_end_abs=6020 table=1 max=15
TRAV_RES_LAUNCH mb=5 res_i=7 i16=1 nC=8 max=15 abs_bit=6020
TRAV_RES_OK mb=5 res_i=7 i16=1 tc=13 t1=3 tz=2 bit0=6020 bit_end_abs=6072 table=3 max=15
TRAV_RES_LAUNCH mb=5 res_i=8 i16=1 nC=8 max=15 abs_bit=6072
TRAV_RES_OK mb=5 res_i=8 i16=1 tc=13 t1=3 tz=2 bit0=6072 bit_end_abs=6124 table=3 max=15
TRAV_RES_LAUNCH mb=5 res_i=9 i16=1 nC=13 max=15 abs_bit=6124
TRAV_RES_OK mb=5 res_i=9 i16=1 tc=10 t1=3 tz=4 bit0=6124 bit_end_abs=6169 table=3 max=15
TRAV_RES_LAUNCH mb=5 res_i=10 i16=1 nC=12 max=15 abs_bit=6169
TRAV_RES_OK mb=5 res_i=10 i16=1 tc=9 t1=3 tz=3 bit0=6169 bit_end_abs=6212 table=3 max=15
TRAV_RES_LAUNCH mb=5 res_i=11 i16=1 nC=11 max=15 abs_bit=6212
TRAV_RES_OK mb=5 res_i=11 i16=1 tc=9 t1=0 tz=5 bit0=6212 bit_end_abs=6261 table=3 max=15
TRAV_RES_LAUNCH mb=5 res_i=12 i16=1 nC=9 max=15 abs_bit=6261
TRAV_RES_OK mb=5 res_i=12 i16=1 tc=10 t1=0 tz=4 bit0=6261 bit_end_abs=6313 table=3 max=15
TRAV_RES_LAUNCH mb=5 res_i=13 i16=1 nC=11 max=15 abs_bit=6313
TRAV_RES_OK mb=5 res_i=13 i16=1 tc=9 t1=3 tz=3 bit0=6313 bit_end_abs=6356 table=3 max=15
TRAV_RES_LAUNCH mb=5 res_i=14 i16=1 nC=11 max=15 abs_bit=6356
TRAV_RES_OK mb=5 res_i=14 i16=1 tc=9 t1=3 tz=3 bit0=6356 bit_end_abs=6399 table=3 max=15
TRAV_RES_LAUNCH mb=5 res_i=15 i16=1 nC=10 max=15 abs_bit=6399
TRAV_RES_OK mb=5 res_i=15 i16=1 tc=10 t1=0 tz=4 bit0=6399 bit_end_abs=6451 table=3 max=15
TRAV_RES_LAUNCH mb=5 res_i=16 i16=1 nC=10 max=15 abs_bit=6451
TRAV_RES_OK mb=5 res_i=16 i16=1 tc=10 t1=0 tz=4 bit0=6451 bit_end_abs=6503 table=3 max=15
TRAV_RES_LAUNCH mb=5 res_i=17 i16=1 nC=0 max=4 abs_bit=6503
TRAV_RES_OK mb=5 res_i=17 i16=1 tc=2 t1=0 tz=1 bit0=6503 bit_end_abs=6520 table=4 max=4
TRAV_RES_LAUNCH mb=5 res_i=18 i16=1 nC=0 max=4 abs_bit=6520
TRAV_RES_OK mb=5 res_i=18 i16=1 tc=2 t1=0 tz=1 bit0=6520 bit_end_abs=6533 table=4 max=4
TRAV_RES_LAUNCH mb=5 res_i=19 i16=1 nC=9 max=15 abs_bit=6533
TRAV_RES_OK mb=5 res_i=19 i16=1 tc=4 t1=3 tz=7 bit0=6533 bit_end_abs=6555 table=3 max=15
TRAV_RES_LAUNCH mb=5 res_i=20 i16=1 nC=4 max=15 abs_bit=6555
TRAV_RES_OK mb=5 res_i=20 i16=1 tc=4 t1=3 tz=7 bit0=6555 bit_end_abs=6575 table=2 max=15
TRAV_RES_LAUNCH mb=5 res_i=21 i16=1 nC=10 max=15 abs_bit=6575
TRAV_RES_OK mb=5 res_i=21 i16=1 tc=7 t1=0 tz=7 bit0=6575 bit_end_abs=6618 table=3 max=15
TRAV_RES_LAUNCH mb=5 res_i=22 i16=1 nC=6 max=15 abs_bit=6618
TRAV_RES_OK mb=5 res_i=22 i16=1 tc=7 t1=0 tz=7 bit0=6618 bit_end_abs=6662 table=2 max=15
TRAV_RES_LAUNCH mb=5 res_i=23 i16=1 nC=5 max=15 abs_bit=6662
TRAV_RES_OK mb=5 res_i=23 i16=1 tc=0 t1=0 tz=0 bit0=6662 bit_end_abs=6666 table=2 max=15
TRAV_RES_LAUNCH mb=5 res_i=24 i16=1 nC=0 max=15 abs_bit=6666
TRAV_RES_OK mb=5 res_i=24 i16=1 tc=0 t1=0 tz=0 bit0=6666 bit_end_abs=6667 table=0 max=15
TRAV_RES_LAUNCH mb=5 res_i=25 i16=1 nC=6 max=15 abs_bit=6667
TRAV_RES_OK mb=5 res_i=25 i16=1 tc=6 t1=3 tz=8 bit0=6667 bit_end_abs=6698 table=2 max=15
TRAV_RES_LAUNCH mb=5 res_i=26 i16=1 nC=3 max=15 abs_bit=6698
TRAV_RES_OK mb=5 res_i=26 i16=1 tc=6 t1=3 tz=8 bit0=6698 bit_end_abs=6731 table=1 max=15
TRAV_DONE mb_count=1170 err=0 unsup=0
DELIVERED_MB_BITMAP unique=1170 dup=0 oob=0 expected=1170 fault_drop=0 real_ref=1
I_RECON_DONE mb_written=1169 blk_applied=19722 luma_nz_peak=944
STORE_MB_BITMAP unique=1169 dup=0 oob=0 expected=1170 fault_dup=0
RECON_STORE_COUNTS frame_paint=1 total=1170 idr=1170 p=0 p_inter_ok=0 p_inter_fail=0 idr_mb0_store_enqueues=0
STORE_MB_BITMAP unique=1170 dup=0 oob=0 expected=1170 fault_dup=0
TRAV_CAP_START idr=0
TRAV_CAP_EOP idr=0 len=5337 mb_w=39 mb_h=30
TRAV_START idr=0 len=5337
TRAV_HDR_OK i_slice=0 bit_pos=24 qp=27 pic_mbs=1170 type=5
TRAV_DONE mb_count=1170 err=0 unsup=0
DELIVERED_MB_BITMAP unique=1170 dup=0 oob=0 expected=1170 fault_drop=0 real_ref=1
RECON_STORE_COUNTS frame_paint=2 total=2340 idr=1170 p=1170 p_inter_ok=1170 p_inter_fail=0 idr_mb0_store_enqueues=0
STORE_MB_BITMAP unique=1170 dup=0 oob=0 expected=1170 fault_dup=0
TRAV_CAP_START idr=0
TRAV_CAP_EOP idr=0 len=6201 mb_w=39 mb_h=30
TRAV_START idr=0 len=6201
TRAV_HDR_OK i_slice=0 bit_pos=24 qp=27 pic_mbs=1170 type=5
TRAV_DONE mb_count=1170 err=0 unsup=0
DELIVERED_MB_BITMAP unique=1170 dup=0 oob=0 expected=1170 fault_drop=0 real_ref=1
RECON_STORE_COUNTS frame_paint=3 total=3510 idr=1170 p=2340 p_inter_ok=2340 p_inter_fail=0 idr_mb0_store_enqueues=0
STORE_MB_BITMAP unique=1170 dup=0 oob=0 expected=1170 fault_dup=0
TRAV_CAP_START idr=0
TRAV_CAP_EOP idr=0 len=5012 mb_w=39 mb_h=30
TRAV_START idr=0 len=5012
TRAV_HDR_OK i_slice=0 bit_pos=24 qp=27 pic_mbs=1170 type=5
TRAV_DONE mb_count=1170 err=0 unsup=0
DELIVERED_MB_BITMAP unique=1170 dup=0 oob=0 expected=1170 fault_drop=0 real_ref=1
RECON_STORE_COUNTS frame_paint=4 total=4680 idr=1170 p=3510 p_inter_ok=3510 p_inter_fail=0 idr_mb0_store_enqueues=0
STORE_MB_BITMAP unique=1170 dup=0 oob=0 expected=1170 fault_dup=0
TRAV_CAP_START idr=0
TRAV_CAP_EOP idr=0 len=5111 mb_w=39 mb_h=30
TRAV_START idr=0 len=5111
TRAV_HDR_OK i_slice=0 bit_pos=24 qp=27 pic_mbs=1170 type=5
TRAV_DONE mb_count=1170 err=0 unsup=0
DELIVERED_MB_BITMAP unique=1170 dup=0 oob=0 expected=1170 fault_drop=0 real_ref=1
RECON_STORE_COUNTS frame_paint=5 total=5850 idr=1170 p=4680 p_inter_ok=4680 p_inter_fail=0 idr_mb0_store_enqueues=0
STORE_MB_BITMAP unique=1170 dup=0 oob=0 expected=1170 fault_dup=0
TRAV_CAP_START idr=0
TRAV_CAP_EOP idr=0 len=5992 mb_w=39 mb_h=30
TRAV_START idr=0 len=5992
TRAV_HDR_OK i_slice=0 bit_pos=24 qp=28 pic_mbs=1170 type=5
TRAV_DONE mb_count=1170 err=0 unsup=0
DELIVERED_MB_BITMAP unique=1170 dup=0 oob=0 expected=1170 fault_drop=0 real_ref=1
RECON_STORE_COUNTS frame_paint=6 total=7020 idr=1170 p=5850 p_inter_ok=5850 p_inter_fail=0 idr_mb0_store_enqueues=0
STORE_MB_BITMAP unique=1170 dup=0 oob=0 expected=1170 fault_dup=0
TRAV_CAP_START idr=0
TRAV_CAP_EOP idr=0 len=5068 mb_w=39 mb_h=30
TRAV_START idr=0 len=5068
TRAV_HDR_OK i_slice=0 bit_pos=24 qp=28 pic_mbs=1170 type=5
TRAV_DONE mb_count=1170 err=0 unsup=0
DELIVERED_MB_BITMAP unique=1170 dup=0 oob=0 expected=1170 fault_drop=0 real_ref=1
RECON_STORE_COUNTS frame_paint=7 total=8190 idr=1170 p=7020 p_inter_ok=7020 p_inter_fail=0 idr_mb0_store_enqueues=0
STORE_MB_BITMAP unique=1170 dup=0 oob=0 expected=1170 fault_dup=0
TRAV_CAP_START idr=0
TRAV_CAP_EOP idr=0 len=5036 mb_w=39 mb_h=30
TRAV_START idr=0 len=5036
TRAV_HDR_OK i_slice=0 bit_pos=24 qp=29 pic_mbs=1170 type=5
TRAV_DONE mb_count=1170 err=0 unsup=0
DELIVERED_MB_BITMAP unique=1170 dup=0 oob=0 expected=1170 fault_drop=0 real_ref=1
RECON_STORE_COUNTS frame_paint=8 total=9360 idr=1170 p=8190 p_inter_ok=8190 p_inter_fail=0 idr_mb0_store_enqueues=0
STORE_MB_BITMAP unique=1170 dup=0 oob=0 expected=1170 fault_dup=0
TRAV_CAP_START idr=0
TRAV_CAP_EOP idr=0 len=6137 mb_w=39 mb_h=30
TRAV_START idr=0 len=6137
TRAV_HDR_OK i_slice=0 bit_pos=24 qp=29 pic_mbs=1170 type=5
TRAV_DONE mb_count=1170 err=0 unsup=0
DELIVERED_MB_BITMAP unique=1170 dup=0 oob=0 expected=1170 fault_drop=0 real_ref=1
RECON_STORE_COUNTS frame_paint=9 total=10530 idr=1170 p=9360 p_inter_ok=9360 p_inter_fail=0 idr_mb0_store_enqueues=0
STORE_MB_BITMAP unique=1170 dup=0 oob=0 expected=1170 fault_dup=0
TRAV_CAP_START idr=0
TRAV_CAP_EOP idr=0 len=4893 mb_w=39 mb_h=30
TRAV_START idr=0 len=4893
TRAV_HDR_OK i_slice=0 bit_pos=24 qp=30 pic_mbs=1170 type=5
TRAV_DONE mb_count=1170 err=0 unsup=0
DELIVERED_MB_BITMAP unique=1170 dup=0 oob=0 expected=1170 fault_drop=0 real_ref=1
RECON_STORE_COUNTS frame_paint=10 total=11700 idr=1170 p=10530 p_inter_ok=10530 p_inter_fail=0 idr_mb0_store_enqueues=0
STORE_MB_BITMAP unique=1170 dup=0 oob=0 expected=1170 fault_dup=0
TRAV_CAP_START idr=0
TRAV_CAP_EOP idr=0 len=4957 mb_w=39 mb_h=30
TRAV_START idr=0 len=4957
TRAV_HDR_OK i_slice=0 bit_pos=26 qp=31 pic_mbs=1170 type=5
TRAV_DONE mb_count=1170 err=0 unsup=0
DELIVERED_MB_BITMAP unique=1170 dup=0 oob=0 expected=1170 fault_drop=0 real_ref=1
RECON_STORE_COUNTS frame_paint=11 total=12870 idr=1170 p=11700 p_inter_ok=11700 p_inter_fail=0 idr_mb0_store_enqueues=0
STORE_MB_BITMAP unique=1170 dup=0 oob=0 expected=1170 fault_dup=0
TRAV_CAP_START idr=0
TRAV_CAP_EOP idr=0 len=4995 mb_w=39 mb_h=30
TRAV_START idr=0 len=4995
TRAV_HDR_OK i_slice=0 bit_pos=26 qp=33 pic_mbs=1170 type=5
TRAV_DONE mb_count=1170 err=0 unsup=0
DELIVERED_MB_BITMAP unique=1170 dup=0 oob=0 expected=1170 fault_drop=0 real_ref=1
RECON_STORE_COUNTS frame_paint=12 total=14040 idr=1170 p=12870 p_inter_ok=12870 p_inter_fail=0 idr_mb0_store_enqueues=0
STORE_MB_BITMAP unique=1170 dup=0 oob=0 expected=1170 fault_dup=0
MB0_PIPELINE_TRACE cycle=4357248 qp=26 total_coeff=8 trailing_ones=3 residual_dc=-20 residual_csum=0x11 coeff=[-20,3,3,0,-3,0,-1,0,0,-1,1,0,1,0,0,0] dequant=[-4160,768,0,-256,768,-960,0,320,0,0,0,0,-256,320,0,0] idct=[-55,-56,-54,-55,-56,-54,-56,-54,-54,-56,-94,-96,-55,-54,-96,-95] recon=[73,72,74,73,72,74,72,74,74,72,34,32,73,74,32,33]
FULL_FRAME_COMPARE raw frame=0 colorspace=I420_FROM_RGB565 plane=Y exact=236 pixels=299520 mae=80.154531 max_abs=194
FULL_FRAME_COMPARE first_bad frame=0 colorspace=I420_FROM_RGB565 plane=Y x=1 y=0 mb_x=0 mb_y=0 pixel_in_mb_x=1 pixel_in_mb_y=0 got=73 ref=72 abs=1
FULL_FRAME_COMPARE raw frame=0 colorspace=I420_FROM_RGB565 plane=U exact=37 pixels=74880 mae=90.861685 max_abs=225
FULL_FRAME_COMPARE first_bad frame=0 colorspace=I420_FROM_RGB565 plane=U x=0 y=0 mb_x=0 mb_y=0 pixel_in_mb_x=0 pixel_in_mb_y=0 got=128 ref=219 abs=91
FULL_FRAME_COMPARE raw frame=0 colorspace=I420_FROM_RGB565 plane=V exact=340 pixels=74880 mae=76.733253 max_abs=210
FULL_FRAME_COMPARE first_bad frame=0 colorspace=I420_FROM_RGB565 plane=V x=0 y=0 mb_x=0 mb_y=0 pixel_in_mb_x=0 pixel_in_mb_y=0 got=128 ref=164 abs=36
FULL_FRAME_COMPARE mb frame=0 exact=0 total=1170
FULL_FRAME_COMPARE raw frame=1 colorspace=I420_FROM_RGB565 plane=Y exact=909 pixels=299520 mae=81.517692 max_abs=204
FULL_FRAME_COMPARE first_bad frame=1 colorspace=I420_FROM_RGB565 plane=Y x=0 y=0 mb_x=0 mb_y=0 pixel_in_mb_x=0 pixel_in_mb_y=0 got=145 ref=77 abs=68
FULL_FRAME_COMPARE raw frame=1 colorspace=I420_FROM_RGB565 plane=U exact=32 pixels=74880 mae=91.380369 max_abs=225
FULL_FRAME_COMPARE first_bad frame=1 colorspace=I420_FROM_RGB565 plane=U x=0 y=0 mb_x=0 mb_y=0 pixel_in_mb_x=0 pixel_in_mb_y=0 got=176 ref=90 abs=86
FULL_FRAME_COMPARE raw frame=1 colorspace=I420_FROM_RGB565 plane=V exact=57 pixels=74880 mae=74.059642 max_abs=210
FULL_FRAME_COMPARE first_bad frame=1 colorspace=I420_FROM_RGB565 plane=V x=0 y=0 mb_x=0 mb_y=0 pixel_in_mb_x=0 pixel_in_mb_y=0 got=36 ref=238 abs=202
FULL_FRAME_COMPARE mb frame=1 exact=0 total=1170
FULL_FRAME_COMPARE raw frame=2 colorspace=I420_FROM_RGB565 plane=Y exact=1069 pixels=299520 mae=81.687079 max_abs=204
FULL_FRAME_COMPARE first_bad frame=2 colorspace=I420_FROM_RGB565 plane=Y x=0 y=0 mb_x=0 mb_y=0 pixel_in_mb_x=0 pixel_in_mb_y=0 got=145 ref=77 abs=68
FULL_FRAME_COMPARE raw frame=2 colorspace=I420_FROM_RGB565 plane=U exact=42 pixels=74880 mae=91.976763 max_abs=225
FULL_FRAME_COMPARE first_bad frame=2 colorspace=I420_FROM_RGB565 plane=U x=0 y=0 mb_x=0 mb_y=0 pixel_in_mb_x=0 pixel_in_mb_y=0 got=176 ref=90 abs=86
FULL_FRAME_COMPARE raw frame=2 colorspace=I420_FROM_RGB565 plane=V exact=88 pixels=74880 mae=73.941146 max_abs=210
FULL_FRAME_COMPARE first_bad frame=2 colorspace=I420_FROM_RGB565 plane=V x=0 y=0 mb_x=0 mb_y=0 pixel_in_mb_x=0 pixel_in_mb_y=0 got=36 ref=239 abs=203
FULL_FRAME_COMPARE mb frame=2 exact=0 total=1170
FULL_FRAME_COMPARE raw frame=3 colorspace=I420_FROM_RGB565 plane=Y exact=1701 pixels=299520 mae=81.779297 max_abs=204
FULL_FRAME_COMPARE first_bad frame=3 colorspace=I420_FROM_RGB565 plane=Y x=0 y=0 mb_x=0 mb_y=0 pixel_in_mb_x=0 pixel_in_mb_y=0 got=145 ref=77 abs=68
FULL_FRAME_COMPARE raw frame=3 colorspace=I420_FROM_RGB565 plane=U exact=22 pixels=74880 mae=92.466894 max_abs=225
FULL_FRAME_COMPARE first_bad frame=3 colorspace=I420_FROM_RGB565 plane=U x=0 y=0 mb_x=0 mb_y=0 pixel_in_mb_x=0 pixel_in_mb_y=0 got=176 ref=90 abs=86
FULL_FRAME_COMPARE raw frame=3 colorspace=I420_FROM_RGB565 plane=V exact=173 pixels=74880 mae=73.810270 max_abs=210
FULL_FRAME_COMPARE first_bad frame=3 colorspace=I420_FROM_RGB565 plane=V x=0 y=0 mb_x=0 mb_y=0 pixel_in_mb_x=0 pixel_in_mb_y=0 got=36 ref=239 abs=203
FULL_FRAME_COMPARE mb frame=3 exact=0 total=1170
FULL_FRAME_COMPARE raw frame=4 colorspace=I420_FROM_RGB565 plane=Y exact=2256 pixels=299520 mae=81.940431 max_abs=204
FULL_FRAME_COMPARE first_bad frame=4 colorspace=I420_FROM_RGB565 plane=Y x=0 y=0 mb_x=0 mb_y=0 pixel_in_mb_x=0 pixel_in_mb_y=0 got=145 ref=77 abs=68
FULL_FRAME_COMPARE raw frame=4 colorspace=I420_FROM_RGB565 plane=U exact=16 pixels=74880 mae=92.813341 max_abs=225
FULL_FRAME_COMPARE first_bad frame=4 colorspace=I420_FROM_RGB565 plane=U x=0 y=0 mb_x=0 mb_y=0 pixel_in_mb_x=0 pixel_in_mb_y=0 got=176 ref=90 abs=86
FULL_FRAME_COMPARE raw frame=4 colorspace=I420_FROM_RGB565 plane=V exact=361 pixels=74880 mae=73.714156 max_abs=213
FULL_FRAME_COMPARE first_bad frame=4 colorspace=I420_FROM_RGB565 plane=V x=0 y=0 mb_x=0 mb_y=0 pixel_in_mb_x=0 pixel_in_mb_y=0 got=36 ref=239 abs=203
FULL_FRAME_COMPARE mb frame=4 exact=0 total=1170
FULL_FRAME_COMPARE raw frame=5 colorspace=I420_FROM_RGB565 plane=Y exact=2624 pixels=299520 mae=82.108076 max_abs=204
FULL_FRAME_COMPARE first_bad frame=5 colorspace=I420_FROM_RGB565 plane=Y x=0 y=0 mb_x=0 mb_y=0 pixel_in_mb_x=0 pixel_in_mb_y=0 got=145 ref=77 abs=68
FULL_FRAME_COMPARE raw frame=5 colorspace=I420_FROM_RGB565 plane=U exact=24 pixels=74880 mae=93.071408 max_abs=225
FULL_FRAME_COMPARE first_bad frame=5 colorspace=I420_FROM_RGB565 plane=U x=0 y=0 mb_x=0 mb_y=0 pixel_in_mb_x=0 pixel_in_mb_y=0 got=176 ref=90 abs=86
FULL_FRAME_COMPARE raw frame=5 colorspace=I420_FROM_RGB565 plane=V exact=485 pixels=74880 mae=73.590598 max_abs=209
FULL_FRAME_COMPARE first_bad frame=5 colorspace=I420_FROM_RGB565 plane=V x=0 y=0 mb_x=0 mb_y=0 pixel_in_mb_x=0 pixel_in_mb_y=0 got=36 ref=239 abs=203
FULL_FRAME_COMPARE mb frame=5 exact=0 total=1170
FULL_FRAME_COMPARE raw frame=6 colorspace=I420_FROM_RGB565 plane=Y exact=2848 pixels=299520 mae=82.286852 max_abs=204
FULL_FRAME_COMPARE first_bad frame=6 colorspace=I420_FROM_RGB565 plane=Y x=0 y=0 mb_x=0 mb_y=0 pixel_in_mb_x=0 pixel_in_mb_y=0 got=145 ref=77 abs=68
FULL_FRAME_COMPARE raw frame=6 colorspace=I420_FROM_RGB565 plane=U exact=34 pixels=74880 mae=93.197676 max_abs=225
FULL_FRAME_COMPARE first_bad frame=6 colorspace=I420_FROM_RGB565 plane=U x=0 y=0 mb_x=0 mb_y=0 pixel_in_mb_x=0 pixel_in_mb_y=0 got=176 ref=90 abs=86
FULL_FRAME_COMPARE raw frame=6 colorspace=I420_FROM_RGB565 plane=V exact=667 pixels=74880 mae=73.510136 max_abs=209
FULL_FRAME_COMPARE first_bad frame=6 colorspace=I420_FROM_RGB565 plane=V x=0 y=0 mb_x=0 mb_y=0 pixel_in_mb_x=0 pixel_in_mb_y=0 got=36 ref=239 abs=203
FULL_FRAME_COMPARE mb frame=6 exact=0 total=1170
FULL_FRAME_COMPARE raw frame=7 colorspace=I420_FROM_RGB565 plane=Y exact=2886 pixels=299520 mae=82.510634 max_abs=204
FULL_FRAME_COMPARE first_bad frame=7 colorspace=I420_FROM_RGB565 plane=Y x=0 y=0 mb_x=0 mb_y=0 pixel_in_mb_x=0 pixel_in_mb_y=0 got=145 ref=77 abs=68
FULL_FRAME_COMPARE raw frame=7 colorspace=I420_FROM_RGB565 plane=U exact=31 pixels=74880 mae=93.173478 max_abs=226
FULL_FRAME_COMPARE first_bad frame=7 colorspace=I420_FROM_RGB565 plane=U x=0 y=0 mb_x=0 mb_y=0 pixel_in_mb_x=0 pixel_in_mb_y=0 got=176 ref=90 abs=86
FULL_FRAME_COMPARE raw frame=7 colorspace=I420_FROM_RGB565 plane=V exact=750 pixels=74880 mae=73.440198 max_abs=211
FULL_FRAME_COMPARE first_bad frame=7 colorspace=I420_FROM_RGB565 plane=V x=0 y=0 mb_x=0 mb_y=0 pixel_in_mb_x=0 pixel_in_mb_y=0 got=36 ref=239 abs=203
FULL_FRAME_COMPARE mb frame=7 exact=0 total=1170
FULL_FRAME_COMPARE raw frame=8 colorspace=I420_FROM_RGB565 plane=Y exact=3125 pixels=299520 mae=82.769942 max_abs=204
FULL_FRAME_COMPARE first_bad frame=8 colorspace=I420_FROM_RGB565 plane=Y x=0 y=0 mb_x=0 mb_y=0 pixel_in_mb_x=0 pixel_in_mb_y=0 got=145 ref=77 abs=68
FULL_FRAME_COMPARE raw frame=8 colorspace=I420_FROM_RGB565 plane=U exact=36 pixels=74880 mae=93.037220 max_abs=228
FULL_FRAME_COMPARE first_bad frame=8 colorspace=I420_FROM_RGB565 plane=U x=0 y=0 mb_x=0 mb_y=0 pixel_in_mb_x=0 pixel_in_mb_y=0 got=176 ref=90 abs=86
FULL_FRAME_COMPARE raw frame=8 colorspace=I420_FROM_RGB565 plane=V exact=845 pixels=74880 mae=73.369217 max_abs=209
FULL_FRAME_COMPARE first_bad frame=8 colorspace=I420_FROM_RGB565 plane=V x=0 y=0 mb_x=0 mb_y=0 pixel_in_mb_x=0 pixel_in_mb_y=0 got=36 ref=239 abs=203
FULL_FRAME_COMPARE mb frame=8 exact=0 total=1170
FULL_FRAME_COMPARE raw frame=9 colorspace=I420_FROM_RGB565 plane=Y exact=3121 pixels=299520 mae=83.026953 max_abs=204
FULL_FRAME_COMPARE first_bad frame=9 colorspace=I420_FROM_RGB565 plane=Y x=0 y=0 mb_x=0 mb_y=0 pixel_in_mb_x=0 pixel_in_mb_y=0 got=145 ref=77 abs=68
FULL_FRAME_COMPARE raw frame=9 colorspace=I420_FROM_RGB565 plane=U exact=46 pixels=74880 mae=92.749546 max_abs=227
FULL_FRAME_COMPARE first_bad frame=9 colorspace=I420_FROM_RGB565 plane=U x=0 y=0 mb_x=0 mb_y=0 pixel_in_mb_x=0 pixel_in_mb_y=0 got=176 ref=90 abs=86
FULL_FRAME_COMPARE raw frame=9 colorspace=I420_FROM_RGB565 plane=V exact=876 pixels=74880 mae=73.289410 max_abs=211
FULL_FRAME_COMPARE first_bad frame=9 colorspace=I420_FROM_RGB565 plane=V x=0 y=0 mb_x=0 mb_y=0 pixel_in_mb_x=0 pixel_in_mb_y=0 got=36 ref=239 abs=203
FULL_FRAME_COMPARE mb frame=9 exact=0 total=1170
FULL_FRAME_COMPARE raw frame=10 colorspace=I420_FROM_RGB565 plane=Y exact=3082 pixels=299520 mae=83.330025 max_abs=204
FULL_FRAME_COMPARE first_bad frame=10 colorspace=I420_FROM_RGB565 plane=Y x=0 y=0 mb_x=0 mb_y=0 pixel_in_mb_x=0 pixel_in_mb_y=0 got=145 ref=77 abs=68
FULL_FRAME_COMPARE raw frame=10 colorspace=I420_FROM_RGB565 plane=U exact=56 pixels=74880 mae=92.296928 max_abs=232
FULL_FRAME_COMPARE first_bad frame=10 colorspace=I420_FROM_RGB565 plane=U x=0 y=0 mb_x=0 mb_y=0 pixel_in_mb_x=0 pixel_in_mb_y=0 got=176 ref=90 abs=86
FULL_FRAME_COMPARE raw frame=10 colorspace=I420_FROM_RGB565 plane=V exact=894 pixels=74880 mae=73.184402 max_abs=209
FULL_FRAME_COMPARE first_bad frame=10 colorspace=I420_FROM_RGB565 plane=V x=0 y=0 mb_x=0 mb_y=0 pixel_in_mb_x=0 pixel_in_mb_y=0 got=36 ref=239 abs=203
FULL_FRAME_COMPARE mb frame=10 exact=0 total=1170
FULL_FRAME_COMPARE raw frame=11 colorspace=I420_FROM_RGB565 plane=Y exact=3076 pixels=299520 mae=83.554601 max_abs=204
FULL_FRAME_COMPARE first_bad frame=11 colorspace=I420_FROM_RGB565 plane=Y x=0 y=0 mb_x=0 mb_y=0 pixel_in_mb_x=0 pixel_in_mb_y=0 got=145 ref=77 abs=68
FULL_FRAME_COMPARE raw frame=11 colorspace=I420_FROM_RGB565 plane=U exact=81 pixels=74880 mae=91.809682 max_abs=235
FULL_FRAME_COMPARE first_bad frame=11 colorspace=I420_FROM_RGB565 plane=U x=0 y=0 mb_x=0 mb_y=0 pixel_in_mb_x=0 pixel_in_mb_y=0 got=176 ref=90 abs=86
FULL_FRAME_COMPARE raw frame=11 colorspace=I420_FROM_RGB565 plane=V exact=954 pixels=74880 mae=73.099639 max_abs=209
FULL_FRAME_COMPARE first_bad frame=11 colorspace=I420_FROM_RGB565 plane=V x=0 y=0 mb_x=0 mb_y=0 pixel_in_mb_x=0 pixel_in_mb_y=0 got=36 ref=239 abs=203
FULL_FRAME_COMPARE mb frame=11 exact=0 total=1170
DEGENERACY_WARNING inter_captures_constant_y=9328/12870 (partial DPB corruption)
STAGE_CYCLES frame=0 parse_cycles=287 paint_cycles=4654377 parse_per_mb=0.245 paint_per_mb=3978.100
STAGE_CYCLES frame=1 parse_cycles=1730726 paint_cycles=299520 parse_per_mb=1479.253 paint_per_mb=256.000
STAGE_CYCLES frame=2 parse_cycles=1735152 paint_cycles=299520 parse_per_mb=1483.036 paint_per_mb=256.000
STAGE_CYCLES frame=3 parse_cycles=1715514 paint_cycles=299520 parse_per_mb=1466.251 paint_per_mb=256.000
STAGE_CYCLES frame=4 parse_cycles=1715512 paint_cycles=299520 parse_per_mb=1466.250 paint_per_mb=256.000
STAGE_CYCLES frame=5 parse_cycles=1720841 paint_cycles=299520 parse_per_mb=1470.804 paint_per_mb=256.000
STAGE_CYCLES frame=6 parse_cycles=1710130 paint_cycles=299520 parse_per_mb=1461.650 paint_per_mb=256.000
STAGE_CYCLES frame=7 parse_cycles=1713316 paint_cycles=299520 parse_per_mb=1464.373 paint_per_mb=256.000
STAGE_CYCLES frame=8 parse_cycles=1728023 paint_cycles=299520 parse_per_mb=1476.943 paint_per_mb=256.000
STAGE_CYCLES frame=9 parse_cycles=1716329 paint_cycles=299520 parse_per_mb=1466.948 paint_per_mb=256.000
STAGE_CYCLES frame=10 parse_cycles=1717087 paint_cycles=299520 parse_per_mb=1467.596 paint_per_mb=256.000
STAGE_CYCLES frame=11 parse_cycles=1711130 paint_cycles=299520 parse_per_mb=1462.504 paint_per_mb=256.000
STAGE_CYCLES_TOTAL frames=12 parse_total=18914047 paint_total=7949097 injection_total=140696 nonvcl_idle_total=768 reset_total=12 parse_per_mb=1347.154 paint_per_mb=566.175 injection_per_mb=10.021
FULL_FRAME_COMPARE summary width=624 height=480 frames=12 nals=15 idr=1 p=11 bytes=70348 p_mb_count_max=1170 p_slice_done_pulses=12 traversed/total=1170/1170 native_inter_mb_captures=12870 native_inter_ignored=0 native_i420_dpb_writes=5391360 cycles=27045423 first_bad_frame=0 strict_pass=0 mode=expect-red
OK full-frame expected-red: strict reference comparison diverged at frame 0
========================================================================
INTER RCA: first divergent macroblock in raster order
========================================================================
  frame=1 mb_index=0 mb=(0,0) plane=Y
  first_bad_pixel=(0,0) got=81 ref=77 abs=4
  mb_type=?
  error_decomposition=unavailable (no predicted_block metadata)
  >> Supply --mb-metadata with pred_y/pred_u/pred_v to enable prediction vs residual RCA.
========================================================================
I420_CANDIDATE_SCORE raw frame=0 slice=I plane=Y exact=299520 pixels=299520 mae=0.000000 max_abs=0
I420_CANDIDATE_SCORE raw frame=0 slice=I plane=U exact=19 pixels=74880 mae=72.621928 max_abs=126
I420_CANDIDATE_SCORE raw frame=0 slice=I plane=V exact=25 pixels=74880 mae=72.423224 max_abs=127
I420_CANDIDATE_SCORE raw frame=1 slice=P plane=Y exact=155479 pixels=299520 mae=24.013231 max_abs=169
I420_CANDIDATE_SCORE raw frame=1 slice=P plane=U exact=113 pixels=74880 mae=71.948371 max_abs=199
I420_CANDIDATE_SCORE raw frame=1 slice=P plane=V exact=126 pixels=74880 mae=74.573277 max_abs=204
I420_CANDIDATE_SCORE raw frame=2 slice=P plane=Y exact=151797 pixels=299520 mae=24.450324 max_abs=169
I420_CANDIDATE_SCORE raw frame=2 slice=P plane=U exact=190 pixels=74880 mae=71.861351 max_abs=199
I420_CANDIDATE_SCORE raw frame=2 slice=P plane=V exact=232 pixels=74880 mae=74.426429 max_abs=194
I420_CANDIDATE_SCORE raw frame=3 slice=P plane=Y exact=149985 pixels=299520 mae=24.655118 max_abs=169
I420_CANDIDATE_SCORE raw frame=3 slice=P plane=U exact=263 pixels=74880 mae=71.808347 max_abs=202
I420_CANDIDATE_SCORE raw frame=3 slice=P plane=V exact=330 pixels=74880 mae=74.262380 max_abs=194
I420_CANDIDATE_SCORE raw frame=4 slice=P plane=Y exact=148377 pixels=299520 mae=24.868683 max_abs=169
I420_CANDIDATE_SCORE raw frame=4 slice=P plane=U exact=350 pixels=74880 mae=71.712487 max_abs=199
I420_CANDIDATE_SCORE raw frame=4 slice=P plane=V exact=388 pixels=74880 mae=74.170740 max_abs=194
I420_CANDIDATE_SCORE raw frame=5 slice=P plane=Y exact=147283 pixels=299520 mae=24.975574 max_abs=169
I420_CANDIDATE_SCORE raw frame=5 slice=P plane=U exact=403 pixels=74880 mae=71.645913 max_abs=199
I420_CANDIDATE_SCORE raw frame=5 slice=P plane=V exact=457 pixels=74880 mae=74.033186 max_abs=194
I420_CANDIDATE_SCORE raw frame=6 slice=P plane=Y exact=146080 pixels=299520 mae=25.184492 max_abs=169
I420_CANDIDATE_SCORE raw frame=6 slice=P plane=U exact=504 pixels=74880 mae=71.588622 max_abs=199
I420_CANDIDATE_SCORE raw frame=6 slice=P plane=V exact=536 pixels=74880 mae=73.964997 max_abs=194
I420_CANDIDATE_SCORE raw frame=7 slice=P plane=Y exact=145402 pixels=299520 mae=25.418316 max_abs=169
I420_CANDIDATE_SCORE raw frame=7 slice=P plane=U exact=564 pixels=74880 mae=71.508654 max_abs=199
I420_CANDIDATE_SCORE raw frame=7 slice=P plane=V exact=601 pixels=74880 mae=73.889650 max_abs=194
I420_CANDIDATE_SCORE raw frame=8 slice=P plane=Y exact=144408 pixels=299520 mae=25.684308 max_abs=169
I420_CANDIDATE_SCORE raw frame=8 slice=P plane=U exact=653 pixels=74880 mae=71.429981 max_abs=199
I420_CANDIDATE_SCORE raw frame=8 slice=P plane=V exact=690 pixels=74880 mae=73.823237 max_abs=194
I420_CANDIDATE_SCORE raw frame=9 slice=P plane=Y exact=143876 pixels=299520 mae=25.959762 max_abs=169
I420_CANDIDATE_SCORE raw frame=9 slice=P plane=U exact=731 pixels=74880 mae=71.345486 max_abs=199
I420_CANDIDATE_SCORE raw frame=9 slice=P plane=V exact=788 pixels=74880 mae=73.735377 max_abs=194
I420_CANDIDATE_SCORE raw frame=10 slice=P plane=Y exact=143142 pixels=299520 mae=26.029841 max_abs=169
I420_CANDIDATE_SCORE raw frame=10 slice=P plane=U exact=838 pixels=74880 mae=71.260323 max_abs=199
I420_CANDIDATE_SCORE raw frame=10 slice=P plane=V exact=878 pixels=74880 mae=73.701910 max_abs=194
I420_CANDIDATE_SCORE raw frame=11 slice=P plane=Y exact=142575 pixels=299520 mae=25.923461 max_abs=169
I420_CANDIDATE_SCORE raw frame=11 slice=P plane=U exact=903 pixels=74880 mae=71.182812 max_abs=199
I420_CANDIDATE_SCORE raw frame=11 slice=P plane=V exact=909 pixels=74880 mae=73.770259 max_abs=194
I420_CANDIDATE_SCORE summary intra=0/1170 inter=0/12870 strict_pass=0
score_i420_candidate: OK expected-red candidate diverged from golden
headline_score_true_rc=0
HEADLINE intra=0/1170 inter=0/12870
LUMA_PROGRESS intra_y_mb=1170/1170 intra_y_blk4=18720/18720 intra_y_px=299520/299520 intra_y_mae=0.000000
LUMA_PROGRESS inter_y_mb=5036/12870 inter_y_blk4=98214/205920 inter_y_px=1618404/3294720 inter_y_mae=25.196646
LUMA_PROGRESS frame0 y_mb=1170/1170 y_blk4=18720/18720 y_px=299520/299520 y_mae=0.000000
luma_score_true_rc=0
LUMA intra_y_mb=1170/1170 y_px=299520/299520 y_blk4=18720/18720
LUMA inter_y_mb=5036/12870
LUMA_vs_PREREGISTER pre=1100..1170 actual=1170 HIT
{
  "intra_y_mb_ok": 300,
  "intra_y_mb_fail": 0,
  "actual_buckets": {
    "I16_m0_*": 0,
    "I_NxN": 0,
    "other_I16": 0,
    "cold128": 0
  },
  "seed_fail_count": 0
}
DONE measure
