----------------
; Command Info ;
----------------
Report Timing: Found 10 setup paths (10 violated).  Worst case slack is -1.172 

Tcl Command:
    report_timing -setup -file output_files/cross_c0_to_c2_setup.rpt -from_clock [get_clocks {emu|pll|pll_inst|altera_pll_i|general[0].gpll~PLL_OUTPUT_COUNTER|divclk}] -to_clock [get_clocks {emu|pll|pll_inst|altera_pll_i|general[2].gpll~PLL_OUTPUT_COUNTER|divclk}] -npaths 10 -detail full_path

Options:
    -from_clock [get_clocks {emu|pll|pll_inst|altera_pll_i|general[0].gpll~PLL_OUTPUT_COUNTER|divclk}] 
    -to_clock [get_clocks {emu|pll|pll_inst|altera_pll_i|general[2].gpll~PLL_OUTPUT_COUNTER|divclk}] 
    -setup 
    -npaths 10 
    -detail full_path 
    -file {output_files/cross_c0_to_c2_setup.rpt} 

Delay Model:
    Slow 1100mV 100C Model

+-----------------------------------------------------------------------------------------------------------------------------------------------------------------------------------------------------------------------------------------------------------------------------------------------------------------------------+
; Summary of Paths                                                                                                                                                                                                                                                                                                            ;
+--------+--------------------------------------------------------------------------+--------------------------------------------+-------------------------------------------------------------------------+-------------------------------------------------------------------------+--------------+------------+------------+
; Slack  ; From Node                                                                ; To Node                                    ; Launch Clock                                                            ; Latch Clock                                                             ; Relationship ; Clock Skew ; Data Delay ;
+--------+--------------------------------------------------------------------------+--------------------------------------------+-------------------------------------------------------------------------+-------------------------------------------------------------------------+--------------+------------+------------+
; -1.172 ; emu:emu|stream_path:spath|ddr_bitstream_reader:ddr_stream|read_count[0]  ; emu:emu|ddr_bus_arbiter:ddr_arb|m1_want_s1 ; emu|pll|pll_inst|altera_pll_i|general[0].gpll~PLL_OUTPUT_COUNTER|divclk ; emu|pll|pll_inst|altera_pll_i|general[2].gpll~PLL_OUTPUT_COUNTER|divclk ; 5.555        ; -1.075     ; 5.532      ;
; -1.041 ; emu:emu|stream_path:spath|ddr_bitstream_reader:ddr_stream|read_count[2]  ; emu:emu|ddr_bus_arbiter:ddr_arb|m1_want_s1 ; emu|pll|pll_inst|altera_pll_i|general[0].gpll~PLL_OUTPUT_COUNTER|divclk ; emu|pll|pll_inst|altera_pll_i|general[2].gpll~PLL_OUTPUT_COUNTER|divclk ; 5.555        ; -1.021     ; 5.455      ;
; -1.018 ; emu:emu|stream_path:spath|ddr_bitstream_reader:ddr_stream|read_count[1]  ; emu:emu|ddr_bus_arbiter:ddr_arb|m1_want_s1 ; emu|pll|pll_inst|altera_pll_i|general[0].gpll~PLL_OUTPUT_COUNTER|divclk ; emu|pll|pll_inst|altera_pll_i|general[2].gpll~PLL_OUTPUT_COUNTER|divclk ; 5.555        ; -1.069     ; 5.384      ;
; -1.016 ; emu:emu|stream_path:spath|ddr_bitstream_reader:ddr_stream|read_count[5]  ; emu:emu|ddr_bus_arbiter:ddr_arb|m1_want_s1 ; emu|pll|pll_inst|altera_pll_i|general[0].gpll~PLL_OUTPUT_COUNTER|divclk ; emu|pll|pll_inst|altera_pll_i|general[2].gpll~PLL_OUTPUT_COUNTER|divclk ; 5.555        ; -1.075     ; 5.376      ;
; -1.009 ; emu:emu|stream_path:spath|ddr_bitstream_reader:ddr_stream|write_count[0] ; emu:emu|ddr_bus_arbiter:ddr_arb|m1_want_s1 ; emu|pll|pll_inst|altera_pll_i|general[0].gpll~PLL_OUTPUT_COUNTER|divclk ; emu|pll|pll_inst|altera_pll_i|general[2].gpll~PLL_OUTPUT_COUNTER|divclk ; 5.555        ; -1.011     ; 5.433      ;
; -0.993 ; emu:emu|stream_path:spath|ddr_bitstream_reader:ddr_stream|read_count[5]  ; emu:emu|ddr_bus_arbiter:ddr_arb|m1_want_s1 ; emu|pll|pll_inst|altera_pll_i|general[0].gpll~PLL_OUTPUT_COUNTER|divclk ; emu|pll|pll_inst|altera_pll_i|general[2].gpll~PLL_OUTPUT_COUNTER|divclk ; 5.555        ; -1.075     ; 5.353      ;
; -0.985 ; emu:emu|stream_path:spath|ddr_bitstream_reader:ddr_stream|write_count[3] ; emu:emu|ddr_bus_arbiter:ddr_arb|m1_want_s1 ; emu|pll|pll_inst|altera_pll_i|general[0].gpll~PLL_OUTPUT_COUNTER|divclk ; emu|pll|pll_inst|altera_pll_i|general[2].gpll~PLL_OUTPUT_COUNTER|divclk ; 5.555        ; -1.012     ; 5.408      ;
; -0.983 ; emu:emu|stream_path:spath|ddr_bitstream_reader:ddr_stream|read_count[2]  ; emu:emu|ddr_bus_arbiter:ddr_arb|m1_want_s1 ; emu|pll|pll_inst|altera_pll_i|general[0].gpll~PLL_OUTPUT_COUNTER|divclk ; emu|pll|pll_inst|altera_pll_i|general[2].gpll~PLL_OUTPUT_COUNTER|divclk ; 5.555        ; -1.021     ; 5.397      ;
; -0.969 ; emu:emu|stream_path:spath|ddr_bitstream_reader:ddr_stream|write_count[6] ; emu:emu|ddr_bus_arbiter:ddr_arb|m1_want_s1 ; emu|pll|pll_inst|altera_pll_i|general[0].gpll~PLL_OUTPUT_COUNTER|divclk ; emu|pll|pll_inst|altera_pll_i|general[2].gpll~PLL_OUTPUT_COUNTER|divclk ; 5.555        ; -1.015     ; 5.389      ;
; -0.969 ; emu:emu|stream_path:spath|ddr_bitstream_reader:ddr_stream|write_count[3] ; emu:emu|ddr_bus_arbiter:ddr_arb|m1_want_s1 ; emu|pll|pll_inst|altera_pll_i|general[0].gpll~PLL_OUTPUT_COUNTER|divclk ; emu|pll|pll_inst|altera_pll_i|general[2].gpll~PLL_OUTPUT_COUNTER|divclk ; 5.555        ; -1.012     ; 5.392      ;
+--------+--------------------------------------------------------------------------+--------------------------------------------+-------------------------------------------------------------------------+-------------------------------------------------------------------------+--------------+------------+------------+

Path #1: Setup slack is -1.172 (VIOLATED)
===============================================================================
+----------------------------------------------------------------------------------------------+
; Path Summary                                                                                 ;
+--------------------+-------------------------------------------------------------------------+
; Property           ; Value                                                                   ;
+--------------------+-------------------------------------------------------------------------+
; From Node          ; emu:emu|stream_path:spath|ddr_bitstream_reader:ddr_stream|read_count[0] ;
; To Node            ; emu:emu|ddr_bus_arbiter:ddr_arb|m1_want_s1                              ;
; Launch Clock       ; emu|pll|pll_inst|altera_pll_i|general[0].gpll~PLL_OUTPUT_COUNTER|divclk ;
; Latch Clock        ; emu|pll|pll_inst|altera_pll_i|general[2].gpll~PLL_OUTPUT_COUNTER|divclk ;
; Data Arrival Time  ; 64.114                                                                  ;
; Data Required Time ; 62.942                                                                  ;
; Slack              ; -1.172 (VIOLATED)                                                       ;
+--------------------+-------------------------------------------------------------------------+

+--------------------------------------------------------------------------------------+
; Statistics                                                                           ;
+------------------------+--------+-------+-------------+------------+--------+--------+
; Property               ; Value  ; Count ; Total Delay ; % of Total ; Min    ; Max    ;
+------------------------+--------+-------+-------------+------------+--------+--------+
; Setup Relationship     ; 5.555  ;       ;             ;            ;        ;        ;
; Clock Skew             ; -1.075 ;       ;             ;            ;        ;        ;
; Data Delay             ; 5.532  ;       ;             ;            ;        ;        ;
; Number of Logic Levels ;        ; 7     ;             ;            ;        ;        ;
; Physical Delays        ;        ;       ;             ;            ;        ;        ;
;  Arrival Path          ;        ;       ;             ;            ;        ;        ;
;   Clock                ;        ;       ;             ;            ;        ;        ;
;    IC                  ;        ; 6     ; 4.739       ; 55         ; 0.000  ; 2.366  ;
;    Cell                ;        ; 6     ; 3.843       ; 45         ; 0.116  ; 1.745  ;
;   Data                 ;        ;       ;             ;            ;        ;        ;
;    IC                  ;        ; 9     ; 2.807       ; 51         ; 0.000  ; 0.746  ;
;    Cell                ;        ; 10    ; 2.725       ; 49         ; 0.000  ; 0.780  ;
;    uTco                ;        ; 1     ; 0.000       ; 0          ; 0.000  ; 0.000  ;
;  Required Path         ;        ;       ;             ;            ;        ;        ;
;   Clock                ;        ;       ;             ;            ;        ;        ;
;    IC                  ;        ; 6     ; 4.058       ; 56         ; 0.000  ; 1.941  ;
;    Cell                ;        ; 5     ; 3.144       ; 44         ; 0.296  ; 1.268  ;
;    PLL Compensation    ;        ; 1     ; -0.220      ; 0          ; -0.220 ; -0.220 ;
+------------------------+--------+-------+-------------+------------+--------+--------+
Note: Negative delays are omitted from totals when calculating percentages

+---------------------------------------------------------------------------------------------------------------------------------------------------+
; Data Arrival Path                                                                                                                                 ;
+----------+---------+----+------+--------+----------------------------+----------------------------------------------------------------------------+
; Total    ; Incr    ; RF ; Type ; Fanout ; Location                   ; Element                                                                    ;
+----------+---------+----+------+--------+----------------------------+----------------------------------------------------------------------------+
; 50.000   ; 50.000  ;    ;      ;        ;                            ; launch edge time                                                           ;
; 58.582   ; 8.582   ;    ;      ;        ;                            ; clock path                                                                 ;
;   50.000 ;   0.000 ;    ;      ;        ;                            ; source latency                                                             ;
;   50.000 ;   0.000 ;    ;      ; 1      ; PIN_Y13                    ; FPGA_CLK2_50                                                               ;
;   50.000 ;   0.000 ; RR ; IC   ; 1      ; IOIBUF_X56_Y0_N1           ; FPGA_CLK2_50~input|i                                                       ;
;   50.761 ;   0.761 ; RR ; CELL ; 2      ; IOIBUF_X56_Y0_N1           ; FPGA_CLK2_50~input|o                                                       ;
;   52.096 ;   1.335 ; RR ; IC   ; 1      ; PLLREFCLKSELECT_X89_Y7_N0  ; emu|pll|pll_inst|altera_pll_i|general[0].gpll~PLL_REFCLK_SELECT|clkin[0]   ;
;   52.429 ;   0.333 ; RR ; CELL ; 1      ; PLLREFCLKSELECT_X89_Y7_N0  ; emu|pll|pll_inst|altera_pll_i|general[0].gpll~PLL_REFCLK_SELECT|clkout     ;
;   52.429 ;   0.000 ; RR ; IC   ; 10     ; FRACTIONALPLL_X89_Y1_N0    ; emu|pll|pll_inst|altera_pll_i|general[0].gpll~FRACTIONAL_PLL|refclkin      ;
;   52.545 ;   0.116 ; RR ; CELL ; 2      ; FRACTIONALPLL_X89_Y1_N0    ; emu|pll|pll_inst|altera_pll_i|general[0].gpll~FRACTIONAL_PLL|vcoph[0]      ;
;   52.545 ;   0.000 ; RR ; IC   ; 1      ; PLLOUTPUTCOUNTER_X89_Y5_N1 ; emu|pll|pll_inst|altera_pll_i|general[0].gpll~PLL_OUTPUT_COUNTER|vco0ph[0] ;
;   54.290 ;   1.745 ; RR ; CELL ; 3      ; PLLOUTPUTCOUNTER_X89_Y5_N1 ; emu|pll|pll_inst|altera_pll_i|general[0].gpll~PLL_OUTPUT_COUNTER|divclk    ;
;   55.328 ;   1.038 ; RR ; IC   ; 1      ; CLKCTRL_G4                 ; emu|pll|pll_inst|altera_pll_i|outclk_wire[0]~CLKENA0|inclk                 ;
;   55.632 ;   0.304 ; RR ; CELL ; 9021   ; CLKCTRL_G4                 ; emu|pll|pll_inst|altera_pll_i|outclk_wire[0]~CLKENA0|outclk                ;
;   57.998 ;   2.366 ; RR ; IC   ; 1      ; FF_X34_Y55_N35             ; emu|spath|ddr_stream|read_count[0]|clk                                     ;
;   58.582 ;   0.584 ; RR ; CELL ; 1      ; FF_X34_Y55_N35             ; emu:emu|stream_path:spath|ddr_bitstream_reader:ddr_stream|read_count[0]    ;
; 64.114   ; 5.532   ;    ;      ;        ;                            ; data path                                                                  ;
;   58.582 ;   0.000 ;    ; uTco ; 1      ; FF_X34_Y55_N35             ; emu:emu|stream_path:spath|ddr_bitstream_reader:ddr_stream|read_count[0]    ;
;   58.582 ;   0.000 ; RR ; CELL ; 12     ; FF_X34_Y55_N35             ; emu|spath|ddr_stream|read_count[0]|q                                       ;
;   59.328 ;   0.746 ; RR ; IC   ; 1      ; LABCELL_X31_Y55_N0         ; emu|spath|ddr_stream|avail[0]~117|datad                                    ;
;   59.549 ;   0.221 ; RF ; CELL ; 1      ; LABCELL_X31_Y55_N0         ; emu|spath|ddr_stream|avail[0]~117|shareout                                 ;
;   59.549 ;   0.000 ; FF ; IC   ; 2      ; LABCELL_X31_Y55_N3         ; emu|spath|ddr_stream|avail[1]~121|sharein                                  ;
;   60.329 ;   0.780 ; FF ; CELL ; 4      ; LABCELL_X31_Y55_N3         ; emu|spath|ddr_stream|avail[1]~121|sumout                                   ;
;   60.952 ;   0.623 ; FF ; IC   ; 1      ; LABCELL_X30_Y55_N48        ; emu|spath|ddr_stream|Equal1~0|datad                                        ;
;   61.331 ;   0.379 ; FR ; CELL ; 3      ; LABCELL_X30_Y55_N48        ; emu|spath|ddr_stream|Equal1~0|combout                                      ;
;   61.599 ;   0.268 ; RR ; IC   ; 1      ; LABCELL_X30_Y55_N36        ; emu|spath|ddr_stream|Equal1~5|dataf                                        ;
;   61.686 ;   0.087 ; RR ; CELL ; 1      ; LABCELL_X30_Y55_N36        ; emu|spath|ddr_stream|Equal1~5|combout                                      ;
;   61.966 ;   0.280 ; RR ; IC   ; 1      ; LABCELL_X30_Y55_N6         ; emu|spath|ddr_stream|Equal1~4|datae                                        ;
;   62.215 ;   0.249 ; RR ; CELL ; 1      ; LABCELL_X30_Y55_N6         ; emu|spath|ddr_stream|Equal1~4|combout                                      ;
;   62.592 ;   0.377 ; RR ; IC   ; 1      ; LABCELL_X30_Y55_N24        ; emu|spath|ddr_stream|Equal1~1|datae                                        ;
;   62.843 ;   0.251 ; RR ; CELL ; 2      ; LABCELL_X30_Y55_N24        ; emu|spath|ddr_stream|Equal1~1|combout                                      ;
;   63.109 ;   0.266 ; RR ; IC   ; 1      ; LABCELL_X30_Y55_N12        ; emu|spath|ddr_stream|Equal1~2|datac                                        ;
;   63.516 ;   0.407 ; RR ; CELL ; 2      ; LABCELL_X30_Y55_N12        ; emu|spath|ddr_stream|Equal1~2|combout                                      ;
;   63.763 ;   0.247 ; RR ; IC   ; 1      ; LABCELL_X30_Y55_N42        ; emu|ddr_arb|m1_want_s1~2|dataf                                             ;
;   63.852 ;   0.089 ; RF ; CELL ; 1      ; LABCELL_X30_Y55_N42        ; emu|ddr_arb|m1_want_s1~2|combout                                           ;
;   63.852 ;   0.000 ; FF ; IC   ; 1      ; FF_X30_Y55_N44             ; emu|ddr_arb|m1_want_s1|d                                                   ;
;   64.114 ;   0.262 ; FF ; CELL ; 1      ; FF_X30_Y55_N44             ; emu:emu|ddr_bus_arbiter:ddr_arb|m1_want_s1                                 ;
+----------+---------+----+------+--------+----------------------------+----------------------------------------------------------------------------+

+----------------------------------------------------------------------------------------------------------------------------------------------------+
; Data Required Path                                                                                                                                 ;
+----------+----------+----+------+--------+----------------------------+----------------------------------------------------------------------------+
; Total    ; Incr     ; RF ; Type ; Fanout ; Location                   ; Element                                                                    ;
+----------+----------+----+------+--------+----------------------------+----------------------------------------------------------------------------+
; 55.555   ; 55.555   ;    ;      ;        ;                            ; latch edge time                                                            ;
; 63.062   ; 7.507    ;    ;      ;        ;                            ; clock path                                                                 ;
;   55.555 ;   0.000  ;    ;      ;        ;                            ; source latency                                                             ;
;   55.555 ;   0.000  ;    ;      ; 1      ; PIN_Y13                    ; FPGA_CLK2_50                                                               ;
;   55.555 ;   0.000  ; RR ; IC   ; 1      ; IOIBUF_X56_Y0_N1           ; FPGA_CLK2_50~input|i                                                       ;
;   56.316 ;   0.761  ; RR ; CELL ; 2      ; IOIBUF_X56_Y0_N1           ; FPGA_CLK2_50~input|o                                                       ;
;   57.487 ;   1.171  ; RR ; IC   ; 1      ; PLLREFCLKSELECT_X89_Y7_N0  ; emu|pll|pll_inst|altera_pll_i|general[0].gpll~PLL_REFCLK_SELECT|clkin[0]   ;
;   57.795 ;   0.308  ; RR ; CELL ; 1      ; PLLREFCLKSELECT_X89_Y7_N0  ; emu|pll|pll_inst|altera_pll_i|general[0].gpll~PLL_REFCLK_SELECT|clkout     ;
;   57.795 ;   0.000  ; RR ; IC   ; 10     ; FRACTIONALPLL_X89_Y1_N0    ; emu|pll|pll_inst|altera_pll_i|general[0].gpll~FRACTIONAL_PLL|refclkin      ;
;   57.575 ;   -0.220 ; RR ; COMP ; 2      ; FRACTIONALPLL_X89_Y1_N0    ; emu|pll|pll_inst|altera_pll_i|general[0].gpll~FRACTIONAL_PLL|vcoph[0]      ;
;   57.575 ;   0.000  ; RR ; IC   ; 1      ; PLLOUTPUTCOUNTER_X89_Y2_N1 ; emu|pll|pll_inst|altera_pll_i|general[2].gpll~PLL_OUTPUT_COUNTER|vco0ph[0] ;
;   58.843 ;   1.268  ; RR ; CELL ; 1      ; PLLOUTPUTCOUNTER_X89_Y2_N1 ; emu|pll|pll_inst|altera_pll_i|general[2].gpll~PLL_OUTPUT_COUNTER|divclk    ;
;   59.789 ;   0.946  ; RR ; IC   ; 1      ; CLKCTRL_G8                 ; emu|pll|pll_inst|altera_pll_i|outclk_wire[2]~CLKENA0|inclk                 ;
;   60.085 ;   0.296  ; RR ; CELL ; 1919   ; CLKCTRL_G8                 ; emu|pll|pll_inst|altera_pll_i|outclk_wire[2]~CLKENA0|outclk                ;
;   62.026 ;   1.941  ; RR ; IC   ; 1      ; FF_X30_Y55_N44             ; emu|ddr_arb|m1_want_s1|clk                                                 ;
;   62.537 ;   0.511  ; RR ; CELL ; 1      ; FF_X30_Y55_N44             ; emu:emu|ddr_bus_arbiter:ddr_arb|m1_want_s1                                 ;
;   63.062 ;   0.525  ;    ;      ;        ;                            ; clock pessimism removed                                                    ;
; 62.942   ; -0.120   ;    ;      ;        ;                            ; clock uncertainty                                                          ;
; 62.942   ; 0.000    ;    ; uTsu ; 1      ; FF_X30_Y55_N44             ; emu:emu|ddr_bus_arbiter:ddr_arb|m1_want_s1                                 ;
+----------+----------+----+------+--------+----------------------------+----------------------------------------------------------------------------+

----------------------------
; Extra Fitter Information ;
----------------------------
HTML report is unavailable in plain text report export.


Path #2: Setup slack is -1.041 (VIOLATED)
===============================================================================
+----------------------------------------------------------------------------------------------+
; Path Summary                                                                                 ;
+--------------------+-------------------------------------------------------------------------+
; Property           ; Value                                                                   ;
+--------------------+-------------------------------------------------------------------------+
; From Node          ; emu:emu|stream_path:spath|ddr_bitstream_reader:ddr_stream|read_count[2] ;
; To Node            ; emu:emu|ddr_bus_arbiter:ddr_arb|m1_want_s1                              ;
; Launch Clock       ; emu|pll|pll_inst|altera_pll_i|general[0].gpll~PLL_OUTPUT_COUNTER|divclk ;
; Latch Clock        ; emu|pll|pll_inst|altera_pll_i|general[2].gpll~PLL_OUTPUT_COUNTER|divclk ;
; Data Arrival Time  ; 63.983                                                                  ;
; Data Required Time ; 62.942                                                                  ;
; Slack              ; -1.041 (VIOLATED)                                                       ;
+--------------------+-------------------------------------------------------------------------+

+--------------------------------------------------------------------------------------+
; Statistics                                                                           ;
+------------------------+--------+-------+-------------+------------+--------+--------+
; Property               ; Value  ; Count ; Total Delay ; % of Total ; Min    ; Max    ;
+------------------------+--------+-------+-------------+------------+--------+--------+
; Setup Relationship     ; 5.555  ;       ;             ;            ;        ;        ;
; Clock Skew             ; -1.021 ;       ;             ;            ;        ;        ;
; Data Delay             ; 5.455  ;       ;             ;            ;        ;        ;
; Number of Logic Levels ;        ; 6     ;             ;            ;        ;        ;
; Physical Delays        ;        ;       ;             ;            ;        ;        ;
;  Arrival Path          ;        ;       ;             ;            ;        ;        ;
;   Clock                ;        ;       ;             ;            ;        ;        ;
;    IC                  ;        ; 6     ; 4.691       ; 55         ; 0.000  ; 2.318  ;
;    Cell                ;        ; 6     ; 3.837       ; 45         ; 0.116  ; 1.745  ;
;   Data                 ;        ;       ;             ;            ;        ;        ;
;    IC                  ;        ; 13    ; 2.210       ; 41         ; 0.000  ; 0.703  ;
;    Cell                ;        ; 14    ; 3.245       ; 59         ; 0.000  ; 0.984  ;
;    uTco                ;        ; 1     ; 0.000       ; 0          ; 0.000  ; 0.000  ;
;  Required Path         ;        ;       ;             ;            ;        ;        ;
;   Clock                ;        ;       ;             ;            ;        ;        ;
;    IC                  ;        ; 6     ; 4.058       ; 56         ; 0.000  ; 1.941  ;
;    Cell                ;        ; 5     ; 3.144       ; 44         ; 0.296  ; 1.268  ;
;    PLL Compensation    ;        ; 1     ; -0.220      ; 0          ; -0.220 ; -0.220 ;
+------------------------+--------+-------+-------------+------------+--------+--------+
Note: Negative delays are omitted from totals when calculating percentages

+---------------------------------------------------------------------------------------------------------------------------------------------------+
; Data Arrival Path                                                                                                                                 ;
+----------+---------+----+------+--------+----------------------------+----------------------------------------------------------------------------+
; Total    ; Incr    ; RF ; Type ; Fanout ; Location                   ; Element                                                                    ;
+----------+---------+----+------+--------+----------------------------+----------------------------------------------------------------------------+
; 50.000   ; 50.000  ;    ;      ;        ;                            ; launch edge time                                                           ;
; 58.528   ; 8.528   ;    ;      ;        ;                            ; clock path                                                                 ;
;   50.000 ;   0.000 ;    ;      ;        ;                            ; source latency                                                             ;
;   50.000 ;   0.000 ;    ;      ; 1      ; PIN_Y13                    ; FPGA_CLK2_50                                                               ;
;   50.000 ;   0.000 ; RR ; IC   ; 1      ; IOIBUF_X56_Y0_N1           ; FPGA_CLK2_50~input|i                                                       ;
;   50.761 ;   0.761 ; RR ; CELL ; 2      ; IOIBUF_X56_Y0_N1           ; FPGA_CLK2_50~input|o                                                       ;
;   52.096 ;   1.335 ; RR ; IC   ; 1      ; PLLREFCLKSELECT_X89_Y7_N0  ; emu|pll|pll_inst|altera_pll_i|general[0].gpll~PLL_REFCLK_SELECT|clkin[0]   ;
;   52.429 ;   0.333 ; RR ; CELL ; 1      ; PLLREFCLKSELECT_X89_Y7_N0  ; emu|pll|pll_inst|altera_pll_i|general[0].gpll~PLL_REFCLK_SELECT|clkout     ;
;   52.429 ;   0.000 ; RR ; IC   ; 10     ; FRACTIONALPLL_X89_Y1_N0    ; emu|pll|pll_inst|altera_pll_i|general[0].gpll~FRACTIONAL_PLL|refclkin      ;
;   52.545 ;   0.116 ; RR ; CELL ; 2      ; FRACTIONALPLL_X89_Y1_N0    ; emu|pll|pll_inst|altera_pll_i|general[0].gpll~FRACTIONAL_PLL|vcoph[0]      ;
;   52.545 ;   0.000 ; RR ; IC   ; 1      ; PLLOUTPUTCOUNTER_X89_Y5_N1 ; emu|pll|pll_inst|altera_pll_i|general[0].gpll~PLL_OUTPUT_COUNTER|vco0ph[0] ;
;   54.290 ;   1.745 ; RR ; CELL ; 3      ; PLLOUTPUTCOUNTER_X89_Y5_N1 ; emu|pll|pll_inst|altera_pll_i|general[0].gpll~PLL_OUTPUT_COUNTER|divclk    ;
;   55.328 ;   1.038 ; RR ; IC   ; 1      ; CLKCTRL_G4                 ; emu|pll|pll_inst|altera_pll_i|outclk_wire[0]~CLKENA0|inclk                 ;
;   55.632 ;   0.304 ; RR ; CELL ; 9021   ; CLKCTRL_G4                 ; emu|pll|pll_inst|altera_pll_i|outclk_wire[0]~CLKENA0|outclk                ;
;   57.950 ;   2.318 ; RR ; IC   ; 1      ; FF_X31_Y53_N14             ; emu|spath|ddr_stream|read_count[2]|clk                                     ;
;   58.528 ;   0.578 ; RR ; CELL ; 1      ; FF_X31_Y53_N14             ; emu:emu|stream_path:spath|ddr_bitstream_reader:ddr_stream|read_count[2]    ;
; 63.983   ; 5.455   ;    ;      ;        ;                            ; data path                                                                  ;
;   58.528 ;   0.000 ;    ; uTco ; 1      ; FF_X31_Y53_N14             ; emu:emu|stream_path:spath|ddr_bitstream_reader:ddr_stream|read_count[2]    ;
;   58.528 ;   0.000 ; FF ; CELL ; 7      ; FF_X31_Y53_N14             ; emu|spath|ddr_stream|read_count[2]|q                                       ;
;   59.231 ;   0.703 ; FF ; IC   ; 3      ; LABCELL_X31_Y55_N6         ; emu|spath|ddr_stream|avail[2]~125|dataa                                    ;
;   60.215 ;   0.984 ; FR ; CELL ; 1      ; LABCELL_X31_Y55_N6         ; emu|spath|ddr_stream|avail[2]~125|cout                                     ;
;   60.215 ;   0.000 ; RR ; IC   ; 2      ; LABCELL_X31_Y55_N9         ; emu|spath|ddr_stream|avail[3]~89|cin                                       ;
;   60.215 ;   0.000 ; RR ; CELL ; 1      ; LABCELL_X31_Y55_N9         ; emu|spath|ddr_stream|avail[3]~89|cout                                      ;
;   60.215 ;   0.000 ; RR ; IC   ; 2      ; LABCELL_X31_Y55_N12        ; emu|spath|ddr_stream|avail[4]~93|cin                                       ;
;   60.265 ;   0.050 ; RR ; CELL ; 1      ; LABCELL_X31_Y55_N12        ; emu|spath|ddr_stream|avail[4]~93|cout                                      ;
;   60.265 ;   0.000 ; RR ; IC   ; 2      ; LABCELL_X31_Y55_N15        ; emu|spath|ddr_stream|avail[5]~97|cin                                       ;
;   60.265 ;   0.000 ; RR ; CELL ; 1      ; LABCELL_X31_Y55_N15        ; emu|spath|ddr_stream|avail[5]~97|cout                                      ;
;   60.265 ;   0.000 ; RR ; IC   ; 2      ; LABCELL_X31_Y55_N18        ; emu|spath|ddr_stream|avail[6]~101|cin                                      ;
;   60.315 ;   0.050 ; RR ; CELL ; 1      ; LABCELL_X31_Y55_N18        ; emu|spath|ddr_stream|avail[6]~101|cout                                     ;
;   60.315 ;   0.000 ; RR ; IC   ; 2      ; LABCELL_X31_Y55_N21        ; emu|spath|ddr_stream|avail[7]~69|cin                                       ;
;   60.315 ;   0.000 ; RR ; CELL ; 1      ; LABCELL_X31_Y55_N21        ; emu|spath|ddr_stream|avail[7]~69|cout                                      ;
;   60.315 ;   0.000 ; RR ; IC   ; 2      ; LABCELL_X31_Y55_N24        ; emu|spath|ddr_stream|avail[8]~73|cin                                       ;
;   60.673 ;   0.358 ; RF ; CELL ; 3      ; LABCELL_X31_Y55_N24        ; emu|spath|ddr_stream|avail[8]~73|sumout                                    ;
;   61.010 ;   0.337 ; FF ; IC   ; 1      ; LABCELL_X30_Y55_N36        ; emu|spath|ddr_stream|Equal1~5|datab                                        ;
;   61.555 ;   0.545 ; FR ; CELL ; 1      ; LABCELL_X30_Y55_N36        ; emu|spath|ddr_stream|Equal1~5|combout                                      ;
;   61.835 ;   0.280 ; RR ; IC   ; 1      ; LABCELL_X30_Y55_N6         ; emu|spath|ddr_stream|Equal1~4|datae                                        ;
;   62.084 ;   0.249 ; RR ; CELL ; 1      ; LABCELL_X30_Y55_N6         ; emu|spath|ddr_stream|Equal1~4|combout                                      ;
;   62.461 ;   0.377 ; RR ; IC   ; 1      ; LABCELL_X30_Y55_N24        ; emu|spath|ddr_stream|Equal1~1|datae                                        ;
;   62.712 ;   0.251 ; RR ; CELL ; 2      ; LABCELL_X30_Y55_N24        ; emu|spath|ddr_stream|Equal1~1|combout                                      ;
;   62.978 ;   0.266 ; RR ; IC   ; 1      ; LABCELL_X30_Y55_N12        ; emu|spath|ddr_stream|Equal1~2|datac                                        ;
;   63.385 ;   0.407 ; RR ; CELL ; 2      ; LABCELL_X30_Y55_N12        ; emu|spath|ddr_stream|Equal1~2|combout                                      ;
;   63.632 ;   0.247 ; RR ; IC   ; 1      ; LABCELL_X30_Y55_N42        ; emu|ddr_arb|m1_want_s1~2|dataf                                             ;
;   63.721 ;   0.089 ; RF ; CELL ; 1      ; LABCELL_X30_Y55_N42        ; emu|ddr_arb|m1_want_s1~2|combout                                           ;
;   63.721 ;   0.000 ; FF ; IC   ; 1      ; FF_X30_Y55_N44             ; emu|ddr_arb|m1_want_s1|d                                                   ;
;   63.983 ;   0.262 ; FF ; CELL ; 1      ; FF_X30_Y55_N44             ; emu:emu|ddr_bus_arbiter:ddr_arb|m1_want_s1                                 ;
+----------+---------+----+------+--------+----------------------------+----------------------------------------------------------------------------+

+----------------------------------------------------------------------------------------------------------------------------------------------------+
; Data Required Path                                                                                                                                 ;
+----------+----------+----+------+--------+----------------------------+----------------------------------------------------------------------------+
; Total    ; Incr     ; RF ; Type ; Fanout ; Location                   ; Element                                                                    ;
+----------+----------+----+------+--------+----------------------------+----------------------------------------------------------------------------+
; 55.555   ; 55.555   ;    ;      ;        ;                            ; latch edge time                                                            ;
; 63.062   ; 7.507    ;    ;      ;        ;                            ; clock path                                                                 ;
;   55.555 ;   0.000  ;    ;      ;        ;                            ; source latency                                                             ;
;   55.555 ;   0.000  ;    ;      ; 1      ; PIN_Y13                    ; FPGA_CLK2_50                                                               ;
;   55.555 ;   0.000  ; RR ; IC   ; 1      ; IOIBUF_X56_Y0_N1           ; FPGA_CLK2_50~input|i                                                       ;
;   56.316 ;   0.761  ; RR ; CELL ; 2      ; IOIBUF_X56_Y0_N1           ; FPGA_CLK2_50~input|o                                                       ;
;   57.487 ;   1.171  ; RR ; IC   ; 1      ; PLLREFCLKSELECT_X89_Y7_N0  ; emu|pll|pll_inst|altera_pll_i|general[0].gpll~PLL_REFCLK_SELECT|clkin[0]   ;
;   57.795 ;   0.308  ; RR ; CELL ; 1      ; PLLREFCLKSELECT_X89_Y7_N0  ; emu|pll|pll_inst|altera_pll_i|general[0].gpll~PLL_REFCLK_SELECT|clkout     ;
;   57.795 ;   0.000  ; RR ; IC   ; 10     ; FRACTIONALPLL_X89_Y1_N0    ; emu|pll|pll_inst|altera_pll_i|general[0].gpll~FRACTIONAL_PLL|refclkin      ;
;   57.575 ;   -0.220 ; RR ; COMP ; 2      ; FRACTIONALPLL_X89_Y1_N0    ; emu|pll|pll_inst|altera_pll_i|general[0].gpll~FRACTIONAL_PLL|vcoph[0]      ;
;   57.575 ;   0.000  ; RR ; IC   ; 1      ; PLLOUTPUTCOUNTER_X89_Y2_N1 ; emu|pll|pll_inst|altera_pll_i|general[2].gpll~PLL_OUTPUT_COUNTER|vco0ph[0] ;
;   58.843 ;   1.268  ; RR ; CELL ; 1      ; PLLOUTPUTCOUNTER_X89_Y2_N1 ; emu|pll|pll_inst|altera_pll_i|general[2].gpll~PLL_OUTPUT_COUNTER|divclk    ;
;   59.789 ;   0.946  ; RR ; IC   ; 1      ; CLKCTRL_G8                 ; emu|pll|pll_inst|altera_pll_i|outclk_wire[2]~CLKENA0|inclk                 ;
;   60.085 ;   0.296  ; RR ; CELL ; 1919   ; CLKCTRL_G8                 ; emu|pll|pll_inst|altera_pll_i|outclk_wire[2]~CLKENA0|outclk                ;
;   62.026 ;   1.941  ; RR ; IC   ; 1      ; FF_X30_Y55_N44             ; emu|ddr_arb|m1_want_s1|clk                                                 ;
;   62.537 ;   0.511  ; RR ; CELL ; 1      ; FF_X30_Y55_N44             ; emu:emu|ddr_bus_arbiter:ddr_arb|m1_want_s1                                 ;
;   63.062 ;   0.525  ;    ;      ;        ;                            ; clock pessimism removed                                                    ;
; 62.942   ; -0.120   ;    ;      ;        ;                            ; clock uncertainty                                                          ;
; 62.942   ; 0.000    ;    ; uTsu ; 1      ; FF_X30_Y55_N44             ; emu:emu|ddr_bus_arbiter:ddr_arb|m1_want_s1                                 ;
+----------+----------+----+------+--------+----------------------------+----------------------------------------------------------------------------+

----------------------------
; Extra Fitter Information ;
----------------------------
HTML report is unavailable in plain text report export.


Path #3: Setup slack is -1.018 (VIOLATED)
===============================================================================
+----------------------------------------------------------------------------------------------+
; Path Summary                                                                                 ;
+--------------------+-------------------------------------------------------------------------+
; Property           ; Value                                                                   ;
+--------------------+-------------------------------------------------------------------------+
; From Node          ; emu:emu|stream_path:spath|ddr_bitstream_reader:ddr_stream|read_count[1] ;
; To Node            ; emu:emu|ddr_bus_arbiter:ddr_arb|m1_want_s1                              ;
; Launch Clock       ; emu|pll|pll_inst|altera_pll_i|general[0].gpll~PLL_OUTPUT_COUNTER|divclk ;
; Latch Clock        ; emu|pll|pll_inst|altera_pll_i|general[2].gpll~PLL_OUTPUT_COUNTER|divclk ;
; Data Arrival Time  ; 63.960                                                                  ;
; Data Required Time ; 62.942                                                                  ;
; Slack              ; -1.018 (VIOLATED)                                                       ;
+--------------------+-------------------------------------------------------------------------+

+--------------------------------------------------------------------------------------+
; Statistics                                                                           ;
+------------------------+--------+-------+-------------+------------+--------+--------+
; Property               ; Value  ; Count ; Total Delay ; % of Total ; Min    ; Max    ;
+------------------------+--------+-------+-------------+------------+--------+--------+
; Setup Relationship     ; 5.555  ;       ;             ;            ;        ;        ;
; Clock Skew             ; -1.069 ;       ;             ;            ;        ;        ;
; Data Delay             ; 5.384  ;       ;             ;            ;        ;        ;
; Number of Logic Levels ;        ; 7     ;             ;            ;        ;        ;
; Physical Delays        ;        ;       ;             ;            ;        ;        ;
;  Arrival Path          ;        ;       ;             ;            ;        ;        ;
;   Clock                ;        ;       ;             ;            ;        ;        ;
;    IC                  ;        ; 6     ; 4.739       ; 55         ; 0.000  ; 2.366  ;
;    Cell                ;        ; 6     ; 3.837       ; 45         ; 0.116  ; 1.745  ;
;   Data                 ;        ;       ;             ;            ;        ;        ;
;    IC                  ;        ; 8     ; 2.748       ; 51         ; 0.000  ; 0.687  ;
;    Cell                ;        ; 9     ; 2.636       ; 49         ; 0.000  ; 0.912  ;
;    uTco                ;        ; 1     ; 0.000       ; 0          ; 0.000  ; 0.000  ;
;  Required Path         ;        ;       ;             ;            ;        ;        ;
;   Clock                ;        ;       ;             ;            ;        ;        ;
;    IC                  ;        ; 6     ; 4.058       ; 56         ; 0.000  ; 1.941  ;
;    Cell                ;        ; 5     ; 3.144       ; 44         ; 0.296  ; 1.268  ;
;    PLL Compensation    ;        ; 1     ; -0.220      ; 0          ; -0.220 ; -0.220 ;
+------------------------+--------+-------+-------------+------------+--------+--------+
Note: Negative delays are omitted from totals when calculating percentages

+---------------------------------------------------------------------------------------------------------------------------------------------------+
; Data Arrival Path                                                                                                                                 ;
+----------+---------+----+------+--------+----------------------------+----------------------------------------------------------------------------+
; Total    ; Incr    ; RF ; Type ; Fanout ; Location                   ; Element                                                                    ;
+----------+---------+----+------+--------+----------------------------+----------------------------------------------------------------------------+
; 50.000   ; 50.000  ;    ;      ;        ;                            ; launch edge time                                                           ;
; 58.576   ; 8.576   ;    ;      ;        ;                            ; clock path                                                                 ;
;   50.000 ;   0.000 ;    ;      ;        ;                            ; source latency                                                             ;
;   50.000 ;   0.000 ;    ;      ; 1      ; PIN_Y13                    ; FPGA_CLK2_50                                                               ;
;   50.000 ;   0.000 ; RR ; IC   ; 1      ; IOIBUF_X56_Y0_N1           ; FPGA_CLK2_50~input|i                                                       ;
;   50.761 ;   0.761 ; RR ; CELL ; 2      ; IOIBUF_X56_Y0_N1           ; FPGA_CLK2_50~input|o                                                       ;
;   52.096 ;   1.335 ; RR ; IC   ; 1      ; PLLREFCLKSELECT_X89_Y7_N0  ; emu|pll|pll_inst|altera_pll_i|general[0].gpll~PLL_REFCLK_SELECT|clkin[0]   ;
;   52.429 ;   0.333 ; RR ; CELL ; 1      ; PLLREFCLKSELECT_X89_Y7_N0  ; emu|pll|pll_inst|altera_pll_i|general[0].gpll~PLL_REFCLK_SELECT|clkout     ;
;   52.429 ;   0.000 ; RR ; IC   ; 10     ; FRACTIONALPLL_X89_Y1_N0    ; emu|pll|pll_inst|altera_pll_i|general[0].gpll~FRACTIONAL_PLL|refclkin      ;
;   52.545 ;   0.116 ; RR ; CELL ; 2      ; FRACTIONALPLL_X89_Y1_N0    ; emu|pll|pll_inst|altera_pll_i|general[0].gpll~FRACTIONAL_PLL|vcoph[0]      ;
;   52.545 ;   0.000 ; RR ; IC   ; 1      ; PLLOUTPUTCOUNTER_X89_Y5_N1 ; emu|pll|pll_inst|altera_pll_i|general[0].gpll~PLL_OUTPUT_COUNTER|vco0ph[0] ;
;   54.290 ;   1.745 ; RR ; CELL ; 3      ; PLLOUTPUTCOUNTER_X89_Y5_N1 ; emu|pll|pll_inst|altera_pll_i|general[0].gpll~PLL_OUTPUT_COUNTER|divclk    ;
;   55.328 ;   1.038 ; RR ; IC   ; 1      ; CLKCTRL_G4                 ; emu|pll|pll_inst|altera_pll_i|outclk_wire[0]~CLKENA0|inclk                 ;
;   55.632 ;   0.304 ; RR ; CELL ; 9021   ; CLKCTRL_G4                 ; emu|pll|pll_inst|altera_pll_i|outclk_wire[0]~CLKENA0|outclk                ;
;   57.998 ;   2.366 ; RR ; IC   ; 1      ; FF_X34_Y55_N2              ; emu|spath|ddr_stream|read_count[1]|clk                                     ;
;   58.576 ;   0.578 ; RR ; CELL ; 1      ; FF_X34_Y55_N2              ; emu:emu|stream_path:spath|ddr_bitstream_reader:ddr_stream|read_count[1]    ;
; 63.960   ; 5.384   ;    ;      ;        ;                            ; data path                                                                  ;
;   58.576 ;   0.000 ;    ; uTco ; 1      ; FF_X34_Y55_N2              ; emu:emu|stream_path:spath|ddr_bitstream_reader:ddr_stream|read_count[1]    ;
;   58.576 ;   0.000 ; FF ; CELL ; 8      ; FF_X34_Y55_N2              ; emu|spath|ddr_stream|read_count[1]|q                                       ;
;   59.263 ;   0.687 ; FF ; IC   ; 3      ; LABCELL_X31_Y55_N3         ; emu|spath|ddr_stream|avail[1]~121|datad                                    ;
;   60.175 ;   0.912 ; FF ; CELL ; 4      ; LABCELL_X31_Y55_N3         ; emu|spath|ddr_stream|avail[1]~121|sumout                                   ;
;   60.798 ;   0.623 ; FF ; IC   ; 1      ; LABCELL_X30_Y55_N48        ; emu|spath|ddr_stream|Equal1~0|datad                                        ;
;   61.177 ;   0.379 ; FR ; CELL ; 3      ; LABCELL_X30_Y55_N48        ; emu|spath|ddr_stream|Equal1~0|combout                                      ;
;   61.445 ;   0.268 ; RR ; IC   ; 1      ; LABCELL_X30_Y55_N36        ; emu|spath|ddr_stream|Equal1~5|dataf                                        ;
;   61.532 ;   0.087 ; RR ; CELL ; 1      ; LABCELL_X30_Y55_N36        ; emu|spath|ddr_stream|Equal1~5|combout                                      ;
;   61.812 ;   0.280 ; RR ; IC   ; 1      ; LABCELL_X30_Y55_N6         ; emu|spath|ddr_stream|Equal1~4|datae                                        ;
;   62.061 ;   0.249 ; RR ; CELL ; 1      ; LABCELL_X30_Y55_N6         ; emu|spath|ddr_stream|Equal1~4|combout                                      ;
;   62.438 ;   0.377 ; RR ; IC   ; 1      ; LABCELL_X30_Y55_N24        ; emu|spath|ddr_stream|Equal1~1|datae                                        ;
;   62.689 ;   0.251 ; RR ; CELL ; 2      ; LABCELL_X30_Y55_N24        ; emu|spath|ddr_stream|Equal1~1|combout                                      ;
;   62.955 ;   0.266 ; RR ; IC   ; 1      ; LABCELL_X30_Y55_N12        ; emu|spath|ddr_stream|Equal1~2|datac                                        ;
;   63.362 ;   0.407 ; RR ; CELL ; 2      ; LABCELL_X30_Y55_N12        ; emu|spath|ddr_stream|Equal1~2|combout                                      ;
;   63.609 ;   0.247 ; RR ; IC   ; 1      ; LABCELL_X30_Y55_N42        ; emu|ddr_arb|m1_want_s1~2|dataf                                             ;
;   63.698 ;   0.089 ; RF ; CELL ; 1      ; LABCELL_X30_Y55_N42        ; emu|ddr_arb|m1_want_s1~2|combout                                           ;
;   63.698 ;   0.000 ; FF ; IC   ; 1      ; FF_X30_Y55_N44             ; emu|ddr_arb|m1_want_s1|d                                                   ;
;   63.960 ;   0.262 ; FF ; CELL ; 1      ; FF_X30_Y55_N44             ; emu:emu|ddr_bus_arbiter:ddr_arb|m1_want_s1                                 ;
+----------+---------+----+------+--------+----------------------------+----------------------------------------------------------------------------+

+----------------------------------------------------------------------------------------------------------------------------------------------------+
; Data Required Path                                                                                                                                 ;
+----------+----------+----+------+--------+----------------------------+----------------------------------------------------------------------------+
; Total    ; Incr     ; RF ; Type ; Fanout ; Location                   ; Element                                                                    ;
+----------+----------+----+------+--------+----------------------------+----------------------------------------------------------------------------+
; 55.555   ; 55.555   ;    ;      ;        ;                            ; latch edge time                                                            ;
; 63.062   ; 7.507    ;    ;      ;        ;                            ; clock path                                                                 ;
;   55.555 ;   0.000  ;    ;      ;        ;                            ; source latency                                                             ;
;   55.555 ;   0.000  ;    ;      ; 1      ; PIN_Y13                    ; FPGA_CLK2_50                                                               ;
;   55.555 ;   0.000  ; RR ; IC   ; 1      ; IOIBUF_X56_Y0_N1           ; FPGA_CLK2_50~input|i                                                       ;
;   56.316 ;   0.761  ; RR ; CELL ; 2      ; IOIBUF_X56_Y0_N1           ; FPGA_CLK2_50~input|o                                                       ;
;   57.487 ;   1.171  ; RR ; IC   ; 1      ; PLLREFCLKSELECT_X89_Y7_N0  ; emu|pll|pll_inst|altera_pll_i|general[0].gpll~PLL_REFCLK_SELECT|clkin[0]   ;
;   57.795 ;   0.308  ; RR ; CELL ; 1      ; PLLREFCLKSELECT_X89_Y7_N0  ; emu|pll|pll_inst|altera_pll_i|general[0].gpll~PLL_REFCLK_SELECT|clkout     ;
;   57.795 ;   0.000  ; RR ; IC   ; 10     ; FRACTIONALPLL_X89_Y1_N0    ; emu|pll|pll_inst|altera_pll_i|general[0].gpll~FRACTIONAL_PLL|refclkin      ;
;   57.575 ;   -0.220 ; RR ; COMP ; 2      ; FRACTIONALPLL_X89_Y1_N0    ; emu|pll|pll_inst|altera_pll_i|general[0].gpll~FRACTIONAL_PLL|vcoph[0]      ;
;   57.575 ;   0.000  ; RR ; IC   ; 1      ; PLLOUTPUTCOUNTER_X89_Y2_N1 ; emu|pll|pll_inst|altera_pll_i|general[2].gpll~PLL_OUTPUT_COUNTER|vco0ph[0] ;
;   58.843 ;   1.268  ; RR ; CELL ; 1      ; PLLOUTPUTCOUNTER_X89_Y2_N1 ; emu|pll|pll_inst|altera_pll_i|general[2].gpll~PLL_OUTPUT_COUNTER|divclk    ;
;   59.789 ;   0.946  ; RR ; IC   ; 1      ; CLKCTRL_G8                 ; emu|pll|pll_inst|altera_pll_i|outclk_wire[2]~CLKENA0|inclk                 ;
;   60.085 ;   0.296  ; RR ; CELL ; 1919   ; CLKCTRL_G8                 ; emu|pll|pll_inst|altera_pll_i|outclk_wire[2]~CLKENA0|outclk                ;
;   62.026 ;   1.941  ; RR ; IC   ; 1      ; FF_X30_Y55_N44             ; emu|ddr_arb|m1_want_s1|clk                                                 ;
;   62.537 ;   0.511  ; RR ; CELL ; 1      ; FF_X30_Y55_N44             ; emu:emu|ddr_bus_arbiter:ddr_arb|m1_want_s1                                 ;
;   63.062 ;   0.525  ;    ;      ;        ;                            ; clock pessimism removed                                                    ;
; 62.942   ; -0.120   ;    ;      ;        ;                            ; clock uncertainty                                                          ;
; 62.942   ; 0.000    ;    ; uTsu ; 1      ; FF_X30_Y55_N44             ; emu:emu|ddr_bus_arbiter:ddr_arb|m1_want_s1                                 ;
+----------+----------+----+------+--------+----------------------------+----------------------------------------------------------------------------+

----------------------------
; Extra Fitter Information ;
----------------------------
HTML report is unavailable in plain text report export.


Path #4: Setup slack is -1.016 (VIOLATED)
===============================================================================
+----------------------------------------------------------------------------------------------+
; Path Summary                                                                                 ;
+--------------------+-------------------------------------------------------------------------+
; Property           ; Value                                                                   ;
+--------------------+-------------------------------------------------------------------------+
; From Node          ; emu:emu|stream_path:spath|ddr_bitstream_reader:ddr_stream|read_count[5] ;
; To Node            ; emu:emu|ddr_bus_arbiter:ddr_arb|m1_want_s1                              ;
; Launch Clock       ; emu|pll|pll_inst|altera_pll_i|general[0].gpll~PLL_OUTPUT_COUNTER|divclk ;
; Latch Clock        ; emu|pll|pll_inst|altera_pll_i|general[2].gpll~PLL_OUTPUT_COUNTER|divclk ;
; Data Arrival Time  ; 63.958                                                                  ;
; Data Required Time ; 62.942                                                                  ;
; Slack              ; -1.016 (VIOLATED)                                                       ;
+--------------------+-------------------------------------------------------------------------+

+--------------------------------------------------------------------------------------+
; Statistics                                                                           ;
+------------------------+--------+-------+-------------+------------+--------+--------+
; Property               ; Value  ; Count ; Total Delay ; % of Total ; Min    ; Max    ;
+------------------------+--------+-------+-------------+------------+--------+--------+
; Setup Relationship     ; 5.555  ;       ;             ;            ;        ;        ;
; Clock Skew             ; -1.075 ;       ;             ;            ;        ;        ;
; Data Delay             ; 5.376  ;       ;             ;            ;        ;        ;
; Number of Logic Levels ;        ; 6     ;             ;            ;        ;        ;
; Physical Delays        ;        ;       ;             ;            ;        ;        ;
;  Arrival Path          ;        ;       ;             ;            ;        ;        ;
;   Clock                ;        ;       ;             ;            ;        ;        ;
;    IC                  ;        ; 6     ; 4.739       ; 55         ; 0.000  ; 2.366  ;
;    Cell                ;        ; 6     ; 3.843       ; 45         ; 0.116  ; 1.745  ;
;   Data                 ;        ;       ;             ;            ;        ;        ;
;    IC                  ;        ; 10    ; 2.418       ; 45         ; 0.000  ; 0.911  ;
;    Cell                ;        ; 11    ; 2.958       ; 55         ; 0.000  ; 0.747  ;
;    uTco                ;        ; 1     ; 0.000       ; 0          ; 0.000  ; 0.000  ;
;  Required Path         ;        ;       ;             ;            ;        ;        ;
;   Clock                ;        ;       ;             ;            ;        ;        ;
;    IC                  ;        ; 6     ; 4.058       ; 56         ; 0.000  ; 1.941  ;
;    Cell                ;        ; 5     ; 3.144       ; 44         ; 0.296  ; 1.268  ;
;    PLL Compensation    ;        ; 1     ; -0.220      ; 0          ; -0.220 ; -0.220 ;
+------------------------+--------+-------+-------------+------------+--------+--------+
Note: Negative delays are omitted from totals when calculating percentages

+---------------------------------------------------------------------------------------------------------------------------------------------------+
; Data Arrival Path                                                                                                                                 ;
+----------+---------+----+------+--------+----------------------------+----------------------------------------------------------------------------+
; Total    ; Incr    ; RF ; Type ; Fanout ; Location                   ; Element                                                                    ;
+----------+---------+----+------+--------+----------------------------+----------------------------------------------------------------------------+
; 50.000   ; 50.000  ;    ;      ;        ;                            ; launch edge time                                                           ;
; 58.582   ; 8.582   ;    ;      ;        ;                            ; clock path                                                                 ;
;   50.000 ;   0.000 ;    ;      ;        ;                            ; source latency                                                             ;
;   50.000 ;   0.000 ;    ;      ; 1      ; PIN_Y13                    ; FPGA_CLK2_50                                                               ;
;   50.000 ;   0.000 ; RR ; IC   ; 1      ; IOIBUF_X56_Y0_N1           ; FPGA_CLK2_50~input|i                                                       ;
;   50.761 ;   0.761 ; RR ; CELL ; 2      ; IOIBUF_X56_Y0_N1           ; FPGA_CLK2_50~input|o                                                       ;
;   52.096 ;   1.335 ; RR ; IC   ; 1      ; PLLREFCLKSELECT_X89_Y7_N0  ; emu|pll|pll_inst|altera_pll_i|general[0].gpll~PLL_REFCLK_SELECT|clkin[0]   ;
;   52.429 ;   0.333 ; RR ; CELL ; 1      ; PLLREFCLKSELECT_X89_Y7_N0  ; emu|pll|pll_inst|altera_pll_i|general[0].gpll~PLL_REFCLK_SELECT|clkout     ;
;   52.429 ;   0.000 ; RR ; IC   ; 10     ; FRACTIONALPLL_X89_Y1_N0    ; emu|pll|pll_inst|altera_pll_i|general[0].gpll~FRACTIONAL_PLL|refclkin      ;
;   52.545 ;   0.116 ; RR ; CELL ; 2      ; FRACTIONALPLL_X89_Y1_N0    ; emu|pll|pll_inst|altera_pll_i|general[0].gpll~FRACTIONAL_PLL|vcoph[0]      ;
;   52.545 ;   0.000 ; RR ; IC   ; 1      ; PLLOUTPUTCOUNTER_X89_Y5_N1 ; emu|pll|pll_inst|altera_pll_i|general[0].gpll~PLL_OUTPUT_COUNTER|vco0ph[0] ;
;   54.290 ;   1.745 ; RR ; CELL ; 3      ; PLLOUTPUTCOUNTER_X89_Y5_N1 ; emu|pll|pll_inst|altera_pll_i|general[0].gpll~PLL_OUTPUT_COUNTER|divclk    ;
;   55.328 ;   1.038 ; RR ; IC   ; 1      ; CLKCTRL_G4                 ; emu|pll|pll_inst|altera_pll_i|outclk_wire[0]~CLKENA0|inclk                 ;
;   55.632 ;   0.304 ; RR ; CELL ; 9021   ; CLKCTRL_G4                 ; emu|pll|pll_inst|altera_pll_i|outclk_wire[0]~CLKENA0|outclk                ;
;   57.998 ;   2.366 ; RR ; IC   ; 1      ; FF_X34_Y55_N11             ; emu|spath|ddr_stream|read_count[5]|clk                                     ;
;   58.582 ;   0.584 ; RR ; CELL ; 1      ; FF_X34_Y55_N11             ; emu:emu|stream_path:spath|ddr_bitstream_reader:ddr_stream|read_count[5]    ;
; 63.958   ; 5.376   ;    ;      ;        ;                            ; data path                                                                  ;
;   58.582 ;   0.000 ;    ; uTco ; 1      ; FF_X34_Y55_N11             ; emu:emu|stream_path:spath|ddr_bitstream_reader:ddr_stream|read_count[5]    ;
;   58.582 ;   0.000 ; FF ; CELL ; 4      ; FF_X34_Y55_N11             ; emu|spath|ddr_stream|read_count[5]|q                                       ;
;   59.493 ;   0.911 ; FF ; IC   ; 3      ; LABCELL_X31_Y55_N15        ; emu|spath|ddr_stream|avail[5]~97|datac                                     ;
;   60.240 ;   0.747 ; FR ; CELL ; 1      ; LABCELL_X31_Y55_N15        ; emu|spath|ddr_stream|avail[5]~97|cout                                      ;
;   60.240 ;   0.000 ; RR ; IC   ; 2      ; LABCELL_X31_Y55_N18        ; emu|spath|ddr_stream|avail[6]~101|cin                                      ;
;   60.290 ;   0.050 ; RR ; CELL ; 1      ; LABCELL_X31_Y55_N18        ; emu|spath|ddr_stream|avail[6]~101|cout                                     ;
;   60.290 ;   0.000 ; RR ; IC   ; 2      ; LABCELL_X31_Y55_N21        ; emu|spath|ddr_stream|avail[7]~69|cin                                       ;
;   60.290 ;   0.000 ; RR ; CELL ; 1      ; LABCELL_X31_Y55_N21        ; emu|spath|ddr_stream|avail[7]~69|cout                                      ;
;   60.290 ;   0.000 ; RR ; IC   ; 2      ; LABCELL_X31_Y55_N24        ; emu|spath|ddr_stream|avail[8]~73|cin                                       ;
;   60.648 ;   0.358 ; RF ; CELL ; 3      ; LABCELL_X31_Y55_N24        ; emu|spath|ddr_stream|avail[8]~73|sumout                                    ;
;   60.985 ;   0.337 ; FF ; IC   ; 1      ; LABCELL_X30_Y55_N36        ; emu|spath|ddr_stream|Equal1~5|datab                                        ;
;   61.530 ;   0.545 ; FR ; CELL ; 1      ; LABCELL_X30_Y55_N36        ; emu|spath|ddr_stream|Equal1~5|combout                                      ;
;   61.810 ;   0.280 ; RR ; IC   ; 1      ; LABCELL_X30_Y55_N6         ; emu|spath|ddr_stream|Equal1~4|datae                                        ;
;   62.059 ;   0.249 ; RR ; CELL ; 1      ; LABCELL_X30_Y55_N6         ; emu|spath|ddr_stream|Equal1~4|combout                                      ;
;   62.436 ;   0.377 ; RR ; IC   ; 1      ; LABCELL_X30_Y55_N24        ; emu|spath|ddr_stream|Equal1~1|datae                                        ;
;   62.687 ;   0.251 ; RR ; CELL ; 2      ; LABCELL_X30_Y55_N24        ; emu|spath|ddr_stream|Equal1~1|combout                                      ;
;   62.953 ;   0.266 ; RR ; IC   ; 1      ; LABCELL_X30_Y55_N12        ; emu|spath|ddr_stream|Equal1~2|datac                                        ;
;   63.360 ;   0.407 ; RR ; CELL ; 2      ; LABCELL_X30_Y55_N12        ; emu|spath|ddr_stream|Equal1~2|combout                                      ;
;   63.607 ;   0.247 ; RR ; IC   ; 1      ; LABCELL_X30_Y55_N42        ; emu|ddr_arb|m1_want_s1~2|dataf                                             ;
;   63.696 ;   0.089 ; RF ; CELL ; 1      ; LABCELL_X30_Y55_N42        ; emu|ddr_arb|m1_want_s1~2|combout                                           ;
;   63.696 ;   0.000 ; FF ; IC   ; 1      ; FF_X30_Y55_N44             ; emu|ddr_arb|m1_want_s1|d                                                   ;
;   63.958 ;   0.262 ; FF ; CELL ; 1      ; FF_X30_Y55_N44             ; emu:emu|ddr_bus_arbiter:ddr_arb|m1_want_s1                                 ;
+----------+---------+----+------+--------+----------------------------+----------------------------------------------------------------------------+

+----------------------------------------------------------------------------------------------------------------------------------------------------+
; Data Required Path                                                                                                                                 ;
+----------+----------+----+------+--------+----------------------------+----------------------------------------------------------------------------+
; Total    ; Incr     ; RF ; Type ; Fanout ; Location                   ; Element                                                                    ;
+----------+----------+----+------+--------+----------------------------+----------------------------------------------------------------------------+
; 55.555   ; 55.555   ;    ;      ;        ;                            ; latch edge time                                                            ;
; 63.062   ; 7.507    ;    ;      ;        ;                            ; clock path                                                                 ;
;   55.555 ;   0.000  ;    ;      ;        ;                            ; source latency                                                             ;
;   55.555 ;   0.000  ;    ;      ; 1      ; PIN_Y13                    ; FPGA_CLK2_50                                                               ;
;   55.555 ;   0.000  ; RR ; IC   ; 1      ; IOIBUF_X56_Y0_N1           ; FPGA_CLK2_50~input|i                                                       ;
;   56.316 ;   0.761  ; RR ; CELL ; 2      ; IOIBUF_X56_Y0_N1           ; FPGA_CLK2_50~input|o                                                       ;
;   57.487 ;   1.171  ; RR ; IC   ; 1      ; PLLREFCLKSELECT_X89_Y7_N0  ; emu|pll|pll_inst|altera_pll_i|general[0].gpll~PLL_REFCLK_SELECT|clkin[0]   ;
;   57.795 ;   0.308  ; RR ; CELL ; 1      ; PLLREFCLKSELECT_X89_Y7_N0  ; emu|pll|pll_inst|altera_pll_i|general[0].gpll~PLL_REFCLK_SELECT|clkout     ;
;   57.795 ;   0.000  ; RR ; IC   ; 10     ; FRACTIONALPLL_X89_Y1_N0    ; emu|pll|pll_inst|altera_pll_i|general[0].gpll~FRACTIONAL_PLL|refclkin      ;
;   57.575 ;   -0.220 ; RR ; COMP ; 2      ; FRACTIONALPLL_X89_Y1_N0    ; emu|pll|pll_inst|altera_pll_i|general[0].gpll~FRACTIONAL_PLL|vcoph[0]      ;
;   57.575 ;   0.000  ; RR ; IC   ; 1      ; PLLOUTPUTCOUNTER_X89_Y2_N1 ; emu|pll|pll_inst|altera_pll_i|general[2].gpll~PLL_OUTPUT_COUNTER|vco0ph[0] ;
;   58.843 ;   1.268  ; RR ; CELL ; 1      ; PLLOUTPUTCOUNTER_X89_Y2_N1 ; emu|pll|pll_inst|altera_pll_i|general[2].gpll~PLL_OUTPUT_COUNTER|divclk    ;
;   59.789 ;   0.946  ; RR ; IC   ; 1      ; CLKCTRL_G8                 ; emu|pll|pll_inst|altera_pll_i|outclk_wire[2]~CLKENA0|inclk                 ;
;   60.085 ;   0.296  ; RR ; CELL ; 1919   ; CLKCTRL_G8                 ; emu|pll|pll_inst|altera_pll_i|outclk_wire[2]~CLKENA0|outclk                ;
;   62.026 ;   1.941  ; RR ; IC   ; 1      ; FF_X30_Y55_N44             ; emu|ddr_arb|m1_want_s1|clk                                                 ;
;   62.537 ;   0.511  ; RR ; CELL ; 1      ; FF_X30_Y55_N44             ; emu:emu|ddr_bus_arbiter:ddr_arb|m1_want_s1                                 ;
;   63.062 ;   0.525  ;    ;      ;        ;                            ; clock pessimism removed                                                    ;
; 62.942   ; -0.120   ;    ;      ;        ;                            ; clock uncertainty                                                          ;
; 62.942   ; 0.000    ;    ; uTsu ; 1      ; FF_X30_Y55_N44             ; emu:emu|ddr_bus_arbiter:ddr_arb|m1_want_s1                                 ;
+----------+----------+----+------+--------+----------------------------+----------------------------------------------------------------------------+

----------------------------
; Extra Fitter Information ;
----------------------------
HTML report is unavailable in plain text report export.


Path #5: Setup slack is -1.009 (VIOLATED)
===============================================================================
+-----------------------------------------------------------------------------------------------+
; Path Summary                                                                                  ;
+--------------------+--------------------------------------------------------------------------+
; Property           ; Value                                                                    ;
+--------------------+--------------------------------------------------------------------------+
; From Node          ; emu:emu|stream_path:spath|ddr_bitstream_reader:ddr_stream|write_count[0] ;
; To Node            ; emu:emu|ddr_bus_arbiter:ddr_arb|m1_want_s1                               ;
; Launch Clock       ; emu|pll|pll_inst|altera_pll_i|general[0].gpll~PLL_OUTPUT_COUNTER|divclk  ;
; Latch Clock        ; emu|pll|pll_inst|altera_pll_i|general[2].gpll~PLL_OUTPUT_COUNTER|divclk  ;
; Data Arrival Time  ; 63.951                                                                   ;
; Data Required Time ; 62.942                                                                   ;
; Slack              ; -1.009 (VIOLATED)                                                        ;
+--------------------+--------------------------------------------------------------------------+

+--------------------------------------------------------------------------------------+
; Statistics                                                                           ;
+------------------------+--------+-------+-------------+------------+--------+--------+
; Property               ; Value  ; Count ; Total Delay ; % of Total ; Min    ; Max    ;
+------------------------+--------+-------+-------------+------------+--------+--------+
; Setup Relationship     ; 5.555  ;       ;             ;            ;        ;        ;
; Clock Skew             ; -1.011 ;       ;             ;            ;        ;        ;
; Data Delay             ; 5.433  ;       ;             ;            ;        ;        ;
; Number of Logic Levels ;        ; 7     ;             ;            ;        ;        ;
; Physical Delays        ;        ;       ;             ;            ;        ;        ;
;  Arrival Path          ;        ;       ;             ;            ;        ;        ;
;   Clock                ;        ;       ;             ;            ;        ;        ;
;    IC                  ;        ; 6     ; 4.693       ; 55         ; 0.000  ; 2.320  ;
;    Cell                ;        ; 6     ; 3.825       ; 45         ; 0.116  ; 1.745  ;
;   Data                 ;        ;       ;             ;            ;        ;        ;
;    IC                  ;        ; 9     ; 2.679       ; 49         ; 0.000  ; 0.623  ;
;    Cell                ;        ; 10    ; 2.754       ; 51         ; 0.000  ; 0.780  ;
;    uTco                ;        ; 1     ; 0.000       ; 0          ; 0.000  ; 0.000  ;
;  Required Path         ;        ;       ;             ;            ;        ;        ;
;   Clock                ;        ;       ;             ;            ;        ;        ;
;    IC                  ;        ; 6     ; 4.058       ; 56         ; 0.000  ; 1.941  ;
;    Cell                ;        ; 5     ; 3.144       ; 44         ; 0.296  ; 1.268  ;
;    PLL Compensation    ;        ; 1     ; -0.220      ; 0          ; -0.220 ; -0.220 ;
+------------------------+--------+-------+-------------+------------+--------+--------+
Note: Negative delays are omitted from totals when calculating percentages

+---------------------------------------------------------------------------------------------------------------------------------------------------+
; Data Arrival Path                                                                                                                                 ;
+----------+---------+----+------+--------+----------------------------+----------------------------------------------------------------------------+
; Total    ; Incr    ; RF ; Type ; Fanout ; Location                   ; Element                                                                    ;
+----------+---------+----+------+--------+----------------------------+----------------------------------------------------------------------------+
; 50.000   ; 50.000  ;    ;      ;        ;                            ; launch edge time                                                           ;
; 58.518   ; 8.518   ;    ;      ;        ;                            ; clock path                                                                 ;
;   50.000 ;   0.000 ;    ;      ;        ;                            ; source latency                                                             ;
;   50.000 ;   0.000 ;    ;      ; 1      ; PIN_Y13                    ; FPGA_CLK2_50                                                               ;
;   50.000 ;   0.000 ; RR ; IC   ; 1      ; IOIBUF_X56_Y0_N1           ; FPGA_CLK2_50~input|i                                                       ;
;   50.761 ;   0.761 ; RR ; CELL ; 2      ; IOIBUF_X56_Y0_N1           ; FPGA_CLK2_50~input|o                                                       ;
;   52.096 ;   1.335 ; RR ; IC   ; 1      ; PLLREFCLKSELECT_X89_Y7_N0  ; emu|pll|pll_inst|altera_pll_i|general[0].gpll~PLL_REFCLK_SELECT|clkin[0]   ;
;   52.429 ;   0.333 ; RR ; CELL ; 1      ; PLLREFCLKSELECT_X89_Y7_N0  ; emu|pll|pll_inst|altera_pll_i|general[0].gpll~PLL_REFCLK_SELECT|clkout     ;
;   52.429 ;   0.000 ; RR ; IC   ; 10     ; FRACTIONALPLL_X89_Y1_N0    ; emu|pll|pll_inst|altera_pll_i|general[0].gpll~FRACTIONAL_PLL|refclkin      ;
;   52.545 ;   0.116 ; RR ; CELL ; 2      ; FRACTIONALPLL_X89_Y1_N0    ; emu|pll|pll_inst|altera_pll_i|general[0].gpll~FRACTIONAL_PLL|vcoph[0]      ;
;   52.545 ;   0.000 ; RR ; IC   ; 1      ; PLLOUTPUTCOUNTER_X89_Y5_N1 ; emu|pll|pll_inst|altera_pll_i|general[0].gpll~PLL_OUTPUT_COUNTER|vco0ph[0] ;
;   54.290 ;   1.745 ; RR ; CELL ; 3      ; PLLOUTPUTCOUNTER_X89_Y5_N1 ; emu|pll|pll_inst|altera_pll_i|general[0].gpll~PLL_OUTPUT_COUNTER|divclk    ;
;   55.328 ;   1.038 ; RR ; IC   ; 1      ; CLKCTRL_G4                 ; emu|pll|pll_inst|altera_pll_i|outclk_wire[0]~CLKENA0|inclk                 ;
;   55.632 ;   0.304 ; RR ; CELL ; 9021   ; CLKCTRL_G4                 ; emu|pll|pll_inst|altera_pll_i|outclk_wire[0]~CLKENA0|outclk                ;
;   57.952 ;   2.320 ; RR ; IC   ; 1      ; FF_X30_Y55_N35             ; emu|spath|ddr_stream|write_count[0]|clk                                    ;
;   58.518 ;   0.566 ; RR ; CELL ; 1      ; FF_X30_Y55_N35             ; emu:emu|stream_path:spath|ddr_bitstream_reader:ddr_stream|write_count[0]   ;
; 63.951   ; 5.433   ;    ;      ;        ;                            ; data path                                                                  ;
;   58.518 ;   0.000 ;    ; uTco ; 1      ; FF_X30_Y55_N35             ; emu:emu|stream_path:spath|ddr_bitstream_reader:ddr_stream|write_count[0]   ;
;   58.518 ;   0.000 ; FF ; CELL ; 6      ; FF_X30_Y55_N35             ; emu|spath|ddr_stream|write_count[0]|q                                      ;
;   59.136 ;   0.618 ; FF ; IC   ; 1      ; LABCELL_X31_Y55_N0         ; emu|spath|ddr_stream|avail[0]~117|datac                                    ;
;   59.386 ;   0.250 ; FF ; CELL ; 1      ; LABCELL_X31_Y55_N0         ; emu|spath|ddr_stream|avail[0]~117|shareout                                 ;
;   59.386 ;   0.000 ; FF ; IC   ; 2      ; LABCELL_X31_Y55_N3         ; emu|spath|ddr_stream|avail[1]~121|sharein                                  ;
;   60.166 ;   0.780 ; FF ; CELL ; 4      ; LABCELL_X31_Y55_N3         ; emu|spath|ddr_stream|avail[1]~121|sumout                                   ;
;   60.789 ;   0.623 ; FF ; IC   ; 1      ; LABCELL_X30_Y55_N48        ; emu|spath|ddr_stream|Equal1~0|datad                                        ;
;   61.168 ;   0.379 ; FR ; CELL ; 3      ; LABCELL_X30_Y55_N48        ; emu|spath|ddr_stream|Equal1~0|combout                                      ;
;   61.436 ;   0.268 ; RR ; IC   ; 1      ; LABCELL_X30_Y55_N36        ; emu|spath|ddr_stream|Equal1~5|dataf                                        ;
;   61.523 ;   0.087 ; RR ; CELL ; 1      ; LABCELL_X30_Y55_N36        ; emu|spath|ddr_stream|Equal1~5|combout                                      ;
;   61.803 ;   0.280 ; RR ; IC   ; 1      ; LABCELL_X30_Y55_N6         ; emu|spath|ddr_stream|Equal1~4|datae                                        ;
;   62.052 ;   0.249 ; RR ; CELL ; 1      ; LABCELL_X30_Y55_N6         ; emu|spath|ddr_stream|Equal1~4|combout                                      ;
;   62.429 ;   0.377 ; RR ; IC   ; 1      ; LABCELL_X30_Y55_N24        ; emu|spath|ddr_stream|Equal1~1|datae                                        ;
;   62.680 ;   0.251 ; RR ; CELL ; 2      ; LABCELL_X30_Y55_N24        ; emu|spath|ddr_stream|Equal1~1|combout                                      ;
;   62.946 ;   0.266 ; RR ; IC   ; 1      ; LABCELL_X30_Y55_N12        ; emu|spath|ddr_stream|Equal1~2|datac                                        ;
;   63.353 ;   0.407 ; RR ; CELL ; 2      ; LABCELL_X30_Y55_N12        ; emu|spath|ddr_stream|Equal1~2|combout                                      ;
;   63.600 ;   0.247 ; RR ; IC   ; 1      ; LABCELL_X30_Y55_N42        ; emu|ddr_arb|m1_want_s1~2|dataf                                             ;
;   63.689 ;   0.089 ; RF ; CELL ; 1      ; LABCELL_X30_Y55_N42        ; emu|ddr_arb|m1_want_s1~2|combout                                           ;
;   63.689 ;   0.000 ; FF ; IC   ; 1      ; FF_X30_Y55_N44             ; emu|ddr_arb|m1_want_s1|d                                                   ;
;   63.951 ;   0.262 ; FF ; CELL ; 1      ; FF_X30_Y55_N44             ; emu:emu|ddr_bus_arbiter:ddr_arb|m1_want_s1                                 ;
+----------+---------+----+------+--------+----------------------------+----------------------------------------------------------------------------+

+----------------------------------------------------------------------------------------------------------------------------------------------------+
; Data Required Path                                                                                                                                 ;
+----------+----------+----+------+--------+----------------------------+----------------------------------------------------------------------------+
; Total    ; Incr     ; RF ; Type ; Fanout ; Location                   ; Element                                                                    ;
+----------+----------+----+------+--------+----------------------------+----------------------------------------------------------------------------+
; 55.555   ; 55.555   ;    ;      ;        ;                            ; latch edge time                                                            ;
; 63.062   ; 7.507    ;    ;      ;        ;                            ; clock path                                                                 ;
;   55.555 ;   0.000  ;    ;      ;        ;                            ; source latency                                                             ;
;   55.555 ;   0.000  ;    ;      ; 1      ; PIN_Y13                    ; FPGA_CLK2_50                                                               ;
;   55.555 ;   0.000  ; RR ; IC   ; 1      ; IOIBUF_X56_Y0_N1           ; FPGA_CLK2_50~input|i                                                       ;
;   56.316 ;   0.761  ; RR ; CELL ; 2      ; IOIBUF_X56_Y0_N1           ; FPGA_CLK2_50~input|o                                                       ;
;   57.487 ;   1.171  ; RR ; IC   ; 1      ; PLLREFCLKSELECT_X89_Y7_N0  ; emu|pll|pll_inst|altera_pll_i|general[0].gpll~PLL_REFCLK_SELECT|clkin[0]   ;
;   57.795 ;   0.308  ; RR ; CELL ; 1      ; PLLREFCLKSELECT_X89_Y7_N0  ; emu|pll|pll_inst|altera_pll_i|general[0].gpll~PLL_REFCLK_SELECT|clkout     ;
;   57.795 ;   0.000  ; RR ; IC   ; 10     ; FRACTIONALPLL_X89_Y1_N0    ; emu|pll|pll_inst|altera_pll_i|general[0].gpll~FRACTIONAL_PLL|refclkin      ;
;   57.575 ;   -0.220 ; RR ; COMP ; 2      ; FRACTIONALPLL_X89_Y1_N0    ; emu|pll|pll_inst|altera_pll_i|general[0].gpll~FRACTIONAL_PLL|vcoph[0]      ;
;   57.575 ;   0.000  ; RR ; IC   ; 1      ; PLLOUTPUTCOUNTER_X89_Y2_N1 ; emu|pll|pll_inst|altera_pll_i|general[2].gpll~PLL_OUTPUT_COUNTER|vco0ph[0] ;
;   58.843 ;   1.268  ; RR ; CELL ; 1      ; PLLOUTPUTCOUNTER_X89_Y2_N1 ; emu|pll|pll_inst|altera_pll_i|general[2].gpll~PLL_OUTPUT_COUNTER|divclk    ;
;   59.789 ;   0.946  ; RR ; IC   ; 1      ; CLKCTRL_G8                 ; emu|pll|pll_inst|altera_pll_i|outclk_wire[2]~CLKENA0|inclk                 ;
;   60.085 ;   0.296  ; RR ; CELL ; 1919   ; CLKCTRL_G8                 ; emu|pll|pll_inst|altera_pll_i|outclk_wire[2]~CLKENA0|outclk                ;
;   62.026 ;   1.941  ; RR ; IC   ; 1      ; FF_X30_Y55_N44             ; emu|ddr_arb|m1_want_s1|clk                                                 ;
;   62.537 ;   0.511  ; RR ; CELL ; 1      ; FF_X30_Y55_N44             ; emu:emu|ddr_bus_arbiter:ddr_arb|m1_want_s1                                 ;
;   63.062 ;   0.525  ;    ;      ;        ;                            ; clock pessimism removed                                                    ;
; 62.942   ; -0.120   ;    ;      ;        ;                            ; clock uncertainty                                                          ;
; 62.942   ; 0.000    ;    ; uTsu ; 1      ; FF_X30_Y55_N44             ; emu:emu|ddr_bus_arbiter:ddr_arb|m1_want_s1                                 ;
+----------+----------+----+------+--------+----------------------------+----------------------------------------------------------------------------+

----------------------------
; Extra Fitter Information ;
----------------------------
HTML report is unavailable in plain text report export.


Path #6: Setup slack is -0.993 (VIOLATED)
===============================================================================
+----------------------------------------------------------------------------------------------+
; Path Summary                                                                                 ;
+--------------------+-------------------------------------------------------------------------+
; Property           ; Value                                                                   ;
+--------------------+-------------------------------------------------------------------------+
; From Node          ; emu:emu|stream_path:spath|ddr_bitstream_reader:ddr_stream|read_count[5] ;
; To Node            ; emu:emu|ddr_bus_arbiter:ddr_arb|m1_want_s1                              ;
; Launch Clock       ; emu|pll|pll_inst|altera_pll_i|general[0].gpll~PLL_OUTPUT_COUNTER|divclk ;
; Latch Clock        ; emu|pll|pll_inst|altera_pll_i|general[2].gpll~PLL_OUTPUT_COUNTER|divclk ;
; Data Arrival Time  ; 63.935                                                                  ;
; Data Required Time ; 62.942                                                                  ;
; Slack              ; -0.993 (VIOLATED)                                                       ;
+--------------------+-------------------------------------------------------------------------+

+--------------------------------------------------------------------------------------+
; Statistics                                                                           ;
+------------------------+--------+-------+-------------+------------+--------+--------+
; Property               ; Value  ; Count ; Total Delay ; % of Total ; Min    ; Max    ;
+------------------------+--------+-------+-------------+------------+--------+--------+
; Setup Relationship     ; 5.555  ;       ;             ;            ;        ;        ;
; Clock Skew             ; -1.075 ;       ;             ;            ;        ;        ;
; Data Delay             ; 5.353  ;       ;             ;            ;        ;        ;
; Number of Logic Levels ;        ; 6     ;             ;            ;        ;        ;
; Physical Delays        ;        ;       ;             ;            ;        ;        ;
;  Arrival Path          ;        ;       ;             ;            ;        ;        ;
;   Clock                ;        ;       ;             ;            ;        ;        ;
;    IC                  ;        ; 6     ; 4.739       ; 55         ; 0.000  ; 2.366  ;
;    Cell                ;        ; 6     ; 3.843       ; 45         ; 0.116  ; 1.745  ;
;   Data                 ;        ;       ;             ;            ;        ;        ;
;    IC                  ;        ; 10    ; 2.418       ; 45         ; 0.000  ; 0.911  ;
;    Cell                ;        ; 11    ; 2.935       ; 55         ; 0.000  ; 0.545  ;
;    uTco                ;        ; 1     ; 0.000       ; 0          ; 0.000  ; 0.000  ;
;  Required Path         ;        ;       ;             ;            ;        ;        ;
;   Clock                ;        ;       ;             ;            ;        ;        ;
;    IC                  ;        ; 6     ; 4.058       ; 56         ; 0.000  ; 1.941  ;
;    Cell                ;        ; 5     ; 3.144       ; 44         ; 0.296  ; 1.268  ;
;    PLL Compensation    ;        ; 1     ; -0.220      ; 0          ; -0.220 ; -0.220 ;
+------------------------+--------+-------+-------------+------------+--------+--------+
Note: Negative delays are omitted from totals when calculating percentages

+---------------------------------------------------------------------------------------------------------------------------------------------------+
; Data Arrival Path                                                                                                                                 ;
+----------+---------+----+------+--------+----------------------------+----------------------------------------------------------------------------+
; Total    ; Incr    ; RF ; Type ; Fanout ; Location                   ; Element                                                                    ;
+----------+---------+----+------+--------+----------------------------+----------------------------------------------------------------------------+
; 50.000   ; 50.000  ;    ;      ;        ;                            ; launch edge time                                                           ;
; 58.582   ; 8.582   ;    ;      ;        ;                            ; clock path                                                                 ;
;   50.000 ;   0.000 ;    ;      ;        ;                            ; source latency                                                             ;
;   50.000 ;   0.000 ;    ;      ; 1      ; PIN_Y13                    ; FPGA_CLK2_50                                                               ;
;   50.000 ;   0.000 ; RR ; IC   ; 1      ; IOIBUF_X56_Y0_N1           ; FPGA_CLK2_50~input|i                                                       ;
;   50.761 ;   0.761 ; RR ; CELL ; 2      ; IOIBUF_X56_Y0_N1           ; FPGA_CLK2_50~input|o                                                       ;
;   52.096 ;   1.335 ; RR ; IC   ; 1      ; PLLREFCLKSELECT_X89_Y7_N0  ; emu|pll|pll_inst|altera_pll_i|general[0].gpll~PLL_REFCLK_SELECT|clkin[0]   ;
;   52.429 ;   0.333 ; RR ; CELL ; 1      ; PLLREFCLKSELECT_X89_Y7_N0  ; emu|pll|pll_inst|altera_pll_i|general[0].gpll~PLL_REFCLK_SELECT|clkout     ;
;   52.429 ;   0.000 ; RR ; IC   ; 10     ; FRACTIONALPLL_X89_Y1_N0    ; emu|pll|pll_inst|altera_pll_i|general[0].gpll~FRACTIONAL_PLL|refclkin      ;
;   52.545 ;   0.116 ; RR ; CELL ; 2      ; FRACTIONALPLL_X89_Y1_N0    ; emu|pll|pll_inst|altera_pll_i|general[0].gpll~FRACTIONAL_PLL|vcoph[0]      ;
;   52.545 ;   0.000 ; RR ; IC   ; 1      ; PLLOUTPUTCOUNTER_X89_Y5_N1 ; emu|pll|pll_inst|altera_pll_i|general[0].gpll~PLL_OUTPUT_COUNTER|vco0ph[0] ;
;   54.290 ;   1.745 ; RR ; CELL ; 3      ; PLLOUTPUTCOUNTER_X89_Y5_N1 ; emu|pll|pll_inst|altera_pll_i|general[0].gpll~PLL_OUTPUT_COUNTER|divclk    ;
;   55.328 ;   1.038 ; RR ; IC   ; 1      ; CLKCTRL_G4                 ; emu|pll|pll_inst|altera_pll_i|outclk_wire[0]~CLKENA0|inclk                 ;
;   55.632 ;   0.304 ; RR ; CELL ; 9021   ; CLKCTRL_G4                 ; emu|pll|pll_inst|altera_pll_i|outclk_wire[0]~CLKENA0|outclk                ;
;   57.998 ;   2.366 ; RR ; IC   ; 1      ; FF_X34_Y55_N11             ; emu|spath|ddr_stream|read_count[5]|clk                                     ;
;   58.582 ;   0.584 ; RR ; CELL ; 1      ; FF_X34_Y55_N11             ; emu:emu|stream_path:spath|ddr_bitstream_reader:ddr_stream|read_count[5]    ;
; 63.935   ; 5.353   ;    ;      ;        ;                            ; data path                                                                  ;
;   58.582 ;   0.000 ;    ; uTco ; 1      ; FF_X34_Y55_N11             ; emu:emu|stream_path:spath|ddr_bitstream_reader:ddr_stream|read_count[5]    ;
;   58.582 ;   0.000 ; FF ; CELL ; 4      ; FF_X34_Y55_N11             ; emu|spath|ddr_stream|read_count[5]|q                                       ;
;   59.493 ;   0.911 ; FF ; IC   ; 3      ; LABCELL_X31_Y55_N15        ; emu|spath|ddr_stream|avail[5]~97|datac                                     ;
;   59.761 ;   0.268 ; FR ; CELL ; 1      ; LABCELL_X31_Y55_N15        ; emu|spath|ddr_stream|avail[5]~97|shareout                                  ;
;   59.761 ;   0.000 ; RR ; IC   ; 2      ; LABCELL_X31_Y55_N18        ; emu|spath|ddr_stream|avail[6]~101|sharein                                  ;
;   60.267 ;   0.506 ; RR ; CELL ; 1      ; LABCELL_X31_Y55_N18        ; emu|spath|ddr_stream|avail[6]~101|cout                                     ;
;   60.267 ;   0.000 ; RR ; IC   ; 2      ; LABCELL_X31_Y55_N21        ; emu|spath|ddr_stream|avail[7]~69|cin                                       ;
;   60.267 ;   0.000 ; RR ; CELL ; 1      ; LABCELL_X31_Y55_N21        ; emu|spath|ddr_stream|avail[7]~69|cout                                      ;
;   60.267 ;   0.000 ; RR ; IC   ; 2      ; LABCELL_X31_Y55_N24        ; emu|spath|ddr_stream|avail[8]~73|cin                                       ;
;   60.625 ;   0.358 ; RF ; CELL ; 3      ; LABCELL_X31_Y55_N24        ; emu|spath|ddr_stream|avail[8]~73|sumout                                    ;
;   60.962 ;   0.337 ; FF ; IC   ; 1      ; LABCELL_X30_Y55_N36        ; emu|spath|ddr_stream|Equal1~5|datab                                        ;
;   61.507 ;   0.545 ; FR ; CELL ; 1      ; LABCELL_X30_Y55_N36        ; emu|spath|ddr_stream|Equal1~5|combout                                      ;
;   61.787 ;   0.280 ; RR ; IC   ; 1      ; LABCELL_X30_Y55_N6         ; emu|spath|ddr_stream|Equal1~4|datae                                        ;
;   62.036 ;   0.249 ; RR ; CELL ; 1      ; LABCELL_X30_Y55_N6         ; emu|spath|ddr_stream|Equal1~4|combout                                      ;
;   62.413 ;   0.377 ; RR ; IC   ; 1      ; LABCELL_X30_Y55_N24        ; emu|spath|ddr_stream|Equal1~1|datae                                        ;
;   62.664 ;   0.251 ; RR ; CELL ; 2      ; LABCELL_X30_Y55_N24        ; emu|spath|ddr_stream|Equal1~1|combout                                      ;
;   62.930 ;   0.266 ; RR ; IC   ; 1      ; LABCELL_X30_Y55_N12        ; emu|spath|ddr_stream|Equal1~2|datac                                        ;
;   63.337 ;   0.407 ; RR ; CELL ; 2      ; LABCELL_X30_Y55_N12        ; emu|spath|ddr_stream|Equal1~2|combout                                      ;
;   63.584 ;   0.247 ; RR ; IC   ; 1      ; LABCELL_X30_Y55_N42        ; emu|ddr_arb|m1_want_s1~2|dataf                                             ;
;   63.673 ;   0.089 ; RF ; CELL ; 1      ; LABCELL_X30_Y55_N42        ; emu|ddr_arb|m1_want_s1~2|combout                                           ;
;   63.673 ;   0.000 ; FF ; IC   ; 1      ; FF_X30_Y55_N44             ; emu|ddr_arb|m1_want_s1|d                                                   ;
;   63.935 ;   0.262 ; FF ; CELL ; 1      ; FF_X30_Y55_N44             ; emu:emu|ddr_bus_arbiter:ddr_arb|m1_want_s1                                 ;
+----------+---------+----+------+--------+----------------------------+----------------------------------------------------------------------------+

+----------------------------------------------------------------------------------------------------------------------------------------------------+
; Data Required Path                                                                                                                                 ;
+----------+----------+----+------+--------+----------------------------+----------------------------------------------------------------------------+
; Total    ; Incr     ; RF ; Type ; Fanout ; Location                   ; Element                                                                    ;
+----------+----------+----+------+--------+----------------------------+----------------------------------------------------------------------------+
; 55.555   ; 55.555   ;    ;      ;        ;                            ; latch edge time                                                            ;
; 63.062   ; 7.507    ;    ;      ;        ;                            ; clock path                                                                 ;
;   55.555 ;   0.000  ;    ;      ;        ;                            ; source latency                                                             ;
;   55.555 ;   0.000  ;    ;      ; 1      ; PIN_Y13                    ; FPGA_CLK2_50                                                               ;
;   55.555 ;   0.000  ; RR ; IC   ; 1      ; IOIBUF_X56_Y0_N1           ; FPGA_CLK2_50~input|i                                                       ;
;   56.316 ;   0.761  ; RR ; CELL ; 2      ; IOIBUF_X56_Y0_N1           ; FPGA_CLK2_50~input|o                                                       ;
;   57.487 ;   1.171  ; RR ; IC   ; 1      ; PLLREFCLKSELECT_X89_Y7_N0  ; emu|pll|pll_inst|altera_pll_i|general[0].gpll~PLL_REFCLK_SELECT|clkin[0]   ;
;   57.795 ;   0.308  ; RR ; CELL ; 1      ; PLLREFCLKSELECT_X89_Y7_N0  ; emu|pll|pll_inst|altera_pll_i|general[0].gpll~PLL_REFCLK_SELECT|clkout     ;
;   57.795 ;   0.000  ; RR ; IC   ; 10     ; FRACTIONALPLL_X89_Y1_N0    ; emu|pll|pll_inst|altera_pll_i|general[0].gpll~FRACTIONAL_PLL|refclkin      ;
;   57.575 ;   -0.220 ; RR ; COMP ; 2      ; FRACTIONALPLL_X89_Y1_N0    ; emu|pll|pll_inst|altera_pll_i|general[0].gpll~FRACTIONAL_PLL|vcoph[0]      ;
;   57.575 ;   0.000  ; RR ; IC   ; 1      ; PLLOUTPUTCOUNTER_X89_Y2_N1 ; emu|pll|pll_inst|altera_pll_i|general[2].gpll~PLL_OUTPUT_COUNTER|vco0ph[0] ;
;   58.843 ;   1.268  ; RR ; CELL ; 1      ; PLLOUTPUTCOUNTER_X89_Y2_N1 ; emu|pll|pll_inst|altera_pll_i|general[2].gpll~PLL_OUTPUT_COUNTER|divclk    ;
;   59.789 ;   0.946  ; RR ; IC   ; 1      ; CLKCTRL_G8                 ; emu|pll|pll_inst|altera_pll_i|outclk_wire[2]~CLKENA0|inclk                 ;
;   60.085 ;   0.296  ; RR ; CELL ; 1919   ; CLKCTRL_G8                 ; emu|pll|pll_inst|altera_pll_i|outclk_wire[2]~CLKENA0|outclk                ;
;   62.026 ;   1.941  ; RR ; IC   ; 1      ; FF_X30_Y55_N44             ; emu|ddr_arb|m1_want_s1|clk                                                 ;
;   62.537 ;   0.511  ; RR ; CELL ; 1      ; FF_X30_Y55_N44             ; emu:emu|ddr_bus_arbiter:ddr_arb|m1_want_s1                                 ;
;   63.062 ;   0.525  ;    ;      ;        ;                            ; clock pessimism removed                                                    ;
; 62.942   ; -0.120   ;    ;      ;        ;                            ; clock uncertainty                                                          ;
; 62.942   ; 0.000    ;    ; uTsu ; 1      ; FF_X30_Y55_N44             ; emu:emu|ddr_bus_arbiter:ddr_arb|m1_want_s1                                 ;
+----------+----------+----+------+--------+----------------------------+----------------------------------------------------------------------------+

----------------------------
; Extra Fitter Information ;
----------------------------
HTML report is unavailable in plain text report export.


Path #7: Setup slack is -0.985 (VIOLATED)
===============================================================================
+-----------------------------------------------------------------------------------------------+
; Path Summary                                                                                  ;
+--------------------+--------------------------------------------------------------------------+
; Property           ; Value                                                                    ;
+--------------------+--------------------------------------------------------------------------+
; From Node          ; emu:emu|stream_path:spath|ddr_bitstream_reader:ddr_stream|write_count[3] ;
; To Node            ; emu:emu|ddr_bus_arbiter:ddr_arb|m1_want_s1                               ;
; Launch Clock       ; emu|pll|pll_inst|altera_pll_i|general[0].gpll~PLL_OUTPUT_COUNTER|divclk  ;
; Latch Clock        ; emu|pll|pll_inst|altera_pll_i|general[2].gpll~PLL_OUTPUT_COUNTER|divclk  ;
; Data Arrival Time  ; 63.927                                                                   ;
; Data Required Time ; 62.942                                                                   ;
; Slack              ; -0.985 (VIOLATED)                                                        ;
+--------------------+--------------------------------------------------------------------------+

+--------------------------------------------------------------------------------------+
; Statistics                                                                           ;
+------------------------+--------+-------+-------------+------------+--------+--------+
; Property               ; Value  ; Count ; Total Delay ; % of Total ; Min    ; Max    ;
+------------------------+--------+-------+-------------+------------+--------+--------+
; Setup Relationship     ; 5.555  ;       ;             ;            ;        ;        ;
; Clock Skew             ; -1.012 ;       ;             ;            ;        ;        ;
; Data Delay             ; 5.408  ;       ;             ;            ;        ;        ;
; Number of Logic Levels ;        ; 6     ;             ;            ;        ;        ;
; Physical Delays        ;        ;       ;             ;            ;        ;        ;
;  Arrival Path          ;        ;       ;             ;            ;        ;        ;
;   Clock                ;        ;       ;             ;            ;        ;        ;
;    IC                  ;        ; 6     ; 4.691       ; 55         ; 0.000  ; 2.318  ;
;    Cell                ;        ; 6     ; 3.828       ; 45         ; 0.116  ; 1.745  ;
;   Data                 ;        ;       ;             ;            ;        ;        ;
;    IC                  ;        ; 12    ; 2.386       ; 44         ; 0.000  ; 0.879  ;
;    Cell                ;        ; 13    ; 3.022       ; 56         ; 0.000  ; 0.545  ;
;    uTco                ;        ; 1     ; 0.000       ; 0          ; 0.000  ; 0.000  ;
;  Required Path         ;        ;       ;             ;            ;        ;        ;
;   Clock                ;        ;       ;             ;            ;        ;        ;
;    IC                  ;        ; 6     ; 4.058       ; 56         ; 0.000  ; 1.941  ;
;    Cell                ;        ; 5     ; 3.144       ; 44         ; 0.296  ; 1.268  ;
;    PLL Compensation    ;        ; 1     ; -0.220      ; 0          ; -0.220 ; -0.220 ;
+------------------------+--------+-------+-------------+------------+--------+--------+
Note: Negative delays are omitted from totals when calculating percentages

+---------------------------------------------------------------------------------------------------------------------------------------------------+
; Data Arrival Path                                                                                                                                 ;
+----------+---------+----+------+--------+----------------------------+----------------------------------------------------------------------------+
; Total    ; Incr    ; RF ; Type ; Fanout ; Location                   ; Element                                                                    ;
+----------+---------+----+------+--------+----------------------------+----------------------------------------------------------------------------+
; 50.000   ; 50.000  ;    ;      ;        ;                            ; launch edge time                                                           ;
; 58.519   ; 8.519   ;    ;      ;        ;                            ; clock path                                                                 ;
;   50.000 ;   0.000 ;    ;      ;        ;                            ; source latency                                                             ;
;   50.000 ;   0.000 ;    ;      ; 1      ; PIN_Y13                    ; FPGA_CLK2_50                                                               ;
;   50.000 ;   0.000 ; RR ; IC   ; 1      ; IOIBUF_X56_Y0_N1           ; FPGA_CLK2_50~input|i                                                       ;
;   50.761 ;   0.761 ; RR ; CELL ; 2      ; IOIBUF_X56_Y0_N1           ; FPGA_CLK2_50~input|o                                                       ;
;   52.096 ;   1.335 ; RR ; IC   ; 1      ; PLLREFCLKSELECT_X89_Y7_N0  ; emu|pll|pll_inst|altera_pll_i|general[0].gpll~PLL_REFCLK_SELECT|clkin[0]   ;
;   52.429 ;   0.333 ; RR ; CELL ; 1      ; PLLREFCLKSELECT_X89_Y7_N0  ; emu|pll|pll_inst|altera_pll_i|general[0].gpll~PLL_REFCLK_SELECT|clkout     ;
;   52.429 ;   0.000 ; RR ; IC   ; 10     ; FRACTIONALPLL_X89_Y1_N0    ; emu|pll|pll_inst|altera_pll_i|general[0].gpll~FRACTIONAL_PLL|refclkin      ;
;   52.545 ;   0.116 ; RR ; CELL ; 2      ; FRACTIONALPLL_X89_Y1_N0    ; emu|pll|pll_inst|altera_pll_i|general[0].gpll~FRACTIONAL_PLL|vcoph[0]      ;
;   52.545 ;   0.000 ; RR ; IC   ; 1      ; PLLOUTPUTCOUNTER_X89_Y5_N1 ; emu|pll|pll_inst|altera_pll_i|general[0].gpll~PLL_OUTPUT_COUNTER|vco0ph[0] ;
;   54.290 ;   1.745 ; RR ; CELL ; 3      ; PLLOUTPUTCOUNTER_X89_Y5_N1 ; emu|pll|pll_inst|altera_pll_i|general[0].gpll~PLL_OUTPUT_COUNTER|divclk    ;
;   55.328 ;   1.038 ; RR ; IC   ; 1      ; CLKCTRL_G4                 ; emu|pll|pll_inst|altera_pll_i|outclk_wire[0]~CLKENA0|inclk                 ;
;   55.632 ;   0.304 ; RR ; CELL ; 9021   ; CLKCTRL_G4                 ; emu|pll|pll_inst|altera_pll_i|outclk_wire[0]~CLKENA0|outclk                ;
;   57.950 ;   2.318 ; RR ; IC   ; 1      ; FF_X31_Y53_N38             ; emu|spath|ddr_stream|write_count[3]|clk                                    ;
;   58.519 ;   0.569 ; RR ; CELL ; 1      ; FF_X31_Y53_N38             ; emu:emu|stream_path:spath|ddr_bitstream_reader:ddr_stream|write_count[3]   ;
; 63.927   ; 5.408   ;    ;      ;        ;                            ; data path                                                                  ;
;   58.519 ;   0.000 ;    ; uTco ; 1      ; FF_X31_Y53_N38             ; emu:emu|stream_path:spath|ddr_bitstream_reader:ddr_stream|write_count[3]   ;
;   58.519 ;   0.000 ; FF ; CELL ; 2      ; FF_X31_Y53_N38             ; emu|spath|ddr_stream|write_count[3]|q                                      ;
;   59.398 ;   0.879 ; FF ; IC   ; 3      ; LABCELL_X31_Y55_N9         ; emu|spath|ddr_stream|avail[3]~89|datad                                     ;
;   59.764 ;   0.366 ; FF ; CELL ; 1      ; LABCELL_X31_Y55_N9         ; emu|spath|ddr_stream|avail[3]~89|shareout                                  ;
;   59.764 ;   0.000 ; FF ; IC   ; 2      ; LABCELL_X31_Y55_N12        ; emu|spath|ddr_stream|avail[4]~93|sharein                                   ;
;   60.206 ;   0.442 ; FF ; CELL ; 1      ; LABCELL_X31_Y55_N12        ; emu|spath|ddr_stream|avail[4]~93|cout                                      ;
;   60.206 ;   0.000 ; FF ; IC   ; 2      ; LABCELL_X31_Y55_N15        ; emu|spath|ddr_stream|avail[5]~97|cin                                       ;
;   60.206 ;   0.000 ; FF ; CELL ; 1      ; LABCELL_X31_Y55_N15        ; emu|spath|ddr_stream|avail[5]~97|cout                                      ;
;   60.206 ;   0.000 ; FF ; IC   ; 2      ; LABCELL_X31_Y55_N18        ; emu|spath|ddr_stream|avail[6]~101|cin                                      ;
;   60.251 ;   0.045 ; FF ; CELL ; 1      ; LABCELL_X31_Y55_N18        ; emu|spath|ddr_stream|avail[6]~101|cout                                     ;
;   60.251 ;   0.000 ; FF ; IC   ; 2      ; LABCELL_X31_Y55_N21        ; emu|spath|ddr_stream|avail[7]~69|cin                                       ;
;   60.251 ;   0.000 ; FF ; CELL ; 1      ; LABCELL_X31_Y55_N21        ; emu|spath|ddr_stream|avail[7]~69|cout                                      ;
;   60.251 ;   0.000 ; FF ; IC   ; 2      ; LABCELL_X31_Y55_N24        ; emu|spath|ddr_stream|avail[8]~73|cin                                       ;
;   60.617 ;   0.366 ; FF ; CELL ; 3      ; LABCELL_X31_Y55_N24        ; emu|spath|ddr_stream|avail[8]~73|sumout                                    ;
;   60.954 ;   0.337 ; FF ; IC   ; 1      ; LABCELL_X30_Y55_N36        ; emu|spath|ddr_stream|Equal1~5|datab                                        ;
;   61.499 ;   0.545 ; FR ; CELL ; 1      ; LABCELL_X30_Y55_N36        ; emu|spath|ddr_stream|Equal1~5|combout                                      ;
;   61.779 ;   0.280 ; RR ; IC   ; 1      ; LABCELL_X30_Y55_N6         ; emu|spath|ddr_stream|Equal1~4|datae                                        ;
;   62.028 ;   0.249 ; RR ; CELL ; 1      ; LABCELL_X30_Y55_N6         ; emu|spath|ddr_stream|Equal1~4|combout                                      ;
;   62.405 ;   0.377 ; RR ; IC   ; 1      ; LABCELL_X30_Y55_N24        ; emu|spath|ddr_stream|Equal1~1|datae                                        ;
;   62.656 ;   0.251 ; RR ; CELL ; 2      ; LABCELL_X30_Y55_N24        ; emu|spath|ddr_stream|Equal1~1|combout                                      ;
;   62.922 ;   0.266 ; RR ; IC   ; 1      ; LABCELL_X30_Y55_N12        ; emu|spath|ddr_stream|Equal1~2|datac                                        ;
;   63.329 ;   0.407 ; RR ; CELL ; 2      ; LABCELL_X30_Y55_N12        ; emu|spath|ddr_stream|Equal1~2|combout                                      ;
;   63.576 ;   0.247 ; RR ; IC   ; 1      ; LABCELL_X30_Y55_N42        ; emu|ddr_arb|m1_want_s1~2|dataf                                             ;
;   63.665 ;   0.089 ; RF ; CELL ; 1      ; LABCELL_X30_Y55_N42        ; emu|ddr_arb|m1_want_s1~2|combout                                           ;
;   63.665 ;   0.000 ; FF ; IC   ; 1      ; FF_X30_Y55_N44             ; emu|ddr_arb|m1_want_s1|d                                                   ;
;   63.927 ;   0.262 ; FF ; CELL ; 1      ; FF_X30_Y55_N44             ; emu:emu|ddr_bus_arbiter:ddr_arb|m1_want_s1                                 ;
+----------+---------+----+------+--------+----------------------------+----------------------------------------------------------------------------+

+----------------------------------------------------------------------------------------------------------------------------------------------------+
; Data Required Path                                                                                                                                 ;
+----------+----------+----+------+--------+----------------------------+----------------------------------------------------------------------------+
; Total    ; Incr     ; RF ; Type ; Fanout ; Location                   ; Element                                                                    ;
+----------+----------+----+------+--------+----------------------------+----------------------------------------------------------------------------+
; 55.555   ; 55.555   ;    ;      ;        ;                            ; latch edge time                                                            ;
; 63.062   ; 7.507    ;    ;      ;        ;                            ; clock path                                                                 ;
;   55.555 ;   0.000  ;    ;      ;        ;                            ; source latency                                                             ;
;   55.555 ;   0.000  ;    ;      ; 1      ; PIN_Y13                    ; FPGA_CLK2_50                                                               ;
;   55.555 ;   0.000  ; RR ; IC   ; 1      ; IOIBUF_X56_Y0_N1           ; FPGA_CLK2_50~input|i                                                       ;
;   56.316 ;   0.761  ; RR ; CELL ; 2      ; IOIBUF_X56_Y0_N1           ; FPGA_CLK2_50~input|o                                                       ;
;   57.487 ;   1.171  ; RR ; IC   ; 1      ; PLLREFCLKSELECT_X89_Y7_N0  ; emu|pll|pll_inst|altera_pll_i|general[0].gpll~PLL_REFCLK_SELECT|clkin[0]   ;
;   57.795 ;   0.308  ; RR ; CELL ; 1      ; PLLREFCLKSELECT_X89_Y7_N0  ; emu|pll|pll_inst|altera_pll_i|general[0].gpll~PLL_REFCLK_SELECT|clkout     ;
;   57.795 ;   0.000  ; RR ; IC   ; 10     ; FRACTIONALPLL_X89_Y1_N0    ; emu|pll|pll_inst|altera_pll_i|general[0].gpll~FRACTIONAL_PLL|refclkin      ;
;   57.575 ;   -0.220 ; RR ; COMP ; 2      ; FRACTIONALPLL_X89_Y1_N0    ; emu|pll|pll_inst|altera_pll_i|general[0].gpll~FRACTIONAL_PLL|vcoph[0]      ;
;   57.575 ;   0.000  ; RR ; IC   ; 1      ; PLLOUTPUTCOUNTER_X89_Y2_N1 ; emu|pll|pll_inst|altera_pll_i|general[2].gpll~PLL_OUTPUT_COUNTER|vco0ph[0] ;
;   58.843 ;   1.268  ; RR ; CELL ; 1      ; PLLOUTPUTCOUNTER_X89_Y2_N1 ; emu|pll|pll_inst|altera_pll_i|general[2].gpll~PLL_OUTPUT_COUNTER|divclk    ;
;   59.789 ;   0.946  ; RR ; IC   ; 1      ; CLKCTRL_G8                 ; emu|pll|pll_inst|altera_pll_i|outclk_wire[2]~CLKENA0|inclk                 ;
;   60.085 ;   0.296  ; RR ; CELL ; 1919   ; CLKCTRL_G8                 ; emu|pll|pll_inst|altera_pll_i|outclk_wire[2]~CLKENA0|outclk                ;
;   62.026 ;   1.941  ; RR ; IC   ; 1      ; FF_X30_Y55_N44             ; emu|ddr_arb|m1_want_s1|clk                                                 ;
;   62.537 ;   0.511  ; RR ; CELL ; 1      ; FF_X30_Y55_N44             ; emu:emu|ddr_bus_arbiter:ddr_arb|m1_want_s1                                 ;
;   63.062 ;   0.525  ;    ;      ;        ;                            ; clock pessimism removed                                                    ;
; 62.942   ; -0.120   ;    ;      ;        ;                            ; clock uncertainty                                                          ;
; 62.942   ; 0.000    ;    ; uTsu ; 1      ; FF_X30_Y55_N44             ; emu:emu|ddr_bus_arbiter:ddr_arb|m1_want_s1                                 ;
+----------+----------+----+------+--------+----------------------------+----------------------------------------------------------------------------+

----------------------------
; Extra Fitter Information ;
----------------------------
HTML report is unavailable in plain text report export.


Path #8: Setup slack is -0.983 (VIOLATED)
===============================================================================
+----------------------------------------------------------------------------------------------+
; Path Summary                                                                                 ;
+--------------------+-------------------------------------------------------------------------+
; Property           ; Value                                                                   ;
+--------------------+-------------------------------------------------------------------------+
; From Node          ; emu:emu|stream_path:spath|ddr_bitstream_reader:ddr_stream|read_count[2] ;
; To Node            ; emu:emu|ddr_bus_arbiter:ddr_arb|m1_want_s1                              ;
; Launch Clock       ; emu|pll|pll_inst|altera_pll_i|general[0].gpll~PLL_OUTPUT_COUNTER|divclk ;
; Latch Clock        ; emu|pll|pll_inst|altera_pll_i|general[2].gpll~PLL_OUTPUT_COUNTER|divclk ;
; Data Arrival Time  ; 63.925                                                                  ;
; Data Required Time ; 62.942                                                                  ;
; Slack              ; -0.983 (VIOLATED)                                                       ;
+--------------------+-------------------------------------------------------------------------+

+--------------------------------------------------------------------------------------+
; Statistics                                                                           ;
+------------------------+--------+-------+-------------+------------+--------+--------+
; Property               ; Value  ; Count ; Total Delay ; % of Total ; Min    ; Max    ;
+------------------------+--------+-------+-------------+------------+--------+--------+
; Setup Relationship     ; 5.555  ;       ;             ;            ;        ;        ;
; Clock Skew             ; -1.021 ;       ;             ;            ;        ;        ;
; Data Delay             ; 5.397  ;       ;             ;            ;        ;        ;
; Number of Logic Levels ;        ; 6     ;             ;            ;        ;        ;
; Physical Delays        ;        ;       ;             ;            ;        ;        ;
;  Arrival Path          ;        ;       ;             ;            ;        ;        ;
;   Clock                ;        ;       ;             ;            ;        ;        ;
;    IC                  ;        ; 6     ; 4.691       ; 55         ; 0.000  ; 2.318  ;
;    Cell                ;        ; 6     ; 3.837       ; 45         ; 0.116  ; 1.745  ;
;   Data                 ;        ;       ;             ;            ;        ;        ;
;    IC                  ;        ; 13    ; 2.210       ; 41         ; 0.000  ; 0.703  ;
;    Cell                ;        ; 14    ; 3.187       ; 59         ; 0.000  ; 0.545  ;
;    uTco                ;        ; 1     ; 0.000       ; 0          ; 0.000  ; 0.000  ;
;  Required Path         ;        ;       ;             ;            ;        ;        ;
;   Clock                ;        ;       ;             ;            ;        ;        ;
;    IC                  ;        ; 6     ; 4.058       ; 56         ; 0.000  ; 1.941  ;
;    Cell                ;        ; 5     ; 3.144       ; 44         ; 0.296  ; 1.268  ;
;    PLL Compensation    ;        ; 1     ; -0.220      ; 0          ; -0.220 ; -0.220 ;
+------------------------+--------+-------+-------------+------------+--------+--------+
Note: Negative delays are omitted from totals when calculating percentages

+---------------------------------------------------------------------------------------------------------------------------------------------------+
; Data Arrival Path                                                                                                                                 ;
+----------+---------+----+------+--------+----------------------------+----------------------------------------------------------------------------+
; Total    ; Incr    ; RF ; Type ; Fanout ; Location                   ; Element                                                                    ;
+----------+---------+----+------+--------+----------------------------+----------------------------------------------------------------------------+
; 50.000   ; 50.000  ;    ;      ;        ;                            ; launch edge time                                                           ;
; 58.528   ; 8.528   ;    ;      ;        ;                            ; clock path                                                                 ;
;   50.000 ;   0.000 ;    ;      ;        ;                            ; source latency                                                             ;
;   50.000 ;   0.000 ;    ;      ; 1      ; PIN_Y13                    ; FPGA_CLK2_50                                                               ;
;   50.000 ;   0.000 ; RR ; IC   ; 1      ; IOIBUF_X56_Y0_N1           ; FPGA_CLK2_50~input|i                                                       ;
;   50.761 ;   0.761 ; RR ; CELL ; 2      ; IOIBUF_X56_Y0_N1           ; FPGA_CLK2_50~input|o                                                       ;
;   52.096 ;   1.335 ; RR ; IC   ; 1      ; PLLREFCLKSELECT_X89_Y7_N0  ; emu|pll|pll_inst|altera_pll_i|general[0].gpll~PLL_REFCLK_SELECT|clkin[0]   ;
;   52.429 ;   0.333 ; RR ; CELL ; 1      ; PLLREFCLKSELECT_X89_Y7_N0  ; emu|pll|pll_inst|altera_pll_i|general[0].gpll~PLL_REFCLK_SELECT|clkout     ;
;   52.429 ;   0.000 ; RR ; IC   ; 10     ; FRACTIONALPLL_X89_Y1_N0    ; emu|pll|pll_inst|altera_pll_i|general[0].gpll~FRACTIONAL_PLL|refclkin      ;
;   52.545 ;   0.116 ; RR ; CELL ; 2      ; FRACTIONALPLL_X89_Y1_N0    ; emu|pll|pll_inst|altera_pll_i|general[0].gpll~FRACTIONAL_PLL|vcoph[0]      ;
;   52.545 ;   0.000 ; RR ; IC   ; 1      ; PLLOUTPUTCOUNTER_X89_Y5_N1 ; emu|pll|pll_inst|altera_pll_i|general[0].gpll~PLL_OUTPUT_COUNTER|vco0ph[0] ;
;   54.290 ;   1.745 ; RR ; CELL ; 3      ; PLLOUTPUTCOUNTER_X89_Y5_N1 ; emu|pll|pll_inst|altera_pll_i|general[0].gpll~PLL_OUTPUT_COUNTER|divclk    ;
;   55.328 ;   1.038 ; RR ; IC   ; 1      ; CLKCTRL_G4                 ; emu|pll|pll_inst|altera_pll_i|outclk_wire[0]~CLKENA0|inclk                 ;
;   55.632 ;   0.304 ; RR ; CELL ; 9021   ; CLKCTRL_G4                 ; emu|pll|pll_inst|altera_pll_i|outclk_wire[0]~CLKENA0|outclk                ;
;   57.950 ;   2.318 ; RR ; IC   ; 1      ; FF_X31_Y53_N14             ; emu|spath|ddr_stream|read_count[2]|clk                                     ;
;   58.528 ;   0.578 ; RR ; CELL ; 1      ; FF_X31_Y53_N14             ; emu:emu|stream_path:spath|ddr_bitstream_reader:ddr_stream|read_count[2]    ;
; 63.925   ; 5.397   ;    ;      ;        ;                            ; data path                                                                  ;
;   58.528 ;   0.000 ;    ; uTco ; 1      ; FF_X31_Y53_N14             ; emu:emu|stream_path:spath|ddr_bitstream_reader:ddr_stream|read_count[2]    ;
;   58.528 ;   0.000 ; FF ; CELL ; 7      ; FF_X31_Y53_N14             ; emu|spath|ddr_stream|read_count[2]|q                                       ;
;   59.231 ;   0.703 ; FF ; IC   ; 3      ; LABCELL_X31_Y55_N6         ; emu|spath|ddr_stream|avail[2]~125|dataa                                    ;
;   59.668 ;   0.437 ; FR ; CELL ; 1      ; LABCELL_X31_Y55_N6         ; emu|spath|ddr_stream|avail[2]~125|shareout                                 ;
;   59.668 ;   0.000 ; RR ; IC   ; 2      ; LABCELL_X31_Y55_N9         ; emu|spath|ddr_stream|avail[3]~89|sharein                                   ;
;   60.157 ;   0.489 ; RR ; CELL ; 1      ; LABCELL_X31_Y55_N9         ; emu|spath|ddr_stream|avail[3]~89|cout                                      ;
;   60.157 ;   0.000 ; RR ; IC   ; 2      ; LABCELL_X31_Y55_N12        ; emu|spath|ddr_stream|avail[4]~93|cin                                       ;
;   60.207 ;   0.050 ; RR ; CELL ; 1      ; LABCELL_X31_Y55_N12        ; emu|spath|ddr_stream|avail[4]~93|cout                                      ;
;   60.207 ;   0.000 ; RR ; IC   ; 2      ; LABCELL_X31_Y55_N15        ; emu|spath|ddr_stream|avail[5]~97|cin                                       ;
;   60.207 ;   0.000 ; RR ; CELL ; 1      ; LABCELL_X31_Y55_N15        ; emu|spath|ddr_stream|avail[5]~97|cout                                      ;
;   60.207 ;   0.000 ; RR ; IC   ; 2      ; LABCELL_X31_Y55_N18        ; emu|spath|ddr_stream|avail[6]~101|cin                                      ;
;   60.257 ;   0.050 ; RR ; CELL ; 1      ; LABCELL_X31_Y55_N18        ; emu|spath|ddr_stream|avail[6]~101|cout                                     ;
;   60.257 ;   0.000 ; RR ; IC   ; 2      ; LABCELL_X31_Y55_N21        ; emu|spath|ddr_stream|avail[7]~69|cin                                       ;
;   60.257 ;   0.000 ; RR ; CELL ; 1      ; LABCELL_X31_Y55_N21        ; emu|spath|ddr_stream|avail[7]~69|cout                                      ;
;   60.257 ;   0.000 ; RR ; IC   ; 2      ; LABCELL_X31_Y55_N24        ; emu|spath|ddr_stream|avail[8]~73|cin                                       ;
;   60.615 ;   0.358 ; RF ; CELL ; 3      ; LABCELL_X31_Y55_N24        ; emu|spath|ddr_stream|avail[8]~73|sumout                                    ;
;   60.952 ;   0.337 ; FF ; IC   ; 1      ; LABCELL_X30_Y55_N36        ; emu|spath|ddr_stream|Equal1~5|datab                                        ;
;   61.497 ;   0.545 ; FR ; CELL ; 1      ; LABCELL_X30_Y55_N36        ; emu|spath|ddr_stream|Equal1~5|combout                                      ;
;   61.777 ;   0.280 ; RR ; IC   ; 1      ; LABCELL_X30_Y55_N6         ; emu|spath|ddr_stream|Equal1~4|datae                                        ;
;   62.026 ;   0.249 ; RR ; CELL ; 1      ; LABCELL_X30_Y55_N6         ; emu|spath|ddr_stream|Equal1~4|combout                                      ;
;   62.403 ;   0.377 ; RR ; IC   ; 1      ; LABCELL_X30_Y55_N24        ; emu|spath|ddr_stream|Equal1~1|datae                                        ;
;   62.654 ;   0.251 ; RR ; CELL ; 2      ; LABCELL_X30_Y55_N24        ; emu|spath|ddr_stream|Equal1~1|combout                                      ;
;   62.920 ;   0.266 ; RR ; IC   ; 1      ; LABCELL_X30_Y55_N12        ; emu|spath|ddr_stream|Equal1~2|datac                                        ;
;   63.327 ;   0.407 ; RR ; CELL ; 2      ; LABCELL_X30_Y55_N12        ; emu|spath|ddr_stream|Equal1~2|combout                                      ;
;   63.574 ;   0.247 ; RR ; IC   ; 1      ; LABCELL_X30_Y55_N42        ; emu|ddr_arb|m1_want_s1~2|dataf                                             ;
;   63.663 ;   0.089 ; RF ; CELL ; 1      ; LABCELL_X30_Y55_N42        ; emu|ddr_arb|m1_want_s1~2|combout                                           ;
;   63.663 ;   0.000 ; FF ; IC   ; 1      ; FF_X30_Y55_N44             ; emu|ddr_arb|m1_want_s1|d                                                   ;
;   63.925 ;   0.262 ; FF ; CELL ; 1      ; FF_X30_Y55_N44             ; emu:emu|ddr_bus_arbiter:ddr_arb|m1_want_s1                                 ;
+----------+---------+----+------+--------+----------------------------+----------------------------------------------------------------------------+

+----------------------------------------------------------------------------------------------------------------------------------------------------+
; Data Required Path                                                                                                                                 ;
+----------+----------+----+------+--------+----------------------------+----------------------------------------------------------------------------+
; Total    ; Incr     ; RF ; Type ; Fanout ; Location                   ; Element                                                                    ;
+----------+----------+----+------+--------+----------------------------+----------------------------------------------------------------------------+
; 55.555   ; 55.555   ;    ;      ;        ;                            ; latch edge time                                                            ;
; 63.062   ; 7.507    ;    ;      ;        ;                            ; clock path                                                                 ;
;   55.555 ;   0.000  ;    ;      ;        ;                            ; source latency                                                             ;
;   55.555 ;   0.000  ;    ;      ; 1      ; PIN_Y13                    ; FPGA_CLK2_50                                                               ;
;   55.555 ;   0.000  ; RR ; IC   ; 1      ; IOIBUF_X56_Y0_N1           ; FPGA_CLK2_50~input|i                                                       ;
;   56.316 ;   0.761  ; RR ; CELL ; 2      ; IOIBUF_X56_Y0_N1           ; FPGA_CLK2_50~input|o                                                       ;
;   57.487 ;   1.171  ; RR ; IC   ; 1      ; PLLREFCLKSELECT_X89_Y7_N0  ; emu|pll|pll_inst|altera_pll_i|general[0].gpll~PLL_REFCLK_SELECT|clkin[0]   ;
;   57.795 ;   0.308  ; RR ; CELL ; 1      ; PLLREFCLKSELECT_X89_Y7_N0  ; emu|pll|pll_inst|altera_pll_i|general[0].gpll~PLL_REFCLK_SELECT|clkout     ;
;   57.795 ;   0.000  ; RR ; IC   ; 10     ; FRACTIONALPLL_X89_Y1_N0    ; emu|pll|pll_inst|altera_pll_i|general[0].gpll~FRACTIONAL_PLL|refclkin      ;
;   57.575 ;   -0.220 ; RR ; COMP ; 2      ; FRACTIONALPLL_X89_Y1_N0    ; emu|pll|pll_inst|altera_pll_i|general[0].gpll~FRACTIONAL_PLL|vcoph[0]      ;
;   57.575 ;   0.000  ; RR ; IC   ; 1      ; PLLOUTPUTCOUNTER_X89_Y2_N1 ; emu|pll|pll_inst|altera_pll_i|general[2].gpll~PLL_OUTPUT_COUNTER|vco0ph[0] ;
;   58.843 ;   1.268  ; RR ; CELL ; 1      ; PLLOUTPUTCOUNTER_X89_Y2_N1 ; emu|pll|pll_inst|altera_pll_i|general[2].gpll~PLL_OUTPUT_COUNTER|divclk    ;
;   59.789 ;   0.946  ; RR ; IC   ; 1      ; CLKCTRL_G8                 ; emu|pll|pll_inst|altera_pll_i|outclk_wire[2]~CLKENA0|inclk                 ;
;   60.085 ;   0.296  ; RR ; CELL ; 1919   ; CLKCTRL_G8                 ; emu|pll|pll_inst|altera_pll_i|outclk_wire[2]~CLKENA0|outclk                ;
;   62.026 ;   1.941  ; RR ; IC   ; 1      ; FF_X30_Y55_N44             ; emu|ddr_arb|m1_want_s1|clk                                                 ;
;   62.537 ;   0.511  ; RR ; CELL ; 1      ; FF_X30_Y55_N44             ; emu:emu|ddr_bus_arbiter:ddr_arb|m1_want_s1                                 ;
;   63.062 ;   0.525  ;    ;      ;        ;                            ; clock pessimism removed                                                    ;
; 62.942   ; -0.120   ;    ;      ;        ;                            ; clock uncertainty                                                          ;
; 62.942   ; 0.000    ;    ; uTsu ; 1      ; FF_X30_Y55_N44             ; emu:emu|ddr_bus_arbiter:ddr_arb|m1_want_s1                                 ;
+----------+----------+----+------+--------+----------------------------+----------------------------------------------------------------------------+

----------------------------
; Extra Fitter Information ;
----------------------------
HTML report is unavailable in plain text report export.


Path #9: Setup slack is -0.969 (VIOLATED)
===============================================================================
+-----------------------------------------------------------------------------------------------+
; Path Summary                                                                                  ;
+--------------------+--------------------------------------------------------------------------+
; Property           ; Value                                                                    ;
+--------------------+--------------------------------------------------------------------------+
; From Node          ; emu:emu|stream_path:spath|ddr_bitstream_reader:ddr_stream|write_count[6] ;
; To Node            ; emu:emu|ddr_bus_arbiter:ddr_arb|m1_want_s1                               ;
; Launch Clock       ; emu|pll|pll_inst|altera_pll_i|general[0].gpll~PLL_OUTPUT_COUNTER|divclk  ;
; Latch Clock        ; emu|pll|pll_inst|altera_pll_i|general[2].gpll~PLL_OUTPUT_COUNTER|divclk  ;
; Data Arrival Time  ; 63.911                                                                   ;
; Data Required Time ; 62.942                                                                   ;
; Slack              ; -0.969 (VIOLATED)                                                        ;
+--------------------+--------------------------------------------------------------------------+

+--------------------------------------------------------------------------------------+
; Statistics                                                                           ;
+------------------------+--------+-------+-------------+------------+--------+--------+
; Property               ; Value  ; Count ; Total Delay ; % of Total ; Min    ; Max    ;
+------------------------+--------+-------+-------------+------------+--------+--------+
; Setup Relationship     ; 5.555  ;       ;             ;            ;        ;        ;
; Clock Skew             ; -1.015 ;       ;             ;            ;        ;        ;
; Data Delay             ; 5.389  ;       ;             ;            ;        ;        ;
; Number of Logic Levels ;        ; 6     ;             ;            ;        ;        ;
; Physical Delays        ;        ;       ;             ;            ;        ;        ;
;  Arrival Path          ;        ;       ;             ;            ;        ;        ;
;   Clock                ;        ;       ;             ;            ;        ;        ;
;    IC                  ;        ; 6     ; 4.691       ; 55         ; 0.000  ; 2.318  ;
;    Cell                ;        ; 6     ; 3.831       ; 45         ; 0.116  ; 1.745  ;
;   Data                 ;        ;       ;             ;            ;        ;        ;
;    IC                  ;        ; 9     ; 2.379       ; 44         ; 0.000  ; 0.872  ;
;    Cell                ;        ; 10    ; 3.010       ; 56         ; 0.000  ; 0.849  ;
;    uTco                ;        ; 1     ; 0.000       ; 0          ; 0.000  ; 0.000  ;
;  Required Path         ;        ;       ;             ;            ;        ;        ;
;   Clock                ;        ;       ;             ;            ;        ;        ;
;    IC                  ;        ; 6     ; 4.058       ; 56         ; 0.000  ; 1.941  ;
;    Cell                ;        ; 5     ; 3.144       ; 44         ; 0.296  ; 1.268  ;
;    PLL Compensation    ;        ; 1     ; -0.220      ; 0          ; -0.220 ; -0.220 ;
+------------------------+--------+-------+-------------+------------+--------+--------+
Note: Negative delays are omitted from totals when calculating percentages

+---------------------------------------------------------------------------------------------------------------------------------------------------+
; Data Arrival Path                                                                                                                                 ;
+----------+---------+----+------+--------+----------------------------+----------------------------------------------------------------------------+
; Total    ; Incr    ; RF ; Type ; Fanout ; Location                   ; Element                                                                    ;
+----------+---------+----+------+--------+----------------------------+----------------------------------------------------------------------------+
; 50.000   ; 50.000  ;    ;      ;        ;                            ; launch edge time                                                           ;
; 58.522   ; 8.522   ;    ;      ;        ;                            ; clock path                                                                 ;
;   50.000 ;   0.000 ;    ;      ;        ;                            ; source latency                                                             ;
;   50.000 ;   0.000 ;    ;      ; 1      ; PIN_Y13                    ; FPGA_CLK2_50                                                               ;
;   50.000 ;   0.000 ; RR ; IC   ; 1      ; IOIBUF_X56_Y0_N1           ; FPGA_CLK2_50~input|i                                                       ;
;   50.761 ;   0.761 ; RR ; CELL ; 2      ; IOIBUF_X56_Y0_N1           ; FPGA_CLK2_50~input|o                                                       ;
;   52.096 ;   1.335 ; RR ; IC   ; 1      ; PLLREFCLKSELECT_X89_Y7_N0  ; emu|pll|pll_inst|altera_pll_i|general[0].gpll~PLL_REFCLK_SELECT|clkin[0]   ;
;   52.429 ;   0.333 ; RR ; CELL ; 1      ; PLLREFCLKSELECT_X89_Y7_N0  ; emu|pll|pll_inst|altera_pll_i|general[0].gpll~PLL_REFCLK_SELECT|clkout     ;
;   52.429 ;   0.000 ; RR ; IC   ; 10     ; FRACTIONALPLL_X89_Y1_N0    ; emu|pll|pll_inst|altera_pll_i|general[0].gpll~FRACTIONAL_PLL|refclkin      ;
;   52.545 ;   0.116 ; RR ; CELL ; 2      ; FRACTIONALPLL_X89_Y1_N0    ; emu|pll|pll_inst|altera_pll_i|general[0].gpll~FRACTIONAL_PLL|vcoph[0]      ;
;   52.545 ;   0.000 ; RR ; IC   ; 1      ; PLLOUTPUTCOUNTER_X89_Y5_N1 ; emu|pll|pll_inst|altera_pll_i|general[0].gpll~PLL_OUTPUT_COUNTER|vco0ph[0] ;
;   54.290 ;   1.745 ; RR ; CELL ; 3      ; PLLOUTPUTCOUNTER_X89_Y5_N1 ; emu|pll|pll_inst|altera_pll_i|general[0].gpll~PLL_OUTPUT_COUNTER|divclk    ;
;   55.328 ;   1.038 ; RR ; IC   ; 1      ; CLKCTRL_G4                 ; emu|pll|pll_inst|altera_pll_i|outclk_wire[0]~CLKENA0|inclk                 ;
;   55.632 ;   0.304 ; RR ; CELL ; 9021   ; CLKCTRL_G4                 ; emu|pll|pll_inst|altera_pll_i|outclk_wire[0]~CLKENA0|outclk                ;
;   57.950 ;   2.318 ; RR ; IC   ; 1      ; FF_X31_Y53_N7              ; emu|spath|ddr_stream|write_count[6]|clk                                    ;
;   58.522 ;   0.572 ; RR ; CELL ; 1      ; FF_X31_Y53_N7              ; emu:emu|stream_path:spath|ddr_bitstream_reader:ddr_stream|write_count[6]   ;
; 63.911   ; 5.389   ;    ;      ;        ;                            ; data path                                                                  ;
;   58.522 ;   0.000 ;    ; uTco ; 1      ; FF_X31_Y53_N7              ; emu:emu|stream_path:spath|ddr_bitstream_reader:ddr_stream|write_count[6]   ;
;   58.522 ;   0.000 ; FF ; CELL ; 2      ; FF_X31_Y53_N7              ; emu|spath|ddr_stream|write_count[6]|q                                      ;
;   59.394 ;   0.872 ; FF ; IC   ; 3      ; LABCELL_X31_Y55_N18        ; emu|spath|ddr_stream|avail[6]~101|datac                                    ;
;   60.243 ;   0.849 ; FR ; CELL ; 1      ; LABCELL_X31_Y55_N18        ; emu|spath|ddr_stream|avail[6]~101|cout                                     ;
;   60.243 ;   0.000 ; RR ; IC   ; 2      ; LABCELL_X31_Y55_N21        ; emu|spath|ddr_stream|avail[7]~69|cin                                       ;
;   60.243 ;   0.000 ; RR ; CELL ; 1      ; LABCELL_X31_Y55_N21        ; emu|spath|ddr_stream|avail[7]~69|cout                                      ;
;   60.243 ;   0.000 ; RR ; IC   ; 2      ; LABCELL_X31_Y55_N24        ; emu|spath|ddr_stream|avail[8]~73|cin                                       ;
;   60.601 ;   0.358 ; RF ; CELL ; 3      ; LABCELL_X31_Y55_N24        ; emu|spath|ddr_stream|avail[8]~73|sumout                                    ;
;   60.938 ;   0.337 ; FF ; IC   ; 1      ; LABCELL_X30_Y55_N36        ; emu|spath|ddr_stream|Equal1~5|datab                                        ;
;   61.483 ;   0.545 ; FR ; CELL ; 1      ; LABCELL_X30_Y55_N36        ; emu|spath|ddr_stream|Equal1~5|combout                                      ;
;   61.763 ;   0.280 ; RR ; IC   ; 1      ; LABCELL_X30_Y55_N6         ; emu|spath|ddr_stream|Equal1~4|datae                                        ;
;   62.012 ;   0.249 ; RR ; CELL ; 1      ; LABCELL_X30_Y55_N6         ; emu|spath|ddr_stream|Equal1~4|combout                                      ;
;   62.389 ;   0.377 ; RR ; IC   ; 1      ; LABCELL_X30_Y55_N24        ; emu|spath|ddr_stream|Equal1~1|datae                                        ;
;   62.640 ;   0.251 ; RR ; CELL ; 2      ; LABCELL_X30_Y55_N24        ; emu|spath|ddr_stream|Equal1~1|combout                                      ;
;   62.906 ;   0.266 ; RR ; IC   ; 1      ; LABCELL_X30_Y55_N12        ; emu|spath|ddr_stream|Equal1~2|datac                                        ;
;   63.313 ;   0.407 ; RR ; CELL ; 2      ; LABCELL_X30_Y55_N12        ; emu|spath|ddr_stream|Equal1~2|combout                                      ;
;   63.560 ;   0.247 ; RR ; IC   ; 1      ; LABCELL_X30_Y55_N42        ; emu|ddr_arb|m1_want_s1~2|dataf                                             ;
;   63.649 ;   0.089 ; RF ; CELL ; 1      ; LABCELL_X30_Y55_N42        ; emu|ddr_arb|m1_want_s1~2|combout                                           ;
;   63.649 ;   0.000 ; FF ; IC   ; 1      ; FF_X30_Y55_N44             ; emu|ddr_arb|m1_want_s1|d                                                   ;
;   63.911 ;   0.262 ; FF ; CELL ; 1      ; FF_X30_Y55_N44             ; emu:emu|ddr_bus_arbiter:ddr_arb|m1_want_s1                                 ;
+----------+---------+----+------+--------+----------------------------+----------------------------------------------------------------------------+

+----------------------------------------------------------------------------------------------------------------------------------------------------+
; Data Required Path                                                                                                                                 ;
+----------+----------+----+------+--------+----------------------------+----------------------------------------------------------------------------+
; Total    ; Incr     ; RF ; Type ; Fanout ; Location                   ; Element                                                                    ;
+----------+----------+----+------+--------+----------------------------+----------------------------------------------------------------------------+
; 55.555   ; 55.555   ;    ;      ;        ;                            ; latch edge time                                                            ;
; 63.062   ; 7.507    ;    ;      ;        ;                            ; clock path                                                                 ;
;   55.555 ;   0.000  ;    ;      ;        ;                            ; source latency                                                             ;
;   55.555 ;   0.000  ;    ;      ; 1      ; PIN_Y13                    ; FPGA_CLK2_50                                                               ;
;   55.555 ;   0.000  ; RR ; IC   ; 1      ; IOIBUF_X56_Y0_N1           ; FPGA_CLK2_50~input|i                                                       ;
;   56.316 ;   0.761  ; RR ; CELL ; 2      ; IOIBUF_X56_Y0_N1           ; FPGA_CLK2_50~input|o                                                       ;
;   57.487 ;   1.171  ; RR ; IC   ; 1      ; PLLREFCLKSELECT_X89_Y7_N0  ; emu|pll|pll_inst|altera_pll_i|general[0].gpll~PLL_REFCLK_SELECT|clkin[0]   ;
;   57.795 ;   0.308  ; RR ; CELL ; 1      ; PLLREFCLKSELECT_X89_Y7_N0  ; emu|pll|pll_inst|altera_pll_i|general[0].gpll~PLL_REFCLK_SELECT|clkout     ;
;   57.795 ;   0.000  ; RR ; IC   ; 10     ; FRACTIONALPLL_X89_Y1_N0    ; emu|pll|pll_inst|altera_pll_i|general[0].gpll~FRACTIONAL_PLL|refclkin      ;
;   57.575 ;   -0.220 ; RR ; COMP ; 2      ; FRACTIONALPLL_X89_Y1_N0    ; emu|pll|pll_inst|altera_pll_i|general[0].gpll~FRACTIONAL_PLL|vcoph[0]      ;
;   57.575 ;   0.000  ; RR ; IC   ; 1      ; PLLOUTPUTCOUNTER_X89_Y2_N1 ; emu|pll|pll_inst|altera_pll_i|general[2].gpll~PLL_OUTPUT_COUNTER|vco0ph[0] ;
;   58.843 ;   1.268  ; RR ; CELL ; 1      ; PLLOUTPUTCOUNTER_X89_Y2_N1 ; emu|pll|pll_inst|altera_pll_i|general[2].gpll~PLL_OUTPUT_COUNTER|divclk    ;
;   59.789 ;   0.946  ; RR ; IC   ; 1      ; CLKCTRL_G8                 ; emu|pll|pll_inst|altera_pll_i|outclk_wire[2]~CLKENA0|inclk                 ;
;   60.085 ;   0.296  ; RR ; CELL ; 1919   ; CLKCTRL_G8                 ; emu|pll|pll_inst|altera_pll_i|outclk_wire[2]~CLKENA0|outclk                ;
;   62.026 ;   1.941  ; RR ; IC   ; 1      ; FF_X30_Y55_N44             ; emu|ddr_arb|m1_want_s1|clk                                                 ;
;   62.537 ;   0.511  ; RR ; CELL ; 1      ; FF_X30_Y55_N44             ; emu:emu|ddr_bus_arbiter:ddr_arb|m1_want_s1                                 ;
;   63.062 ;   0.525  ;    ;      ;        ;                            ; clock pessimism removed                                                    ;
; 62.942   ; -0.120   ;    ;      ;        ;                            ; clock uncertainty                                                          ;
; 62.942   ; 0.000    ;    ; uTsu ; 1      ; FF_X30_Y55_N44             ; emu:emu|ddr_bus_arbiter:ddr_arb|m1_want_s1                                 ;
+----------+----------+----+------+--------+----------------------------+----------------------------------------------------------------------------+

----------------------------
; Extra Fitter Information ;
----------------------------
HTML report is unavailable in plain text report export.


Path #10: Setup slack is -0.969 (VIOLATED)
===============================================================================
+-----------------------------------------------------------------------------------------------+
; Path Summary                                                                                  ;
+--------------------+--------------------------------------------------------------------------+
; Property           ; Value                                                                    ;
+--------------------+--------------------------------------------------------------------------+
; From Node          ; emu:emu|stream_path:spath|ddr_bitstream_reader:ddr_stream|write_count[3] ;
; To Node            ; emu:emu|ddr_bus_arbiter:ddr_arb|m1_want_s1                               ;
; Launch Clock       ; emu|pll|pll_inst|altera_pll_i|general[0].gpll~PLL_OUTPUT_COUNTER|divclk  ;
; Latch Clock        ; emu|pll|pll_inst|altera_pll_i|general[2].gpll~PLL_OUTPUT_COUNTER|divclk  ;
; Data Arrival Time  ; 63.911                                                                   ;
; Data Required Time ; 62.942                                                                   ;
; Slack              ; -0.969 (VIOLATED)                                                        ;
+--------------------+--------------------------------------------------------------------------+

+--------------------------------------------------------------------------------------+
; Statistics                                                                           ;
+------------------------+--------+-------+-------------+------------+--------+--------+
; Property               ; Value  ; Count ; Total Delay ; % of Total ; Min    ; Max    ;
+------------------------+--------+-------+-------------+------------+--------+--------+
; Setup Relationship     ; 5.555  ;       ;             ;            ;        ;        ;
; Clock Skew             ; -1.012 ;       ;             ;            ;        ;        ;
; Data Delay             ; 5.392  ;       ;             ;            ;        ;        ;
; Number of Logic Levels ;        ; 6     ;             ;            ;        ;        ;
; Physical Delays        ;        ;       ;             ;            ;        ;        ;
;  Arrival Path          ;        ;       ;             ;            ;        ;        ;
;   Clock                ;        ;       ;             ;            ;        ;        ;
;    IC                  ;        ; 6     ; 4.691       ; 55         ; 0.000  ; 2.318  ;
;    Cell                ;        ; 6     ; 3.828       ; 45         ; 0.116  ; 1.745  ;
;   Data                 ;        ;       ;             ;            ;        ;        ;
;    IC                  ;        ; 12    ; 2.386       ; 44         ; 0.000  ; 0.879  ;
;    Cell                ;        ; 13    ; 3.006       ; 56         ; 0.000  ; 0.745  ;
;    uTco                ;        ; 1     ; 0.000       ; 0          ; 0.000  ; 0.000  ;
;  Required Path         ;        ;       ;             ;            ;        ;        ;
;   Clock                ;        ;       ;             ;            ;        ;        ;
;    IC                  ;        ; 6     ; 4.058       ; 56         ; 0.000  ; 1.941  ;
;    Cell                ;        ; 5     ; 3.144       ; 44         ; 0.296  ; 1.268  ;
;    PLL Compensation    ;        ; 1     ; -0.220      ; 0          ; -0.220 ; -0.220 ;
+------------------------+--------+-------+-------------+------------+--------+--------+
Note: Negative delays are omitted from totals when calculating percentages

+---------------------------------------------------------------------------------------------------------------------------------------------------+
; Data Arrival Path                                                                                                                                 ;
+----------+---------+----+------+--------+----------------------------+----------------------------------------------------------------------------+
; Total    ; Incr    ; RF ; Type ; Fanout ; Location                   ; Element                                                                    ;
+----------+---------+----+------+--------+----------------------------+----------------------------------------------------------------------------+
; 50.000   ; 50.000  ;    ;      ;        ;                            ; launch edge time                                                           ;
; 58.519   ; 8.519   ;    ;      ;        ;                            ; clock path                                                                 ;
;   50.000 ;   0.000 ;    ;      ;        ;                            ; source latency                                                             ;
;   50.000 ;   0.000 ;    ;      ; 1      ; PIN_Y13                    ; FPGA_CLK2_50                                                               ;
;   50.000 ;   0.000 ; RR ; IC   ; 1      ; IOIBUF_X56_Y0_N1           ; FPGA_CLK2_50~input|i                                                       ;
;   50.761 ;   0.761 ; RR ; CELL ; 2      ; IOIBUF_X56_Y0_N1           ; FPGA_CLK2_50~input|o                                                       ;
;   52.096 ;   1.335 ; RR ; IC   ; 1      ; PLLREFCLKSELECT_X89_Y7_N0  ; emu|pll|pll_inst|altera_pll_i|general[0].gpll~PLL_REFCLK_SELECT|clkin[0]   ;
;   52.429 ;   0.333 ; RR ; CELL ; 1      ; PLLREFCLKSELECT_X89_Y7_N0  ; emu|pll|pll_inst|altera_pll_i|general[0].gpll~PLL_REFCLK_SELECT|clkout     ;
;   52.429 ;   0.000 ; RR ; IC   ; 10     ; FRACTIONALPLL_X89_Y1_N0    ; emu|pll|pll_inst|altera_pll_i|general[0].gpll~FRACTIONAL_PLL|refclkin      ;
;   52.545 ;   0.116 ; RR ; CELL ; 2      ; FRACTIONALPLL_X89_Y1_N0    ; emu|pll|pll_inst|altera_pll_i|general[0].gpll~FRACTIONAL_PLL|vcoph[0]      ;
;   52.545 ;   0.000 ; RR ; IC   ; 1      ; PLLOUTPUTCOUNTER_X89_Y5_N1 ; emu|pll|pll_inst|altera_pll_i|general[0].gpll~PLL_OUTPUT_COUNTER|vco0ph[0] ;
;   54.290 ;   1.745 ; RR ; CELL ; 3      ; PLLOUTPUTCOUNTER_X89_Y5_N1 ; emu|pll|pll_inst|altera_pll_i|general[0].gpll~PLL_OUTPUT_COUNTER|divclk    ;
;   55.328 ;   1.038 ; RR ; IC   ; 1      ; CLKCTRL_G4                 ; emu|pll|pll_inst|altera_pll_i|outclk_wire[0]~CLKENA0|inclk                 ;
;   55.632 ;   0.304 ; RR ; CELL ; 9021   ; CLKCTRL_G4                 ; emu|pll|pll_inst|altera_pll_i|outclk_wire[0]~CLKENA0|outclk                ;
;   57.950 ;   2.318 ; RR ; IC   ; 1      ; FF_X31_Y53_N38             ; emu|spath|ddr_stream|write_count[3]|clk                                    ;
;   58.519 ;   0.569 ; RR ; CELL ; 1      ; FF_X31_Y53_N38             ; emu:emu|stream_path:spath|ddr_bitstream_reader:ddr_stream|write_count[3]   ;
; 63.911   ; 5.392   ;    ;      ;        ;                            ; data path                                                                  ;
;   58.519 ;   0.000 ;    ; uTco ; 1      ; FF_X31_Y53_N38             ; emu:emu|stream_path:spath|ddr_bitstream_reader:ddr_stream|write_count[3]   ;
;   58.519 ;   0.000 ; FF ; CELL ; 2      ; FF_X31_Y53_N38             ; emu|spath|ddr_stream|write_count[3]|q                                      ;
;   59.398 ;   0.879 ; FF ; IC   ; 3      ; LABCELL_X31_Y55_N9         ; emu|spath|ddr_stream|avail[3]~89|datad                                     ;
;   60.143 ;   0.745 ; FR ; CELL ; 1      ; LABCELL_X31_Y55_N9         ; emu|spath|ddr_stream|avail[3]~89|cout                                      ;
;   60.143 ;   0.000 ; RR ; IC   ; 2      ; LABCELL_X31_Y55_N12        ; emu|spath|ddr_stream|avail[4]~93|cin                                       ;
;   60.193 ;   0.050 ; RR ; CELL ; 1      ; LABCELL_X31_Y55_N12        ; emu|spath|ddr_stream|avail[4]~93|cout                                      ;
;   60.193 ;   0.000 ; RR ; IC   ; 2      ; LABCELL_X31_Y55_N15        ; emu|spath|ddr_stream|avail[5]~97|cin                                       ;
;   60.193 ;   0.000 ; RR ; CELL ; 1      ; LABCELL_X31_Y55_N15        ; emu|spath|ddr_stream|avail[5]~97|cout                                      ;
;   60.193 ;   0.000 ; RR ; IC   ; 2      ; LABCELL_X31_Y55_N18        ; emu|spath|ddr_stream|avail[6]~101|cin                                      ;
;   60.243 ;   0.050 ; RR ; CELL ; 1      ; LABCELL_X31_Y55_N18        ; emu|spath|ddr_stream|avail[6]~101|cout                                     ;
;   60.243 ;   0.000 ; RR ; IC   ; 2      ; LABCELL_X31_Y55_N21        ; emu|spath|ddr_stream|avail[7]~69|cin                                       ;
;   60.243 ;   0.000 ; RR ; CELL ; 1      ; LABCELL_X31_Y55_N21        ; emu|spath|ddr_stream|avail[7]~69|cout                                      ;
;   60.243 ;   0.000 ; RR ; IC   ; 2      ; LABCELL_X31_Y55_N24        ; emu|spath|ddr_stream|avail[8]~73|cin                                       ;
;   60.601 ;   0.358 ; RF ; CELL ; 3      ; LABCELL_X31_Y55_N24        ; emu|spath|ddr_stream|avail[8]~73|sumout                                    ;
;   60.938 ;   0.337 ; FF ; IC   ; 1      ; LABCELL_X30_Y55_N36        ; emu|spath|ddr_stream|Equal1~5|datab                                        ;
;   61.483 ;   0.545 ; FR ; CELL ; 1      ; LABCELL_X30_Y55_N36        ; emu|spath|ddr_stream|Equal1~5|combout                                      ;
;   61.763 ;   0.280 ; RR ; IC   ; 1      ; LABCELL_X30_Y55_N6         ; emu|spath|ddr_stream|Equal1~4|datae                                        ;
;   62.012 ;   0.249 ; RR ; CELL ; 1      ; LABCELL_X30_Y55_N6         ; emu|spath|ddr_stream|Equal1~4|combout                                      ;
;   62.389 ;   0.377 ; RR ; IC   ; 1      ; LABCELL_X30_Y55_N24        ; emu|spath|ddr_stream|Equal1~1|datae                                        ;
;   62.640 ;   0.251 ; RR ; CELL ; 2      ; LABCELL_X30_Y55_N24        ; emu|spath|ddr_stream|Equal1~1|combout                                      ;
;   62.906 ;   0.266 ; RR ; IC   ; 1      ; LABCELL_X30_Y55_N12        ; emu|spath|ddr_stream|Equal1~2|datac                                        ;
;   63.313 ;   0.407 ; RR ; CELL ; 2      ; LABCELL_X30_Y55_N12        ; emu|spath|ddr_stream|Equal1~2|combout                                      ;
;   63.560 ;   0.247 ; RR ; IC   ; 1      ; LABCELL_X30_Y55_N42        ; emu|ddr_arb|m1_want_s1~2|dataf                                             ;
;   63.649 ;   0.089 ; RF ; CELL ; 1      ; LABCELL_X30_Y55_N42        ; emu|ddr_arb|m1_want_s1~2|combout                                           ;
;   63.649 ;   0.000 ; FF ; IC   ; 1      ; FF_X30_Y55_N44             ; emu|ddr_arb|m1_want_s1|d                                                   ;
;   63.911 ;   0.262 ; FF ; CELL ; 1      ; FF_X30_Y55_N44             ; emu:emu|ddr_bus_arbiter:ddr_arb|m1_want_s1                                 ;
+----------+---------+----+------+--------+----------------------------+----------------------------------------------------------------------------+

+----------------------------------------------------------------------------------------------------------------------------------------------------+
; Data Required Path                                                                                                                                 ;
+----------+----------+----+------+--------+----------------------------+----------------------------------------------------------------------------+
; Total    ; Incr     ; RF ; Type ; Fanout ; Location                   ; Element                                                                    ;
+----------+----------+----+------+--------+----------------------------+----------------------------------------------------------------------------+
; 55.555   ; 55.555   ;    ;      ;        ;                            ; latch edge time                                                            ;
; 63.062   ; 7.507    ;    ;      ;        ;                            ; clock path                                                                 ;
;   55.555 ;   0.000  ;    ;      ;        ;                            ; source latency                                                             ;
;   55.555 ;   0.000  ;    ;      ; 1      ; PIN_Y13                    ; FPGA_CLK2_50                                                               ;
;   55.555 ;   0.000  ; RR ; IC   ; 1      ; IOIBUF_X56_Y0_N1           ; FPGA_CLK2_50~input|i                                                       ;
;   56.316 ;   0.761  ; RR ; CELL ; 2      ; IOIBUF_X56_Y0_N1           ; FPGA_CLK2_50~input|o                                                       ;
;   57.487 ;   1.171  ; RR ; IC   ; 1      ; PLLREFCLKSELECT_X89_Y7_N0  ; emu|pll|pll_inst|altera_pll_i|general[0].gpll~PLL_REFCLK_SELECT|clkin[0]   ;
;   57.795 ;   0.308  ; RR ; CELL ; 1      ; PLLREFCLKSELECT_X89_Y7_N0  ; emu|pll|pll_inst|altera_pll_i|general[0].gpll~PLL_REFCLK_SELECT|clkout     ;
;   57.795 ;   0.000  ; RR ; IC   ; 10     ; FRACTIONALPLL_X89_Y1_N0    ; emu|pll|pll_inst|altera_pll_i|general[0].gpll~FRACTIONAL_PLL|refclkin      ;
;   57.575 ;   -0.220 ; RR ; COMP ; 2      ; FRACTIONALPLL_X89_Y1_N0    ; emu|pll|pll_inst|altera_pll_i|general[0].gpll~FRACTIONAL_PLL|vcoph[0]      ;
;   57.575 ;   0.000  ; RR ; IC   ; 1      ; PLLOUTPUTCOUNTER_X89_Y2_N1 ; emu|pll|pll_inst|altera_pll_i|general[2].gpll~PLL_OUTPUT_COUNTER|vco0ph[0] ;
;   58.843 ;   1.268  ; RR ; CELL ; 1      ; PLLOUTPUTCOUNTER_X89_Y2_N1 ; emu|pll|pll_inst|altera_pll_i|general[2].gpll~PLL_OUTPUT_COUNTER|divclk    ;
;   59.789 ;   0.946  ; RR ; IC   ; 1      ; CLKCTRL_G8                 ; emu|pll|pll_inst|altera_pll_i|outclk_wire[2]~CLKENA0|inclk                 ;
;   60.085 ;   0.296  ; RR ; CELL ; 1919   ; CLKCTRL_G8                 ; emu|pll|pll_inst|altera_pll_i|outclk_wire[2]~CLKENA0|outclk                ;
;   62.026 ;   1.941  ; RR ; IC   ; 1      ; FF_X30_Y55_N44             ; emu|ddr_arb|m1_want_s1|clk                                                 ;
;   62.537 ;   0.511  ; RR ; CELL ; 1      ; FF_X30_Y55_N44             ; emu:emu|ddr_bus_arbiter:ddr_arb|m1_want_s1                                 ;
;   63.062 ;   0.525  ;    ;      ;        ;                            ; clock pessimism removed                                                    ;
; 62.942   ; -0.120   ;    ;      ;        ;                            ; clock uncertainty                                                          ;
; 62.942   ; 0.000    ;    ; uTsu ; 1      ; FF_X30_Y55_N44             ; emu:emu|ddr_bus_arbiter:ddr_arb|m1_want_s1                                 ;
+----------+----------+----+------+--------+----------------------------+----------------------------------------------------------------------------+

----------------------------
; Extra Fitter Information ;
----------------------------
HTML report is unavailable in plain text report export.


