----------------
; Command Info ;
----------------
Report Timing: Found 10 setup paths (0 violated).  Worst case slack is 6.310 

Tcl Command:
    report_timing -setup -file output_files/intra_clk_sys_setup.rpt -from_clock [get_clocks {emu|pll|pll_inst|altera_pll_i|general[0].gpll~PLL_OUTPUT_COUNTER|divclk}] -to_clock [get_clocks {emu|pll|pll_inst|altera_pll_i|general[0].gpll~PLL_OUTPUT_COUNTER|divclk}] -npaths 10 -detail full_path

Options:
    -from_clock [get_clocks {emu|pll|pll_inst|altera_pll_i|general[0].gpll~PLL_OUTPUT_COUNTER|divclk}] 
    -to_clock [get_clocks {emu|pll|pll_inst|altera_pll_i|general[0].gpll~PLL_OUTPUT_COUNTER|divclk}] 
    -setup 
    -npaths 10 
    -detail full_path 
    -file {output_files/intra_clk_sys_setup.rpt} 

Delay Model:
    Slow 1100mV 100C Model

+---------------------------------------------------------------------------------------------------------------------------------------------------------------------------------------------------------------------------------------------------------------------------------------------------------------------+
; Summary of Paths                                                                                                                                                                                                                                                                                                    ;
+-------+------------------------------------------------------+---------------------------------------------------------+-------------------------------------------------------------------------+-------------------------------------------------------------------------+--------------+------------+------------+
; Slack ; From Node                                            ; To Node                                                 ; Launch Clock                                                            ; Latch Clock                                                             ; Relationship ; Clock Skew ; Data Delay ;
+-------+------------------------------------------------------+---------------------------------------------------------+-------------------------------------------------------------------------+-------------------------------------------------------------------------+--------------+------------+------------+
; 6.310 ; emu:emu|stream_path:spath|decode_stub:stub|lat_qp[4] ; emu:emu|stream_path:spath|decode_stub:stub|recon_sig[1] ; emu|pll|pll_inst|altera_pll_i|general[0].gpll~PLL_OUTPUT_COUNTER|divclk ; emu|pll|pll_inst|altera_pll_i|general[0].gpll~PLL_OUTPUT_COUNTER|divclk ; 50.000       ; -0.434     ; 43.126     ;
; 6.310 ; emu:emu|stream_path:spath|decode_stub:stub|lat_qp[4] ; emu:emu|stream_path:spath|decode_stub:stub|recon_sig[1] ; emu|pll|pll_inst|altera_pll_i|general[0].gpll~PLL_OUTPUT_COUNTER|divclk ; emu|pll|pll_inst|altera_pll_i|general[0].gpll~PLL_OUTPUT_COUNTER|divclk ; 50.000       ; -0.434     ; 43.126     ;
; 6.329 ; emu:emu|stream_path:spath|decode_stub:stub|lat_qp[4] ; emu:emu|stream_path:spath|decode_stub:stub|recon_sig[1] ; emu|pll|pll_inst|altera_pll_i|general[0].gpll~PLL_OUTPUT_COUNTER|divclk ; emu|pll|pll_inst|altera_pll_i|general[0].gpll~PLL_OUTPUT_COUNTER|divclk ; 50.000       ; -0.434     ; 43.107     ;
; 6.329 ; emu:emu|stream_path:spath|decode_stub:stub|lat_qp[4] ; emu:emu|stream_path:spath|decode_stub:stub|recon_sig[1] ; emu|pll|pll_inst|altera_pll_i|general[0].gpll~PLL_OUTPUT_COUNTER|divclk ; emu|pll|pll_inst|altera_pll_i|general[0].gpll~PLL_OUTPUT_COUNTER|divclk ; 50.000       ; -0.434     ; 43.107     ;
; 6.361 ; emu:emu|stream_path:spath|decode_stub:stub|lat_qp[4] ; emu:emu|stream_path:spath|decode_stub:stub|recon_sig[1] ; emu|pll|pll_inst|altera_pll_i|general[0].gpll~PLL_OUTPUT_COUNTER|divclk ; emu|pll|pll_inst|altera_pll_i|general[0].gpll~PLL_OUTPUT_COUNTER|divclk ; 50.000       ; -0.434     ; 43.075     ;
; 6.368 ; emu:emu|stream_path:spath|decode_stub:stub|lat_qp[4] ; emu:emu|stream_path:spath|decode_stub:stub|recon_sig[1] ; emu|pll|pll_inst|altera_pll_i|general[0].gpll~PLL_OUTPUT_COUNTER|divclk ; emu|pll|pll_inst|altera_pll_i|general[0].gpll~PLL_OUTPUT_COUNTER|divclk ; 50.000       ; -0.434     ; 43.068     ;
; 6.368 ; emu:emu|stream_path:spath|decode_stub:stub|lat_qp[4] ; emu:emu|stream_path:spath|decode_stub:stub|recon_sig[1] ; emu|pll|pll_inst|altera_pll_i|general[0].gpll~PLL_OUTPUT_COUNTER|divclk ; emu|pll|pll_inst|altera_pll_i|general[0].gpll~PLL_OUTPUT_COUNTER|divclk ; 50.000       ; -0.434     ; 43.068     ;
; 6.368 ; emu:emu|stream_path:spath|decode_stub:stub|lat_qp[4] ; emu:emu|stream_path:spath|decode_stub:stub|recon_sig[1] ; emu|pll|pll_inst|altera_pll_i|general[0].gpll~PLL_OUTPUT_COUNTER|divclk ; emu|pll|pll_inst|altera_pll_i|general[0].gpll~PLL_OUTPUT_COUNTER|divclk ; 50.000       ; -0.434     ; 43.068     ;
; 6.368 ; emu:emu|stream_path:spath|decode_stub:stub|lat_qp[4] ; emu:emu|stream_path:spath|decode_stub:stub|recon_sig[1] ; emu|pll|pll_inst|altera_pll_i|general[0].gpll~PLL_OUTPUT_COUNTER|divclk ; emu|pll|pll_inst|altera_pll_i|general[0].gpll~PLL_OUTPUT_COUNTER|divclk ; 50.000       ; -0.434     ; 43.068     ;
; 6.368 ; emu:emu|stream_path:spath|decode_stub:stub|lat_qp[4] ; emu:emu|stream_path:spath|decode_stub:stub|recon_sig[1] ; emu|pll|pll_inst|altera_pll_i|general[0].gpll~PLL_OUTPUT_COUNTER|divclk ; emu|pll|pll_inst|altera_pll_i|general[0].gpll~PLL_OUTPUT_COUNTER|divclk ; 50.000       ; -0.434     ; 43.068     ;
+-------+------------------------------------------------------+---------------------------------------------------------+-------------------------------------------------------------------------+-------------------------------------------------------------------------+--------------+------------+------------+

Path #1: Setup slack is 6.310 
===============================================================================
+----------------------------------------------------------------------------------------------+
; Path Summary                                                                                 ;
+--------------------+-------------------------------------------------------------------------+
; Property           ; Value                                                                   ;
+--------------------+-------------------------------------------------------------------------+
; From Node          ; emu:emu|stream_path:spath|decode_stub:stub|lat_qp[4]                    ;
; To Node            ; emu:emu|stream_path:spath|decode_stub:stub|recon_sig[1]                 ;
; Launch Clock       ; emu|pll|pll_inst|altera_pll_i|general[0].gpll~PLL_OUTPUT_COUNTER|divclk ;
; Latch Clock        ; emu|pll|pll_inst|altera_pll_i|general[0].gpll~PLL_OUTPUT_COUNTER|divclk ;
; Data Arrival Time  ; 51.625                                                                  ;
; Data Required Time ; 57.935                                                                  ;
; Slack              ; 6.310                                                                   ;
+--------------------+-------------------------------------------------------------------------+

+--------------------------------------------------------------------------------------+
; Statistics                                                                           ;
+------------------------+--------+-------+-------------+------------+--------+--------+
; Property               ; Value  ; Count ; Total Delay ; % of Total ; Min    ; Max    ;
+------------------------+--------+-------+-------------+------------+--------+--------+
; Setup Relationship     ; 50.000 ;       ;             ;            ;        ;        ;
; Clock Skew             ; -0.434 ;       ;             ;            ;        ;        ;
; Data Delay             ; 43.126 ;       ;             ;            ;        ;        ;
; Number of Logic Levels ;        ; 23    ;             ;            ;        ;        ;
; Physical Delays        ;        ;       ;             ;            ;        ;        ;
;  Arrival Path          ;        ;       ;             ;            ;        ;        ;
;   Clock                ;        ;       ;             ;            ;        ;        ;
;    IC                  ;        ; 6     ; 4.679       ; 55         ; 0.000  ; 2.306  ;
;    Cell                ;        ; 6     ; 3.820       ; 45         ; 0.116  ; 1.745  ;
;   Data                 ;        ;       ;             ;            ;        ;        ;
;    IC                  ;        ; 36    ; 19.978      ; 46         ; 0.000  ; 2.348  ;
;    Cell                ;        ; 37    ; 23.148      ; 54         ; 0.000  ; 3.938  ;
;    uTco                ;        ; 1     ; 0.000       ; 0          ; 0.000  ; 0.000  ;
;  Required Path         ;        ;       ;             ;            ;        ;        ;
;   Clock                ;        ;       ;             ;            ;        ;        ;
;    IC                  ;        ; 6     ; 4.023       ; 55         ; 0.000  ; 1.945  ;
;    Cell                ;        ; 5     ; 3.302       ; 45         ; 0.279  ; 1.466  ;
;    PLL Compensation    ;        ; 1     ; -0.220      ; 0          ; -0.220 ; -0.220 ;
+------------------------+--------+-------+-------------+------------+--------+--------+
Note: Negative delays are omitted from totals when calculating percentages

+------------------------------------------------------------------------------------------------------------------------------------------------------------------------------+
; Data Arrival Path                                                                                                                                                            ;
+----------+---------+----+------+--------+----------------------------+-------------------------------------------------------------------------------------------------------+
; Total    ; Incr    ; RF ; Type ; Fanout ; Location                   ; Element                                                                                               ;
+----------+---------+----+------+--------+----------------------------+-------------------------------------------------------------------------------------------------------+
; 0.000    ; 0.000   ;    ;      ;        ;                            ; launch edge time                                                                                      ;
; 8.499    ; 8.499   ;    ;      ;        ;                            ; clock path                                                                                            ;
;   0.000  ;   0.000 ;    ;      ;        ;                            ; source latency                                                                                        ;
;   0.000  ;   0.000 ;    ;      ; 1      ; PIN_Y13                    ; FPGA_CLK2_50                                                                                          ;
;   0.000  ;   0.000 ; RR ; IC   ; 1      ; IOIBUF_X56_Y0_N1           ; FPGA_CLK2_50~input|i                                                                                  ;
;   0.761  ;   0.761 ; RR ; CELL ; 2      ; IOIBUF_X56_Y0_N1           ; FPGA_CLK2_50~input|o                                                                                  ;
;   2.096  ;   1.335 ; RR ; IC   ; 1      ; PLLREFCLKSELECT_X89_Y7_N0  ; emu|pll|pll_inst|altera_pll_i|general[0].gpll~PLL_REFCLK_SELECT|clkin[0]                              ;
;   2.429  ;   0.333 ; RR ; CELL ; 1      ; PLLREFCLKSELECT_X89_Y7_N0  ; emu|pll|pll_inst|altera_pll_i|general[0].gpll~PLL_REFCLK_SELECT|clkout                                ;
;   2.429  ;   0.000 ; RR ; IC   ; 10     ; FRACTIONALPLL_X89_Y1_N0    ; emu|pll|pll_inst|altera_pll_i|general[0].gpll~FRACTIONAL_PLL|refclkin                                 ;
;   2.545  ;   0.116 ; RR ; CELL ; 2      ; FRACTIONALPLL_X89_Y1_N0    ; emu|pll|pll_inst|altera_pll_i|general[0].gpll~FRACTIONAL_PLL|vcoph[0]                                 ;
;   2.545  ;   0.000 ; RR ; IC   ; 1      ; PLLOUTPUTCOUNTER_X89_Y5_N1 ; emu|pll|pll_inst|altera_pll_i|general[0].gpll~PLL_OUTPUT_COUNTER|vco0ph[0]                            ;
;   4.290  ;   1.745 ; RR ; CELL ; 3      ; PLLOUTPUTCOUNTER_X89_Y5_N1 ; emu|pll|pll_inst|altera_pll_i|general[0].gpll~PLL_OUTPUT_COUNTER|divclk                               ;
;   5.328  ;   1.038 ; RR ; IC   ; 1      ; CLKCTRL_G4                 ; emu|pll|pll_inst|altera_pll_i|outclk_wire[0]~CLKENA0|inclk                                            ;
;   5.632  ;   0.304 ; RR ; CELL ; 9021   ; CLKCTRL_G4                 ; emu|pll|pll_inst|altera_pll_i|outclk_wire[0]~CLKENA0|outclk                                           ;
;   7.938  ;   2.306 ; RR ; IC   ; 1      ; FF_X15_Y10_N50             ; emu|spath|stub|lat_qp[4]|clk                                                                          ;
;   8.499  ;   0.561 ; RR ; CELL ; 1      ; FF_X15_Y10_N50             ; emu:emu|stream_path:spath|decode_stub:stub|lat_qp[4]                                                  ;
; 51.625   ; 43.126  ;    ;      ;        ;                            ; data path                                                                                             ;
;   8.499  ;   0.000 ;    ; uTco ; 1      ; FF_X15_Y10_N50             ; emu:emu|stream_path:spath|decode_stub:stub|lat_qp[4]                                                  ;
;   8.499  ;   0.000 ; RR ; CELL ; 4      ; FF_X15_Y10_N50             ; emu|spath|stub|lat_qp[4]|q                                                                            ;
;   8.807  ;   0.308 ; RR ; IC   ; 2      ; MLABCELL_X15_Y10_N3        ; emu|spath|stub|u_h264_dequant4x4|Mod0|auto_generated|divider|divider|add_sub_2_result_int[1]~9|dataa  ;
;   10.057 ;   1.250 ; RR ; CELL ; 1      ; MLABCELL_X15_Y10_N3        ; emu|spath|stub|u_h264_dequant4x4|Mod0|auto_generated|divider|divider|add_sub_2_result_int[1]~9|sumout ;
;   10.416 ;   0.359 ; RR ; IC   ; 1      ; LABCELL_X16_Y10_N51        ; emu|spath|stub|u_h264_dequant4x4|Mod0|auto_generated|divider|divider|StageOut[9]~9|datac              ;
;   10.830 ;   0.414 ; RR ; CELL ; 2      ; LABCELL_X16_Y10_N51        ; emu|spath|stub|u_h264_dequant4x4|Mod0|auto_generated|divider|divider|StageOut[9]~9|combout            ;
;   11.197 ;   0.367 ; RR ; IC   ; 2      ; LABCELL_X16_Y10_N9         ; emu|spath|stub|u_h264_dequant4x4|Mod0|auto_generated|divider|divider|op_4~21|datac                    ;
;   12.046 ;   0.849 ; RR ; CELL ; 1      ; LABCELL_X16_Y10_N9         ; emu|spath|stub|u_h264_dequant4x4|Mod0|auto_generated|divider|divider|op_4~21|cout                     ;
;   12.046 ;   0.000 ; RR ; IC   ; 1      ; LABCELL_X16_Y10_N12        ; emu|spath|stub|u_h264_dequant4x4|Mod0|auto_generated|divider|divider|op_4~10|cin                      ;
;   12.096 ;   0.050 ; RR ; CELL ; 1      ; LABCELL_X16_Y10_N12        ; emu|spath|stub|u_h264_dequant4x4|Mod0|auto_generated|divider|divider|op_4~10|cout                     ;
;   12.096 ;   0.000 ; RR ; IC   ; 1      ; LABCELL_X16_Y10_N15        ; emu|spath|stub|u_h264_dequant4x4|Mod0|auto_generated|divider|divider|op_4~1|cin                       ;
;   12.250 ;   0.154 ; RR ; CELL ; 6      ; LABCELL_X16_Y10_N15        ; emu|spath|stub|u_h264_dequant4x4|Mod0|auto_generated|divider|divider|op_4~1|sumout                    ;
;   12.533 ;   0.283 ; RR ; IC   ; 2      ; LABCELL_X16_Y10_N36        ; emu|spath|stub|u_h264_dequant4x4|Mod0|auto_generated|divider|divider|op_5~5|datab                     ;
;   13.595 ;   1.062 ; RR ; CELL ; 1      ; LABCELL_X16_Y10_N36        ; emu|spath|stub|u_h264_dequant4x4|Mod0|auto_generated|divider|divider|op_5~5|cout                      ;
;   13.595 ;   0.000 ; RR ; IC   ; 2      ; LABCELL_X16_Y10_N39        ; emu|spath|stub|u_h264_dequant4x4|Mod0|auto_generated|divider|divider|op_5~21|cin                      ;
;   13.595 ;   0.000 ; RR ; CELL ; 1      ; LABCELL_X16_Y10_N39        ; emu|spath|stub|u_h264_dequant4x4|Mod0|auto_generated|divider|divider|op_5~21|cout                     ;
;   13.595 ;   0.000 ; RR ; IC   ; 1      ; LABCELL_X16_Y10_N42        ; emu|spath|stub|u_h264_dequant4x4|Mod0|auto_generated|divider|divider|op_5~14|cin                      ;
;   13.645 ;   0.050 ; RR ; CELL ; 1      ; LABCELL_X16_Y10_N42        ; emu|spath|stub|u_h264_dequant4x4|Mod0|auto_generated|divider|divider|op_5~14|cout                     ;
;   13.645 ;   0.000 ; RR ; IC   ; 1      ; LABCELL_X16_Y10_N45        ; emu|spath|stub|u_h264_dequant4x4|Mod0|auto_generated|divider|divider|op_5~1|cin                       ;
;   13.799 ;   0.154 ; RR ; CELL ; 7      ; LABCELL_X16_Y10_N45        ; emu|spath|stub|u_h264_dequant4x4|Mod0|auto_generated|divider|divider|op_5~1|sumout                    ;
;   14.135 ;   0.336 ; RR ; IC   ; 2      ; LABCELL_X17_Y10_N9         ; emu|spath|stub|u_h264_dequant4x4|Mod0|auto_generated|divider|divider|op_6~9|dataa                     ;
;   15.438 ;   1.303 ; RF ; CELL ; 5      ; LABCELL_X17_Y10_N9         ; emu|spath|stub|u_h264_dequant4x4|Mod0|auto_generated|divider|divider|op_6~9|sumout                    ;
;   15.831 ;   0.393 ; FF ; IC   ; 1      ; LABCELL_X17_Y10_N24        ; emu|spath|stub|u_h264_dequant4x4|Mod0|auto_generated|divider|divider|StageOut[22]~3|datae             ;
;   16.055 ;   0.224 ; FF ; CELL ; 42     ; LABCELL_X17_Y10_N24        ; emu|spath|stub|u_h264_dequant4x4|Mod0|auto_generated|divider|divider|StageOut[22]~3|combout           ;
;   16.923 ;   0.868 ; FF ; IC   ; 1      ; LABCELL_X18_Y12_N15        ; emu|spath|stub|u_h264_dequant4x4|ShiftLeft1~6|datab                                                   ;
;   17.497 ;   0.574 ; FR ; CELL ; 4      ; LABCELL_X18_Y12_N15        ; emu|spath|stub|u_h264_dequant4x4|ShiftLeft1~6|combout                                                 ;
;   17.728 ;   0.231 ; RR ; IC   ; 1      ; LABCELL_X18_Y12_N18        ; emu|spath|stub|u_h264_dequant4x4|ShiftLeft1~25|datab                                                  ;
;   18.281 ;   0.553 ; RF ; CELL ; 8      ; LABCELL_X18_Y12_N18        ; emu|spath|stub|u_h264_dequant4x4|ShiftLeft1~25|combout                                                ;
;   19.942 ;   1.661 ; FF ; IC   ; 29     ; DSP_X32_Y12_N0             ; emu|spath|stub|u_h264_dequant4x4|Mult6~318|ay[16]                                                     ;
;   23.880 ;   3.938 ; FF ; CELL ; 1      ; DSP_X32_Y12_N0             ; emu|spath|stub|u_h264_dequant4x4|Mult6~318|resulta[32]                                                ;
;   26.092 ;   2.212 ; FF ; IC   ; 14     ; DSP_X32_Y24_N0             ; emu|spath|stub|u_h264_dequant4x4|Mult6~mult_hlmac|by[14]                                              ;
;   28.631 ;   2.539 ; FF ; CELL ; 1      ; DSP_X32_Y24_N0             ; emu|spath|stub|u_h264_dequant4x4|Mult6~mult_hlmac|resulta[0]                                          ;
;   30.073 ;   1.442 ; FF ; IC   ; 2      ; MLABCELL_X21_Y24_N9        ; emu|spath|stub|u_h264_dequant4x4|Add7~13|datad                                                        ;
;   31.007 ;   0.934 ; FF ; CELL ; 3      ; MLABCELL_X21_Y24_N9        ; emu|spath|stub|u_h264_dequant4x4|Add7~13|sumout                                                       ;
;   32.450 ;   1.443 ; FF ; IC   ; 2      ; MLABCELL_X21_Y27_N57       ; emu|spath|stub|u_h264_idct4x4|Add6~49|datac                                                           ;
;   33.330 ;   0.880 ; FR ; CELL ; 1      ; MLABCELL_X21_Y27_N57       ; emu|spath|stub|u_h264_idct4x4|Add6~49|cout                                                            ;
;   33.330 ;   0.000 ; RR ; IC   ; 2      ; MLABCELL_X21_Y26_N0        ; emu|spath|stub|u_h264_idct4x4|Add6~45|cin                                                             ;
;   33.845 ;   0.515 ; RF ; CELL ; 2      ; MLABCELL_X21_Y26_N0        ; emu|spath|stub|u_h264_idct4x4|Add6~45|sumout                                                          ;
;   34.646 ;   0.801 ; FF ; IC   ; 3      ; LABCELL_X17_Y26_N9         ; emu|spath|stub|u_h264_idct4x4|Add23~73|datac                                                          ;
;   35.393 ;   0.747 ; FR ; CELL ; 1      ; LABCELL_X17_Y26_N9         ; emu|spath|stub|u_h264_idct4x4|Add23~73|cout                                                           ;
;   35.393 ;   0.000 ; RR ; IC   ; 2      ; LABCELL_X17_Y26_N12        ; emu|spath|stub|u_h264_idct4x4|Add23~81|cin                                                            ;
;   35.748 ;   0.355 ; RF ; CELL ; 2      ; LABCELL_X17_Y26_N12        ; emu|spath|stub|u_h264_idct4x4|Add23~81|sumout                                                         ;
;   37.606 ;   1.858 ; FF ; IC   ; 2      ; LABCELL_X16_Y31_N54        ; emu|spath|stub|u_h264_idct4x4|Add43~85|datad                                                          ;
;   38.218 ;   0.612 ; FF ; CELL ; 1      ; LABCELL_X16_Y31_N54        ; emu|spath|stub|u_h264_idct4x4|Add43~85|cout                                                           ;
;   38.218 ;   0.000 ; FF ; IC   ; 2      ; LABCELL_X16_Y31_N57        ; emu|spath|stub|u_h264_idct4x4|Add43~77|cin                                                            ;
;   38.218 ;   0.000 ; FF ; CELL ; 1      ; LABCELL_X16_Y31_N57        ; emu|spath|stub|u_h264_idct4x4|Add43~77|cout                                                           ;
;   38.218 ;   0.000 ; FF ; IC   ; 2      ; LABCELL_X16_Y30_N0         ; emu|spath|stub|u_h264_idct4x4|Add43~49|cin                                                            ;
;   38.744 ;   0.526 ; FF ; CELL ; 2      ; LABCELL_X16_Y30_N0         ; emu|spath|stub|u_h264_idct4x4|Add43~49|sumout                                                         ;
;   41.092 ;   2.348 ; FF ; IC   ; 3      ; LABCELL_X17_Y43_N45        ; emu|spath|stub|u_h264_idct4x4|Add59~53|datac                                                          ;
;   41.839 ;   0.747 ; FR ; CELL ; 1      ; LABCELL_X17_Y43_N45        ; emu|spath|stub|u_h264_idct4x4|Add59~53|cout                                                           ;
;   41.839 ;   0.000 ; RR ; IC   ; 2      ; LABCELL_X17_Y43_N48        ; emu|spath|stub|u_h264_idct4x4|Add59~49|cin                                                            ;
;   42.175 ;   0.336 ; RF ; CELL ; 2      ; LABCELL_X17_Y43_N48        ; emu|spath|stub|u_h264_idct4x4|Add59~49|sumout                                                         ;
;   43.517 ;   1.342 ; FF ; IC   ; 2      ; LABCELL_X11_Y42_N0         ; emu|spath|stub|u_h264_recon4x4|Add10~53|datac                                                         ;
;   44.354 ;   0.837 ; FF ; CELL ; 1      ; LABCELL_X11_Y42_N0         ; emu|spath|stub|u_h264_recon4x4|Add10~53|cout                                                          ;
;   44.354 ;   0.000 ; FF ; IC   ; 2      ; LABCELL_X11_Y42_N3         ; emu|spath|stub|u_h264_recon4x4|Add10~57|cin                                                           ;
;   44.354 ;   0.000 ; FF ; CELL ; 1      ; LABCELL_X11_Y42_N3         ; emu|spath|stub|u_h264_recon4x4|Add10~57|cout                                                          ;
;   44.354 ;   0.000 ; FF ; IC   ; 2      ; LABCELL_X11_Y42_N6         ; emu|spath|stub|u_h264_recon4x4|Add10~33|cin                                                           ;
;   44.706 ;   0.352 ; FR ; CELL ; 1      ; LABCELL_X11_Y42_N6         ; emu|spath|stub|u_h264_recon4x4|Add10~33|sumout                                                        ;
;   45.388 ;   0.682 ; RR ; IC   ; 1      ; LABCELL_X11_Y43_N12        ; emu|spath|stub|u_h264_recon4x4|recon[10][7]~99|datad                                                  ;
;   45.882 ;   0.494 ; RF ; CELL ; 1      ; LABCELL_X11_Y43_N12        ; emu|spath|stub|u_h264_recon4x4|recon[10][7]~99|combout                                                ;
;   46.485 ;   0.603 ; FF ; IC   ; 1      ; LABCELL_X11_Y42_N54        ; emu|spath|stub|u_h264_recon4x4|recon[10][7]~100|datac                                                 ;
;   46.968 ;   0.483 ; FF ; CELL ; 1      ; LABCELL_X11_Y42_N54        ; emu|spath|stub|u_h264_recon4x4|recon[10][7]~100|combout                                               ;
;   47.191 ;   0.223 ; FF ; IC   ; 1      ; LABCELL_X11_Y42_N48        ; emu|spath|stub|u_h264_recon4x4|recon[10][7]~32|datac                                                  ;
;   47.705 ;   0.514 ; FF ; CELL ; 5      ; LABCELL_X11_Y42_N48        ; emu|spath|stub|u_h264_recon4x4|recon[10][7]~32|combout                                                ;
;   47.924 ;   0.219 ; FF ; IC   ; 1      ; LABCELL_X11_Y42_N57        ; emu|spath|stub|u_h264_recon4x4|recon[10][7]~33|dataf                                                  ;
;   48.003 ;   0.079 ; FF ; CELL ; 7      ; LABCELL_X11_Y42_N57        ; emu|spath|stub|u_h264_recon4x4|recon[10][7]~33|combout                                                ;
;   48.908 ;   0.905 ; FF ; IC   ; 1      ; LABCELL_X12_Y38_N39        ; emu|spath|stub|recon_sig_comb[1]~57|datae                                                             ;
;   49.208 ;   0.300 ; FF ; CELL ; 1      ; LABCELL_X12_Y38_N39        ; emu|spath|stub|recon_sig_comb[1]~57|combout                                                           ;
;   49.946 ;   0.738 ; FF ; IC   ; 1      ; LABCELL_X11_Y39_N24        ; emu|spath|stub|recon_sig_comb[1]~9|datab                                                              ;
;   50.505 ;   0.559 ; FF ; CELL ; 1      ; LABCELL_X11_Y39_N24        ; emu|spath|stub|recon_sig_comb[1]~9|combout                                                            ;
;   50.861 ;   0.356 ; FF ; IC   ; 1      ; LABCELL_X10_Y39_N24        ; emu|spath|stub|recon_sig~9|datad                                                                      ;
;   51.365 ;   0.504 ; FF ; CELL ; 1      ; LABCELL_X10_Y39_N24        ; emu|spath|stub|recon_sig~9|combout                                                                    ;
;   51.365 ;   0.000 ; FF ; IC   ; 1      ; FF_X10_Y39_N25             ; emu|spath|stub|recon_sig[1]|d                                                                         ;
;   51.625 ;   0.260 ; FF ; CELL ; 1      ; FF_X10_Y39_N25             ; emu:emu|stream_path:spath|decode_stub:stub|recon_sig[1]                                               ;
+----------+---------+----+------+--------+----------------------------+-------------------------------------------------------------------------------------------------------+

+----------------------------------------------------------------------------------------------------------------------------------------------------+
; Data Required Path                                                                                                                                 ;
+----------+----------+----+------+--------+----------------------------+----------------------------------------------------------------------------+
; Total    ; Incr     ; RF ; Type ; Fanout ; Location                   ; Element                                                                    ;
+----------+----------+----+------+--------+----------------------------+----------------------------------------------------------------------------+
; 50.000   ; 50.000   ;    ;      ;        ;                            ; latch edge time                                                            ;
; 58.065   ; 8.065    ;    ;      ;        ;                            ; clock path                                                                 ;
;   50.000 ;   0.000  ;    ;      ;        ;                            ; source latency                                                             ;
;   50.000 ;   0.000  ;    ;      ; 1      ; PIN_Y13                    ; FPGA_CLK2_50                                                               ;
;   50.000 ;   0.000  ; RR ; IC   ; 1      ; IOIBUF_X56_Y0_N1           ; FPGA_CLK2_50~input|i                                                       ;
;   50.761 ;   0.761  ; RR ; CELL ; 2      ; IOIBUF_X56_Y0_N1           ; FPGA_CLK2_50~input|o                                                       ;
;   51.932 ;   1.171  ; RR ; IC   ; 1      ; PLLREFCLKSELECT_X89_Y7_N0  ; emu|pll|pll_inst|altera_pll_i|general[0].gpll~PLL_REFCLK_SELECT|clkin[0]   ;
;   52.240 ;   0.308  ; RR ; CELL ; 1      ; PLLREFCLKSELECT_X89_Y7_N0  ; emu|pll|pll_inst|altera_pll_i|general[0].gpll~PLL_REFCLK_SELECT|clkout     ;
;   52.240 ;   0.000  ; RR ; IC   ; 10     ; FRACTIONALPLL_X89_Y1_N0    ; emu|pll|pll_inst|altera_pll_i|general[0].gpll~FRACTIONAL_PLL|refclkin      ;
;   52.020 ;   -0.220 ; RR ; COMP ; 2      ; FRACTIONALPLL_X89_Y1_N0    ; emu|pll|pll_inst|altera_pll_i|general[0].gpll~FRACTIONAL_PLL|vcoph[0]      ;
;   52.020 ;   0.000  ; RR ; IC   ; 1      ; PLLOUTPUTCOUNTER_X89_Y5_N1 ; emu|pll|pll_inst|altera_pll_i|general[0].gpll~PLL_OUTPUT_COUNTER|vco0ph[0] ;
;   53.486 ;   1.466  ; RR ; CELL ; 3      ; PLLOUTPUTCOUNTER_X89_Y5_N1 ; emu|pll|pll_inst|altera_pll_i|general[0].gpll~PLL_OUTPUT_COUNTER|divclk    ;
;   54.393 ;   0.907  ; RR ; IC   ; 1      ; CLKCTRL_G4                 ; emu|pll|pll_inst|altera_pll_i|outclk_wire[0]~CLKENA0|inclk                 ;
;   54.672 ;   0.279  ; RR ; CELL ; 9021   ; CLKCTRL_G4                 ; emu|pll|pll_inst|altera_pll_i|outclk_wire[0]~CLKENA0|outclk                ;
;   56.617 ;   1.945  ; RR ; IC   ; 1      ; FF_X10_Y39_N25             ; emu|spath|stub|recon_sig[1]|clk                                            ;
;   57.105 ;   0.488  ; RR ; CELL ; 1      ; FF_X10_Y39_N25             ; emu:emu|stream_path:spath|decode_stub:stub|recon_sig[1]                    ;
;   58.065 ;   0.960  ;    ;      ;        ;                            ; clock pessimism removed                                                    ;
; 57.935   ; -0.130   ;    ;      ;        ;                            ; clock uncertainty                                                          ;
; 57.935   ; 0.000    ;    ; uTsu ; 1      ; FF_X10_Y39_N25             ; emu:emu|stream_path:spath|decode_stub:stub|recon_sig[1]                    ;
+----------+----------+----+------+--------+----------------------------+----------------------------------------------------------------------------+

----------------------------
; Extra Fitter Information ;
----------------------------
HTML report is unavailable in plain text report export.


Path #2: Setup slack is 6.310 
===============================================================================
+----------------------------------------------------------------------------------------------+
; Path Summary                                                                                 ;
+--------------------+-------------------------------------------------------------------------+
; Property           ; Value                                                                   ;
+--------------------+-------------------------------------------------------------------------+
; From Node          ; emu:emu|stream_path:spath|decode_stub:stub|lat_qp[4]                    ;
; To Node            ; emu:emu|stream_path:spath|decode_stub:stub|recon_sig[1]                 ;
; Launch Clock       ; emu|pll|pll_inst|altera_pll_i|general[0].gpll~PLL_OUTPUT_COUNTER|divclk ;
; Latch Clock        ; emu|pll|pll_inst|altera_pll_i|general[0].gpll~PLL_OUTPUT_COUNTER|divclk ;
; Data Arrival Time  ; 51.625                                                                  ;
; Data Required Time ; 57.935                                                                  ;
; Slack              ; 6.310                                                                   ;
+--------------------+-------------------------------------------------------------------------+

+--------------------------------------------------------------------------------------+
; Statistics                                                                           ;
+------------------------+--------+-------+-------------+------------+--------+--------+
; Property               ; Value  ; Count ; Total Delay ; % of Total ; Min    ; Max    ;
+------------------------+--------+-------+-------------+------------+--------+--------+
; Setup Relationship     ; 50.000 ;       ;             ;            ;        ;        ;
; Clock Skew             ; -0.434 ;       ;             ;            ;        ;        ;
; Data Delay             ; 43.126 ;       ;             ;            ;        ;        ;
; Number of Logic Levels ;        ; 23    ;             ;            ;        ;        ;
; Physical Delays        ;        ;       ;             ;            ;        ;        ;
;  Arrival Path          ;        ;       ;             ;            ;        ;        ;
;   Clock                ;        ;       ;             ;            ;        ;        ;
;    IC                  ;        ; 6     ; 4.679       ; 55         ; 0.000  ; 2.306  ;
;    Cell                ;        ; 6     ; 3.820       ; 45         ; 0.116  ; 1.745  ;
;   Data                 ;        ;       ;             ;            ;        ;        ;
;    IC                  ;        ; 35    ; 19.978      ; 46         ; 0.000  ; 2.348  ;
;    Cell                ;        ; 36    ; 23.148      ; 54         ; 0.000  ; 3.938  ;
;    uTco                ;        ; 1     ; 0.000       ; 0          ; 0.000  ; 0.000  ;
;  Required Path         ;        ;       ;             ;            ;        ;        ;
;   Clock                ;        ;       ;             ;            ;        ;        ;
;    IC                  ;        ; 6     ; 4.023       ; 55         ; 0.000  ; 1.945  ;
;    Cell                ;        ; 5     ; 3.302       ; 45         ; 0.279  ; 1.466  ;
;    PLL Compensation    ;        ; 1     ; -0.220      ; 0          ; -0.220 ; -0.220 ;
+------------------------+--------+-------+-------------+------------+--------+--------+
Note: Negative delays are omitted from totals when calculating percentages

+------------------------------------------------------------------------------------------------------------------------------------------------------------------------------+
; Data Arrival Path                                                                                                                                                            ;
+----------+---------+----+------+--------+----------------------------+-------------------------------------------------------------------------------------------------------+
; Total    ; Incr    ; RF ; Type ; Fanout ; Location                   ; Element                                                                                               ;
+----------+---------+----+------+--------+----------------------------+-------------------------------------------------------------------------------------------------------+
; 0.000    ; 0.000   ;    ;      ;        ;                            ; launch edge time                                                                                      ;
; 8.499    ; 8.499   ;    ;      ;        ;                            ; clock path                                                                                            ;
;   0.000  ;   0.000 ;    ;      ;        ;                            ; source latency                                                                                        ;
;   0.000  ;   0.000 ;    ;      ; 1      ; PIN_Y13                    ; FPGA_CLK2_50                                                                                          ;
;   0.000  ;   0.000 ; RR ; IC   ; 1      ; IOIBUF_X56_Y0_N1           ; FPGA_CLK2_50~input|i                                                                                  ;
;   0.761  ;   0.761 ; RR ; CELL ; 2      ; IOIBUF_X56_Y0_N1           ; FPGA_CLK2_50~input|o                                                                                  ;
;   2.096  ;   1.335 ; RR ; IC   ; 1      ; PLLREFCLKSELECT_X89_Y7_N0  ; emu|pll|pll_inst|altera_pll_i|general[0].gpll~PLL_REFCLK_SELECT|clkin[0]                              ;
;   2.429  ;   0.333 ; RR ; CELL ; 1      ; PLLREFCLKSELECT_X89_Y7_N0  ; emu|pll|pll_inst|altera_pll_i|general[0].gpll~PLL_REFCLK_SELECT|clkout                                ;
;   2.429  ;   0.000 ; RR ; IC   ; 10     ; FRACTIONALPLL_X89_Y1_N0    ; emu|pll|pll_inst|altera_pll_i|general[0].gpll~FRACTIONAL_PLL|refclkin                                 ;
;   2.545  ;   0.116 ; RR ; CELL ; 2      ; FRACTIONALPLL_X89_Y1_N0    ; emu|pll|pll_inst|altera_pll_i|general[0].gpll~FRACTIONAL_PLL|vcoph[0]                                 ;
;   2.545  ;   0.000 ; RR ; IC   ; 1      ; PLLOUTPUTCOUNTER_X89_Y5_N1 ; emu|pll|pll_inst|altera_pll_i|general[0].gpll~PLL_OUTPUT_COUNTER|vco0ph[0]                            ;
;   4.290  ;   1.745 ; RR ; CELL ; 3      ; PLLOUTPUTCOUNTER_X89_Y5_N1 ; emu|pll|pll_inst|altera_pll_i|general[0].gpll~PLL_OUTPUT_COUNTER|divclk                               ;
;   5.328  ;   1.038 ; RR ; IC   ; 1      ; CLKCTRL_G4                 ; emu|pll|pll_inst|altera_pll_i|outclk_wire[0]~CLKENA0|inclk                                            ;
;   5.632  ;   0.304 ; RR ; CELL ; 9021   ; CLKCTRL_G4                 ; emu|pll|pll_inst|altera_pll_i|outclk_wire[0]~CLKENA0|outclk                                           ;
;   7.938  ;   2.306 ; RR ; IC   ; 1      ; FF_X15_Y10_N50             ; emu|spath|stub|lat_qp[4]|clk                                                                          ;
;   8.499  ;   0.561 ; RR ; CELL ; 1      ; FF_X15_Y10_N50             ; emu:emu|stream_path:spath|decode_stub:stub|lat_qp[4]                                                  ;
; 51.625   ; 43.126  ;    ;      ;        ;                            ; data path                                                                                             ;
;   8.499  ;   0.000 ;    ; uTco ; 1      ; FF_X15_Y10_N50             ; emu:emu|stream_path:spath|decode_stub:stub|lat_qp[4]                                                  ;
;   8.499  ;   0.000 ; RR ; CELL ; 4      ; FF_X15_Y10_N50             ; emu|spath|stub|lat_qp[4]|q                                                                            ;
;   8.807  ;   0.308 ; RR ; IC   ; 2      ; MLABCELL_X15_Y10_N3        ; emu|spath|stub|u_h264_dequant4x4|Mod0|auto_generated|divider|divider|add_sub_2_result_int[1]~9|dataa  ;
;   10.057 ;   1.250 ; RR ; CELL ; 1      ; MLABCELL_X15_Y10_N3        ; emu|spath|stub|u_h264_dequant4x4|Mod0|auto_generated|divider|divider|add_sub_2_result_int[1]~9|sumout ;
;   10.416 ;   0.359 ; RR ; IC   ; 1      ; LABCELL_X16_Y10_N51        ; emu|spath|stub|u_h264_dequant4x4|Mod0|auto_generated|divider|divider|StageOut[9]~9|datac              ;
;   10.830 ;   0.414 ; RR ; CELL ; 2      ; LABCELL_X16_Y10_N51        ; emu|spath|stub|u_h264_dequant4x4|Mod0|auto_generated|divider|divider|StageOut[9]~9|combout            ;
;   11.197 ;   0.367 ; RR ; IC   ; 2      ; LABCELL_X16_Y10_N9         ; emu|spath|stub|u_h264_dequant4x4|Mod0|auto_generated|divider|divider|op_4~21|datac                    ;
;   12.046 ;   0.849 ; RR ; CELL ; 1      ; LABCELL_X16_Y10_N9         ; emu|spath|stub|u_h264_dequant4x4|Mod0|auto_generated|divider|divider|op_4~21|cout                     ;
;   12.046 ;   0.000 ; RR ; IC   ; 1      ; LABCELL_X16_Y10_N12        ; emu|spath|stub|u_h264_dequant4x4|Mod0|auto_generated|divider|divider|op_4~10|cin                      ;
;   12.096 ;   0.050 ; RR ; CELL ; 1      ; LABCELL_X16_Y10_N12        ; emu|spath|stub|u_h264_dequant4x4|Mod0|auto_generated|divider|divider|op_4~10|cout                     ;
;   12.096 ;   0.000 ; RR ; IC   ; 1      ; LABCELL_X16_Y10_N15        ; emu|spath|stub|u_h264_dequant4x4|Mod0|auto_generated|divider|divider|op_4~1|cin                       ;
;   12.250 ;   0.154 ; RR ; CELL ; 6      ; LABCELL_X16_Y10_N15        ; emu|spath|stub|u_h264_dequant4x4|Mod0|auto_generated|divider|divider|op_4~1|sumout                    ;
;   12.533 ;   0.283 ; RR ; IC   ; 2      ; LABCELL_X16_Y10_N39        ; emu|spath|stub|u_h264_dequant4x4|Mod0|auto_generated|divider|divider|op_5~21|datab                    ;
;   13.595 ;   1.062 ; RR ; CELL ; 1      ; LABCELL_X16_Y10_N39        ; emu|spath|stub|u_h264_dequant4x4|Mod0|auto_generated|divider|divider|op_5~21|cout                     ;
;   13.595 ;   0.000 ; RR ; IC   ; 1      ; LABCELL_X16_Y10_N42        ; emu|spath|stub|u_h264_dequant4x4|Mod0|auto_generated|divider|divider|op_5~14|cin                      ;
;   13.645 ;   0.050 ; RR ; CELL ; 1      ; LABCELL_X16_Y10_N42        ; emu|spath|stub|u_h264_dequant4x4|Mod0|auto_generated|divider|divider|op_5~14|cout                     ;
;   13.645 ;   0.000 ; RR ; IC   ; 1      ; LABCELL_X16_Y10_N45        ; emu|spath|stub|u_h264_dequant4x4|Mod0|auto_generated|divider|divider|op_5~1|cin                       ;
;   13.799 ;   0.154 ; RR ; CELL ; 7      ; LABCELL_X16_Y10_N45        ; emu|spath|stub|u_h264_dequant4x4|Mod0|auto_generated|divider|divider|op_5~1|sumout                    ;
;   14.135 ;   0.336 ; RR ; IC   ; 2      ; LABCELL_X17_Y10_N9         ; emu|spath|stub|u_h264_dequant4x4|Mod0|auto_generated|divider|divider|op_6~9|dataa                     ;
;   15.438 ;   1.303 ; RF ; CELL ; 5      ; LABCELL_X17_Y10_N9         ; emu|spath|stub|u_h264_dequant4x4|Mod0|auto_generated|divider|divider|op_6~9|sumout                    ;
;   15.831 ;   0.393 ; FF ; IC   ; 1      ; LABCELL_X17_Y10_N24        ; emu|spath|stub|u_h264_dequant4x4|Mod0|auto_generated|divider|divider|StageOut[22]~3|datae             ;
;   16.055 ;   0.224 ; FF ; CELL ; 42     ; LABCELL_X17_Y10_N24        ; emu|spath|stub|u_h264_dequant4x4|Mod0|auto_generated|divider|divider|StageOut[22]~3|combout           ;
;   16.923 ;   0.868 ; FF ; IC   ; 1      ; LABCELL_X18_Y12_N15        ; emu|spath|stub|u_h264_dequant4x4|ShiftLeft1~6|datab                                                   ;
;   17.497 ;   0.574 ; FR ; CELL ; 4      ; LABCELL_X18_Y12_N15        ; emu|spath|stub|u_h264_dequant4x4|ShiftLeft1~6|combout                                                 ;
;   17.728 ;   0.231 ; RR ; IC   ; 1      ; LABCELL_X18_Y12_N18        ; emu|spath|stub|u_h264_dequant4x4|ShiftLeft1~25|datab                                                  ;
;   18.281 ;   0.553 ; RF ; CELL ; 8      ; LABCELL_X18_Y12_N18        ; emu|spath|stub|u_h264_dequant4x4|ShiftLeft1~25|combout                                                ;
;   19.942 ;   1.661 ; FF ; IC   ; 29     ; DSP_X32_Y12_N0             ; emu|spath|stub|u_h264_dequant4x4|Mult6~318|ay[16]                                                     ;
;   23.880 ;   3.938 ; FF ; CELL ; 1      ; DSP_X32_Y12_N0             ; emu|spath|stub|u_h264_dequant4x4|Mult6~318|resulta[32]                                                ;
;   26.092 ;   2.212 ; FF ; IC   ; 14     ; DSP_X32_Y24_N0             ; emu|spath|stub|u_h264_dequant4x4|Mult6~mult_hlmac|by[14]                                              ;
;   28.631 ;   2.539 ; FF ; CELL ; 1      ; DSP_X32_Y24_N0             ; emu|spath|stub|u_h264_dequant4x4|Mult6~mult_hlmac|resulta[0]                                          ;
;   30.073 ;   1.442 ; FF ; IC   ; 2      ; MLABCELL_X21_Y24_N9        ; emu|spath|stub|u_h264_dequant4x4|Add7~13|datad                                                        ;
;   31.007 ;   0.934 ; FF ; CELL ; 3      ; MLABCELL_X21_Y24_N9        ; emu|spath|stub|u_h264_dequant4x4|Add7~13|sumout                                                       ;
;   32.450 ;   1.443 ; FF ; IC   ; 2      ; MLABCELL_X21_Y27_N57       ; emu|spath|stub|u_h264_idct4x4|Add6~49|datac                                                           ;
;   33.330 ;   0.880 ; FR ; CELL ; 1      ; MLABCELL_X21_Y27_N57       ; emu|spath|stub|u_h264_idct4x4|Add6~49|cout                                                            ;
;   33.330 ;   0.000 ; RR ; IC   ; 2      ; MLABCELL_X21_Y26_N0        ; emu|spath|stub|u_h264_idct4x4|Add6~45|cin                                                             ;
;   33.845 ;   0.515 ; RF ; CELL ; 2      ; MLABCELL_X21_Y26_N0        ; emu|spath|stub|u_h264_idct4x4|Add6~45|sumout                                                          ;
;   34.646 ;   0.801 ; FF ; IC   ; 3      ; LABCELL_X17_Y26_N9         ; emu|spath|stub|u_h264_idct4x4|Add23~73|datac                                                          ;
;   35.393 ;   0.747 ; FR ; CELL ; 1      ; LABCELL_X17_Y26_N9         ; emu|spath|stub|u_h264_idct4x4|Add23~73|cout                                                           ;
;   35.393 ;   0.000 ; RR ; IC   ; 2      ; LABCELL_X17_Y26_N12        ; emu|spath|stub|u_h264_idct4x4|Add23~81|cin                                                            ;
;   35.748 ;   0.355 ; RF ; CELL ; 2      ; LABCELL_X17_Y26_N12        ; emu|spath|stub|u_h264_idct4x4|Add23~81|sumout                                                         ;
;   37.606 ;   1.858 ; FF ; IC   ; 2      ; LABCELL_X16_Y31_N54        ; emu|spath|stub|u_h264_idct4x4|Add43~85|datad                                                          ;
;   38.218 ;   0.612 ; FF ; CELL ; 1      ; LABCELL_X16_Y31_N54        ; emu|spath|stub|u_h264_idct4x4|Add43~85|cout                                                           ;
;   38.218 ;   0.000 ; FF ; IC   ; 2      ; LABCELL_X16_Y31_N57        ; emu|spath|stub|u_h264_idct4x4|Add43~77|cin                                                            ;
;   38.218 ;   0.000 ; FF ; CELL ; 1      ; LABCELL_X16_Y31_N57        ; emu|spath|stub|u_h264_idct4x4|Add43~77|cout                                                           ;
;   38.218 ;   0.000 ; FF ; IC   ; 2      ; LABCELL_X16_Y30_N0         ; emu|spath|stub|u_h264_idct4x4|Add43~49|cin                                                            ;
;   38.744 ;   0.526 ; FF ; CELL ; 2      ; LABCELL_X16_Y30_N0         ; emu|spath|stub|u_h264_idct4x4|Add43~49|sumout                                                         ;
;   41.092 ;   2.348 ; FF ; IC   ; 3      ; LABCELL_X17_Y43_N45        ; emu|spath|stub|u_h264_idct4x4|Add59~53|datac                                                          ;
;   41.839 ;   0.747 ; FR ; CELL ; 1      ; LABCELL_X17_Y43_N45        ; emu|spath|stub|u_h264_idct4x4|Add59~53|cout                                                           ;
;   41.839 ;   0.000 ; RR ; IC   ; 2      ; LABCELL_X17_Y43_N48        ; emu|spath|stub|u_h264_idct4x4|Add59~49|cin                                                            ;
;   42.175 ;   0.336 ; RF ; CELL ; 2      ; LABCELL_X17_Y43_N48        ; emu|spath|stub|u_h264_idct4x4|Add59~49|sumout                                                         ;
;   43.517 ;   1.342 ; FF ; IC   ; 2      ; LABCELL_X11_Y42_N0         ; emu|spath|stub|u_h264_recon4x4|Add10~53|datac                                                         ;
;   44.354 ;   0.837 ; FF ; CELL ; 1      ; LABCELL_X11_Y42_N0         ; emu|spath|stub|u_h264_recon4x4|Add10~53|cout                                                          ;
;   44.354 ;   0.000 ; FF ; IC   ; 2      ; LABCELL_X11_Y42_N3         ; emu|spath|stub|u_h264_recon4x4|Add10~57|cin                                                           ;
;   44.354 ;   0.000 ; FF ; CELL ; 1      ; LABCELL_X11_Y42_N3         ; emu|spath|stub|u_h264_recon4x4|Add10~57|cout                                                          ;
;   44.354 ;   0.000 ; FF ; IC   ; 2      ; LABCELL_X11_Y42_N6         ; emu|spath|stub|u_h264_recon4x4|Add10~33|cin                                                           ;
;   44.706 ;   0.352 ; FR ; CELL ; 1      ; LABCELL_X11_Y42_N6         ; emu|spath|stub|u_h264_recon4x4|Add10~33|sumout                                                        ;
;   45.388 ;   0.682 ; RR ; IC   ; 1      ; LABCELL_X11_Y43_N12        ; emu|spath|stub|u_h264_recon4x4|recon[10][7]~99|datad                                                  ;
;   45.882 ;   0.494 ; RF ; CELL ; 1      ; LABCELL_X11_Y43_N12        ; emu|spath|stub|u_h264_recon4x4|recon[10][7]~99|combout                                                ;
;   46.485 ;   0.603 ; FF ; IC   ; 1      ; LABCELL_X11_Y42_N54        ; emu|spath|stub|u_h264_recon4x4|recon[10][7]~100|datac                                                 ;
;   46.968 ;   0.483 ; FF ; CELL ; 1      ; LABCELL_X11_Y42_N54        ; emu|spath|stub|u_h264_recon4x4|recon[10][7]~100|combout                                               ;
;   47.191 ;   0.223 ; FF ; IC   ; 1      ; LABCELL_X11_Y42_N48        ; emu|spath|stub|u_h264_recon4x4|recon[10][7]~32|datac                                                  ;
;   47.705 ;   0.514 ; FF ; CELL ; 5      ; LABCELL_X11_Y42_N48        ; emu|spath|stub|u_h264_recon4x4|recon[10][7]~32|combout                                                ;
;   47.924 ;   0.219 ; FF ; IC   ; 1      ; LABCELL_X11_Y42_N57        ; emu|spath|stub|u_h264_recon4x4|recon[10][7]~33|dataf                                                  ;
;   48.003 ;   0.079 ; FF ; CELL ; 7      ; LABCELL_X11_Y42_N57        ; emu|spath|stub|u_h264_recon4x4|recon[10][7]~33|combout                                                ;
;   48.908 ;   0.905 ; FF ; IC   ; 1      ; LABCELL_X12_Y38_N39        ; emu|spath|stub|recon_sig_comb[1]~57|datae                                                             ;
;   49.208 ;   0.300 ; FF ; CELL ; 1      ; LABCELL_X12_Y38_N39        ; emu|spath|stub|recon_sig_comb[1]~57|combout                                                           ;
;   49.946 ;   0.738 ; FF ; IC   ; 1      ; LABCELL_X11_Y39_N24        ; emu|spath|stub|recon_sig_comb[1]~9|datab                                                              ;
;   50.505 ;   0.559 ; FF ; CELL ; 1      ; LABCELL_X11_Y39_N24        ; emu|spath|stub|recon_sig_comb[1]~9|combout                                                            ;
;   50.861 ;   0.356 ; FF ; IC   ; 1      ; LABCELL_X10_Y39_N24        ; emu|spath|stub|recon_sig~9|datad                                                                      ;
;   51.365 ;   0.504 ; FF ; CELL ; 1      ; LABCELL_X10_Y39_N24        ; emu|spath|stub|recon_sig~9|combout                                                                    ;
;   51.365 ;   0.000 ; FF ; IC   ; 1      ; FF_X10_Y39_N25             ; emu|spath|stub|recon_sig[1]|d                                                                         ;
;   51.625 ;   0.260 ; FF ; CELL ; 1      ; FF_X10_Y39_N25             ; emu:emu|stream_path:spath|decode_stub:stub|recon_sig[1]                                               ;
+----------+---------+----+------+--------+----------------------------+-------------------------------------------------------------------------------------------------------+

+----------------------------------------------------------------------------------------------------------------------------------------------------+
; Data Required Path                                                                                                                                 ;
+----------+----------+----+------+--------+----------------------------+----------------------------------------------------------------------------+
; Total    ; Incr     ; RF ; Type ; Fanout ; Location                   ; Element                                                                    ;
+----------+----------+----+------+--------+----------------------------+----------------------------------------------------------------------------+
; 50.000   ; 50.000   ;    ;      ;        ;                            ; latch edge time                                                            ;
; 58.065   ; 8.065    ;    ;      ;        ;                            ; clock path                                                                 ;
;   50.000 ;   0.000  ;    ;      ;        ;                            ; source latency                                                             ;
;   50.000 ;   0.000  ;    ;      ; 1      ; PIN_Y13                    ; FPGA_CLK2_50                                                               ;
;   50.000 ;   0.000  ; RR ; IC   ; 1      ; IOIBUF_X56_Y0_N1           ; FPGA_CLK2_50~input|i                                                       ;
;   50.761 ;   0.761  ; RR ; CELL ; 2      ; IOIBUF_X56_Y0_N1           ; FPGA_CLK2_50~input|o                                                       ;
;   51.932 ;   1.171  ; RR ; IC   ; 1      ; PLLREFCLKSELECT_X89_Y7_N0  ; emu|pll|pll_inst|altera_pll_i|general[0].gpll~PLL_REFCLK_SELECT|clkin[0]   ;
;   52.240 ;   0.308  ; RR ; CELL ; 1      ; PLLREFCLKSELECT_X89_Y7_N0  ; emu|pll|pll_inst|altera_pll_i|general[0].gpll~PLL_REFCLK_SELECT|clkout     ;
;   52.240 ;   0.000  ; RR ; IC   ; 10     ; FRACTIONALPLL_X89_Y1_N0    ; emu|pll|pll_inst|altera_pll_i|general[0].gpll~FRACTIONAL_PLL|refclkin      ;
;   52.020 ;   -0.220 ; RR ; COMP ; 2      ; FRACTIONALPLL_X89_Y1_N0    ; emu|pll|pll_inst|altera_pll_i|general[0].gpll~FRACTIONAL_PLL|vcoph[0]      ;
;   52.020 ;   0.000  ; RR ; IC   ; 1      ; PLLOUTPUTCOUNTER_X89_Y5_N1 ; emu|pll|pll_inst|altera_pll_i|general[0].gpll~PLL_OUTPUT_COUNTER|vco0ph[0] ;
;   53.486 ;   1.466  ; RR ; CELL ; 3      ; PLLOUTPUTCOUNTER_X89_Y5_N1 ; emu|pll|pll_inst|altera_pll_i|general[0].gpll~PLL_OUTPUT_COUNTER|divclk    ;
;   54.393 ;   0.907  ; RR ; IC   ; 1      ; CLKCTRL_G4                 ; emu|pll|pll_inst|altera_pll_i|outclk_wire[0]~CLKENA0|inclk                 ;
;   54.672 ;   0.279  ; RR ; CELL ; 9021   ; CLKCTRL_G4                 ; emu|pll|pll_inst|altera_pll_i|outclk_wire[0]~CLKENA0|outclk                ;
;   56.617 ;   1.945  ; RR ; IC   ; 1      ; FF_X10_Y39_N25             ; emu|spath|stub|recon_sig[1]|clk                                            ;
;   57.105 ;   0.488  ; RR ; CELL ; 1      ; FF_X10_Y39_N25             ; emu:emu|stream_path:spath|decode_stub:stub|recon_sig[1]                    ;
;   58.065 ;   0.960  ;    ;      ;        ;                            ; clock pessimism removed                                                    ;
; 57.935   ; -0.130   ;    ;      ;        ;                            ; clock uncertainty                                                          ;
; 57.935   ; 0.000    ;    ; uTsu ; 1      ; FF_X10_Y39_N25             ; emu:emu|stream_path:spath|decode_stub:stub|recon_sig[1]                    ;
+----------+----------+----+------+--------+----------------------------+----------------------------------------------------------------------------+

----------------------------
; Extra Fitter Information ;
----------------------------
HTML report is unavailable in plain text report export.


Path #3: Setup slack is 6.329 
===============================================================================
+----------------------------------------------------------------------------------------------+
; Path Summary                                                                                 ;
+--------------------+-------------------------------------------------------------------------+
; Property           ; Value                                                                   ;
+--------------------+-------------------------------------------------------------------------+
; From Node          ; emu:emu|stream_path:spath|decode_stub:stub|lat_qp[4]                    ;
; To Node            ; emu:emu|stream_path:spath|decode_stub:stub|recon_sig[1]                 ;
; Launch Clock       ; emu|pll|pll_inst|altera_pll_i|general[0].gpll~PLL_OUTPUT_COUNTER|divclk ;
; Latch Clock        ; emu|pll|pll_inst|altera_pll_i|general[0].gpll~PLL_OUTPUT_COUNTER|divclk ;
; Data Arrival Time  ; 51.606                                                                  ;
; Data Required Time ; 57.935                                                                  ;
; Slack              ; 6.329                                                                   ;
+--------------------+-------------------------------------------------------------------------+

+--------------------------------------------------------------------------------------+
; Statistics                                                                           ;
+------------------------+--------+-------+-------------+------------+--------+--------+
; Property               ; Value  ; Count ; Total Delay ; % of Total ; Min    ; Max    ;
+------------------------+--------+-------+-------------+------------+--------+--------+
; Setup Relationship     ; 50.000 ;       ;             ;            ;        ;        ;
; Clock Skew             ; -0.434 ;       ;             ;            ;        ;        ;
; Data Delay             ; 43.107 ;       ;             ;            ;        ;        ;
; Number of Logic Levels ;        ; 23    ;             ;            ;        ;        ;
; Physical Delays        ;        ;       ;             ;            ;        ;        ;
;  Arrival Path          ;        ;       ;             ;            ;        ;        ;
;   Clock                ;        ;       ;             ;            ;        ;        ;
;    IC                  ;        ; 6     ; 4.679       ; 55         ; 0.000  ; 2.306  ;
;    Cell                ;        ; 6     ; 3.820       ; 45         ; 0.116  ; 1.745  ;
;   Data                 ;        ;       ;             ;            ;        ;        ;
;    IC                  ;        ; 36    ; 20.018      ; 46         ; 0.000  ; 2.348  ;
;    Cell                ;        ; 37    ; 23.089      ; 54         ; 0.000  ; 3.938  ;
;    uTco                ;        ; 1     ; 0.000       ; 0          ; 0.000  ; 0.000  ;
;  Required Path         ;        ;       ;             ;            ;        ;        ;
;   Clock                ;        ;       ;             ;            ;        ;        ;
;    IC                  ;        ; 6     ; 4.023       ; 55         ; 0.000  ; 1.945  ;
;    Cell                ;        ; 5     ; 3.302       ; 45         ; 0.279  ; 1.466  ;
;    PLL Compensation    ;        ; 1     ; -0.220      ; 0          ; -0.220 ; -0.220 ;
+------------------------+--------+-------+-------------+------------+--------+--------+
Note: Negative delays are omitted from totals when calculating percentages

+------------------------------------------------------------------------------------------------------------------------------------------------------------------------------+
; Data Arrival Path                                                                                                                                                            ;
+----------+---------+----+------+--------+----------------------------+-------------------------------------------------------------------------------------------------------+
; Total    ; Incr    ; RF ; Type ; Fanout ; Location                   ; Element                                                                                               ;
+----------+---------+----+------+--------+----------------------------+-------------------------------------------------------------------------------------------------------+
; 0.000    ; 0.000   ;    ;      ;        ;                            ; launch edge time                                                                                      ;
; 8.499    ; 8.499   ;    ;      ;        ;                            ; clock path                                                                                            ;
;   0.000  ;   0.000 ;    ;      ;        ;                            ; source latency                                                                                        ;
;   0.000  ;   0.000 ;    ;      ; 1      ; PIN_Y13                    ; FPGA_CLK2_50                                                                                          ;
;   0.000  ;   0.000 ; RR ; IC   ; 1      ; IOIBUF_X56_Y0_N1           ; FPGA_CLK2_50~input|i                                                                                  ;
;   0.761  ;   0.761 ; RR ; CELL ; 2      ; IOIBUF_X56_Y0_N1           ; FPGA_CLK2_50~input|o                                                                                  ;
;   2.096  ;   1.335 ; RR ; IC   ; 1      ; PLLREFCLKSELECT_X89_Y7_N0  ; emu|pll|pll_inst|altera_pll_i|general[0].gpll~PLL_REFCLK_SELECT|clkin[0]                              ;
;   2.429  ;   0.333 ; RR ; CELL ; 1      ; PLLREFCLKSELECT_X89_Y7_N0  ; emu|pll|pll_inst|altera_pll_i|general[0].gpll~PLL_REFCLK_SELECT|clkout                                ;
;   2.429  ;   0.000 ; RR ; IC   ; 10     ; FRACTIONALPLL_X89_Y1_N0    ; emu|pll|pll_inst|altera_pll_i|general[0].gpll~FRACTIONAL_PLL|refclkin                                 ;
;   2.545  ;   0.116 ; RR ; CELL ; 2      ; FRACTIONALPLL_X89_Y1_N0    ; emu|pll|pll_inst|altera_pll_i|general[0].gpll~FRACTIONAL_PLL|vcoph[0]                                 ;
;   2.545  ;   0.000 ; RR ; IC   ; 1      ; PLLOUTPUTCOUNTER_X89_Y5_N1 ; emu|pll|pll_inst|altera_pll_i|general[0].gpll~PLL_OUTPUT_COUNTER|vco0ph[0]                            ;
;   4.290  ;   1.745 ; RR ; CELL ; 3      ; PLLOUTPUTCOUNTER_X89_Y5_N1 ; emu|pll|pll_inst|altera_pll_i|general[0].gpll~PLL_OUTPUT_COUNTER|divclk                               ;
;   5.328  ;   1.038 ; RR ; IC   ; 1      ; CLKCTRL_G4                 ; emu|pll|pll_inst|altera_pll_i|outclk_wire[0]~CLKENA0|inclk                                            ;
;   5.632  ;   0.304 ; RR ; CELL ; 9021   ; CLKCTRL_G4                 ; emu|pll|pll_inst|altera_pll_i|outclk_wire[0]~CLKENA0|outclk                                           ;
;   7.938  ;   2.306 ; RR ; IC   ; 1      ; FF_X15_Y10_N50             ; emu|spath|stub|lat_qp[4]|clk                                                                          ;
;   8.499  ;   0.561 ; RR ; CELL ; 1      ; FF_X15_Y10_N50             ; emu:emu|stream_path:spath|decode_stub:stub|lat_qp[4]                                                  ;
; 51.606   ; 43.107  ;    ;      ;        ;                            ; data path                                                                                             ;
;   8.499  ;   0.000 ;    ; uTco ; 1      ; FF_X15_Y10_N50             ; emu:emu|stream_path:spath|decode_stub:stub|lat_qp[4]                                                  ;
;   8.499  ;   0.000 ; RR ; CELL ; 4      ; FF_X15_Y10_N50             ; emu|spath|stub|lat_qp[4]|q                                                                            ;
;   8.807  ;   0.308 ; RR ; IC   ; 2      ; MLABCELL_X15_Y10_N3        ; emu|spath|stub|u_h264_dequant4x4|Mod0|auto_generated|divider|divider|add_sub_2_result_int[1]~9|dataa  ;
;   10.057 ;   1.250 ; RR ; CELL ; 1      ; MLABCELL_X15_Y10_N3        ; emu|spath|stub|u_h264_dequant4x4|Mod0|auto_generated|divider|divider|add_sub_2_result_int[1]~9|sumout ;
;   10.416 ;   0.359 ; RR ; IC   ; 1      ; LABCELL_X16_Y10_N51        ; emu|spath|stub|u_h264_dequant4x4|Mod0|auto_generated|divider|divider|StageOut[9]~9|datac              ;
;   10.830 ;   0.414 ; RR ; CELL ; 2      ; LABCELL_X16_Y10_N51        ; emu|spath|stub|u_h264_dequant4x4|Mod0|auto_generated|divider|divider|StageOut[9]~9|combout            ;
;   11.197 ;   0.367 ; RR ; IC   ; 2      ; LABCELL_X16_Y10_N9         ; emu|spath|stub|u_h264_dequant4x4|Mod0|auto_generated|divider|divider|op_4~21|datac                    ;
;   12.046 ;   0.849 ; RR ; CELL ; 1      ; LABCELL_X16_Y10_N9         ; emu|spath|stub|u_h264_dequant4x4|Mod0|auto_generated|divider|divider|op_4~21|cout                     ;
;   12.046 ;   0.000 ; RR ; IC   ; 1      ; LABCELL_X16_Y10_N12        ; emu|spath|stub|u_h264_dequant4x4|Mod0|auto_generated|divider|divider|op_4~10|cin                      ;
;   12.096 ;   0.050 ; RR ; CELL ; 1      ; LABCELL_X16_Y10_N12        ; emu|spath|stub|u_h264_dequant4x4|Mod0|auto_generated|divider|divider|op_4~10|cout                     ;
;   12.096 ;   0.000 ; RR ; IC   ; 1      ; LABCELL_X16_Y10_N15        ; emu|spath|stub|u_h264_dequant4x4|Mod0|auto_generated|divider|divider|op_4~1|cin                       ;
;   12.250 ;   0.154 ; RR ; CELL ; 6      ; LABCELL_X16_Y10_N15        ; emu|spath|stub|u_h264_dequant4x4|Mod0|auto_generated|divider|divider|op_4~1|sumout                    ;
;   12.533 ;   0.283 ; RR ; IC   ; 2      ; LABCELL_X16_Y10_N36        ; emu|spath|stub|u_h264_dequant4x4|Mod0|auto_generated|divider|divider|op_5~5|datab                     ;
;   13.595 ;   1.062 ; RR ; CELL ; 1      ; LABCELL_X16_Y10_N36        ; emu|spath|stub|u_h264_dequant4x4|Mod0|auto_generated|divider|divider|op_5~5|cout                      ;
;   13.595 ;   0.000 ; RR ; IC   ; 2      ; LABCELL_X16_Y10_N39        ; emu|spath|stub|u_h264_dequant4x4|Mod0|auto_generated|divider|divider|op_5~21|cin                      ;
;   13.595 ;   0.000 ; RR ; CELL ; 1      ; LABCELL_X16_Y10_N39        ; emu|spath|stub|u_h264_dequant4x4|Mod0|auto_generated|divider|divider|op_5~21|cout                     ;
;   13.595 ;   0.000 ; RR ; IC   ; 1      ; LABCELL_X16_Y10_N42        ; emu|spath|stub|u_h264_dequant4x4|Mod0|auto_generated|divider|divider|op_5~14|cin                      ;
;   13.645 ;   0.050 ; RR ; CELL ; 1      ; LABCELL_X16_Y10_N42        ; emu|spath|stub|u_h264_dequant4x4|Mod0|auto_generated|divider|divider|op_5~14|cout                     ;
;   13.645 ;   0.000 ; RR ; IC   ; 1      ; LABCELL_X16_Y10_N45        ; emu|spath|stub|u_h264_dequant4x4|Mod0|auto_generated|divider|divider|op_5~1|cin                       ;
;   13.799 ;   0.154 ; RR ; CELL ; 7      ; LABCELL_X16_Y10_N45        ; emu|spath|stub|u_h264_dequant4x4|Mod0|auto_generated|divider|divider|op_5~1|sumout                    ;
;   14.135 ;   0.336 ; RR ; IC   ; 2      ; LABCELL_X17_Y10_N9         ; emu|spath|stub|u_h264_dequant4x4|Mod0|auto_generated|divider|divider|op_6~9|dataa                     ;
;   15.438 ;   1.303 ; RF ; CELL ; 5      ; LABCELL_X17_Y10_N9         ; emu|spath|stub|u_h264_dequant4x4|Mod0|auto_generated|divider|divider|op_6~9|sumout                    ;
;   15.831 ;   0.393 ; FF ; IC   ; 1      ; LABCELL_X17_Y10_N24        ; emu|spath|stub|u_h264_dequant4x4|Mod0|auto_generated|divider|divider|StageOut[22]~3|datae             ;
;   16.055 ;   0.224 ; FF ; CELL ; 42     ; LABCELL_X17_Y10_N24        ; emu|spath|stub|u_h264_dequant4x4|Mod0|auto_generated|divider|divider|StageOut[22]~3|combout           ;
;   16.923 ;   0.868 ; FF ; IC   ; 1      ; LABCELL_X18_Y12_N15        ; emu|spath|stub|u_h264_dequant4x4|ShiftLeft1~6|datab                                                   ;
;   17.497 ;   0.574 ; FR ; CELL ; 4      ; LABCELL_X18_Y12_N15        ; emu|spath|stub|u_h264_dequant4x4|ShiftLeft1~6|combout                                                 ;
;   17.763 ;   0.266 ; RR ; IC   ; 1      ; LABCELL_X18_Y12_N0         ; emu|spath|stub|u_h264_dequant4x4|ShiftLeft1~15|datad                                                  ;
;   18.257 ;   0.494 ; RF ; CELL ; 8      ; LABCELL_X18_Y12_N0         ; emu|spath|stub|u_h264_dequant4x4|ShiftLeft1~15|combout                                                ;
;   19.923 ;   1.666 ; FF ; IC   ; 29     ; DSP_X32_Y12_N0             ; emu|spath|stub|u_h264_dequant4x4|Mult6~318|ay[8]                                                      ;
;   23.861 ;   3.938 ; FF ; CELL ; 1      ; DSP_X32_Y12_N0             ; emu|spath|stub|u_h264_dequant4x4|Mult6~318|resulta[32]                                                ;
;   26.073 ;   2.212 ; FF ; IC   ; 14     ; DSP_X32_Y24_N0             ; emu|spath|stub|u_h264_dequant4x4|Mult6~mult_hlmac|by[14]                                              ;
;   28.612 ;   2.539 ; FF ; CELL ; 1      ; DSP_X32_Y24_N0             ; emu|spath|stub|u_h264_dequant4x4|Mult6~mult_hlmac|resulta[0]                                          ;
;   30.054 ;   1.442 ; FF ; IC   ; 2      ; MLABCELL_X21_Y24_N9        ; emu|spath|stub|u_h264_dequant4x4|Add7~13|datad                                                        ;
;   30.988 ;   0.934 ; FF ; CELL ; 3      ; MLABCELL_X21_Y24_N9        ; emu|spath|stub|u_h264_dequant4x4|Add7~13|sumout                                                       ;
;   32.431 ;   1.443 ; FF ; IC   ; 2      ; MLABCELL_X21_Y27_N57       ; emu|spath|stub|u_h264_idct4x4|Add6~49|datac                                                           ;
;   33.311 ;   0.880 ; FR ; CELL ; 1      ; MLABCELL_X21_Y27_N57       ; emu|spath|stub|u_h264_idct4x4|Add6~49|cout                                                            ;
;   33.311 ;   0.000 ; RR ; IC   ; 2      ; MLABCELL_X21_Y26_N0        ; emu|spath|stub|u_h264_idct4x4|Add6~45|cin                                                             ;
;   33.826 ;   0.515 ; RF ; CELL ; 2      ; MLABCELL_X21_Y26_N0        ; emu|spath|stub|u_h264_idct4x4|Add6~45|sumout                                                          ;
;   34.627 ;   0.801 ; FF ; IC   ; 3      ; LABCELL_X17_Y26_N9         ; emu|spath|stub|u_h264_idct4x4|Add23~73|datac                                                          ;
;   35.374 ;   0.747 ; FR ; CELL ; 1      ; LABCELL_X17_Y26_N9         ; emu|spath|stub|u_h264_idct4x4|Add23~73|cout                                                           ;
;   35.374 ;   0.000 ; RR ; IC   ; 2      ; LABCELL_X17_Y26_N12        ; emu|spath|stub|u_h264_idct4x4|Add23~81|cin                                                            ;
;   35.729 ;   0.355 ; RF ; CELL ; 2      ; LABCELL_X17_Y26_N12        ; emu|spath|stub|u_h264_idct4x4|Add23~81|sumout                                                         ;
;   37.587 ;   1.858 ; FF ; IC   ; 2      ; LABCELL_X16_Y31_N54        ; emu|spath|stub|u_h264_idct4x4|Add43~85|datad                                                          ;
;   38.199 ;   0.612 ; FF ; CELL ; 1      ; LABCELL_X16_Y31_N54        ; emu|spath|stub|u_h264_idct4x4|Add43~85|cout                                                           ;
;   38.199 ;   0.000 ; FF ; IC   ; 2      ; LABCELL_X16_Y31_N57        ; emu|spath|stub|u_h264_idct4x4|Add43~77|cin                                                            ;
;   38.199 ;   0.000 ; FF ; CELL ; 1      ; LABCELL_X16_Y31_N57        ; emu|spath|stub|u_h264_idct4x4|Add43~77|cout                                                           ;
;   38.199 ;   0.000 ; FF ; IC   ; 2      ; LABCELL_X16_Y30_N0         ; emu|spath|stub|u_h264_idct4x4|Add43~49|cin                                                            ;
;   38.725 ;   0.526 ; FF ; CELL ; 2      ; LABCELL_X16_Y30_N0         ; emu|spath|stub|u_h264_idct4x4|Add43~49|sumout                                                         ;
;   41.073 ;   2.348 ; FF ; IC   ; 3      ; LABCELL_X17_Y43_N45        ; emu|spath|stub|u_h264_idct4x4|Add59~53|datac                                                          ;
;   41.820 ;   0.747 ; FR ; CELL ; 1      ; LABCELL_X17_Y43_N45        ; emu|spath|stub|u_h264_idct4x4|Add59~53|cout                                                           ;
;   41.820 ;   0.000 ; RR ; IC   ; 2      ; LABCELL_X17_Y43_N48        ; emu|spath|stub|u_h264_idct4x4|Add59~49|cin                                                            ;
;   42.156 ;   0.336 ; RF ; CELL ; 2      ; LABCELL_X17_Y43_N48        ; emu|spath|stub|u_h264_idct4x4|Add59~49|sumout                                                         ;
;   43.498 ;   1.342 ; FF ; IC   ; 2      ; LABCELL_X11_Y42_N0         ; emu|spath|stub|u_h264_recon4x4|Add10~53|datac                                                         ;
;   44.335 ;   0.837 ; FF ; CELL ; 1      ; LABCELL_X11_Y42_N0         ; emu|spath|stub|u_h264_recon4x4|Add10~53|cout                                                          ;
;   44.335 ;   0.000 ; FF ; IC   ; 2      ; LABCELL_X11_Y42_N3         ; emu|spath|stub|u_h264_recon4x4|Add10~57|cin                                                           ;
;   44.335 ;   0.000 ; FF ; CELL ; 1      ; LABCELL_X11_Y42_N3         ; emu|spath|stub|u_h264_recon4x4|Add10~57|cout                                                          ;
;   44.335 ;   0.000 ; FF ; IC   ; 2      ; LABCELL_X11_Y42_N6         ; emu|spath|stub|u_h264_recon4x4|Add10~33|cin                                                           ;
;   44.687 ;   0.352 ; FR ; CELL ; 1      ; LABCELL_X11_Y42_N6         ; emu|spath|stub|u_h264_recon4x4|Add10~33|sumout                                                        ;
;   45.369 ;   0.682 ; RR ; IC   ; 1      ; LABCELL_X11_Y43_N12        ; emu|spath|stub|u_h264_recon4x4|recon[10][7]~99|datad                                                  ;
;   45.863 ;   0.494 ; RF ; CELL ; 1      ; LABCELL_X11_Y43_N12        ; emu|spath|stub|u_h264_recon4x4|recon[10][7]~99|combout                                                ;
;   46.466 ;   0.603 ; FF ; IC   ; 1      ; LABCELL_X11_Y42_N54        ; emu|spath|stub|u_h264_recon4x4|recon[10][7]~100|datac                                                 ;
;   46.949 ;   0.483 ; FF ; CELL ; 1      ; LABCELL_X11_Y42_N54        ; emu|spath|stub|u_h264_recon4x4|recon[10][7]~100|combout                                               ;
;   47.172 ;   0.223 ; FF ; IC   ; 1      ; LABCELL_X11_Y42_N48        ; emu|spath|stub|u_h264_recon4x4|recon[10][7]~32|datac                                                  ;
;   47.686 ;   0.514 ; FF ; CELL ; 5      ; LABCELL_X11_Y42_N48        ; emu|spath|stub|u_h264_recon4x4|recon[10][7]~32|combout                                                ;
;   47.905 ;   0.219 ; FF ; IC   ; 1      ; LABCELL_X11_Y42_N57        ; emu|spath|stub|u_h264_recon4x4|recon[10][7]~33|dataf                                                  ;
;   47.984 ;   0.079 ; FF ; CELL ; 7      ; LABCELL_X11_Y42_N57        ; emu|spath|stub|u_h264_recon4x4|recon[10][7]~33|combout                                                ;
;   48.889 ;   0.905 ; FF ; IC   ; 1      ; LABCELL_X12_Y38_N39        ; emu|spath|stub|recon_sig_comb[1]~57|datae                                                             ;
;   49.189 ;   0.300 ; FF ; CELL ; 1      ; LABCELL_X12_Y38_N39        ; emu|spath|stub|recon_sig_comb[1]~57|combout                                                           ;
;   49.927 ;   0.738 ; FF ; IC   ; 1      ; LABCELL_X11_Y39_N24        ; emu|spath|stub|recon_sig_comb[1]~9|datab                                                              ;
;   50.486 ;   0.559 ; FF ; CELL ; 1      ; LABCELL_X11_Y39_N24        ; emu|spath|stub|recon_sig_comb[1]~9|combout                                                            ;
;   50.842 ;   0.356 ; FF ; IC   ; 1      ; LABCELL_X10_Y39_N24        ; emu|spath|stub|recon_sig~9|datad                                                                      ;
;   51.346 ;   0.504 ; FF ; CELL ; 1      ; LABCELL_X10_Y39_N24        ; emu|spath|stub|recon_sig~9|combout                                                                    ;
;   51.346 ;   0.000 ; FF ; IC   ; 1      ; FF_X10_Y39_N25             ; emu|spath|stub|recon_sig[1]|d                                                                         ;
;   51.606 ;   0.260 ; FF ; CELL ; 1      ; FF_X10_Y39_N25             ; emu:emu|stream_path:spath|decode_stub:stub|recon_sig[1]                                               ;
+----------+---------+----+------+--------+----------------------------+-------------------------------------------------------------------------------------------------------+

+----------------------------------------------------------------------------------------------------------------------------------------------------+
; Data Required Path                                                                                                                                 ;
+----------+----------+----+------+--------+----------------------------+----------------------------------------------------------------------------+
; Total    ; Incr     ; RF ; Type ; Fanout ; Location                   ; Element                                                                    ;
+----------+----------+----+------+--------+----------------------------+----------------------------------------------------------------------------+
; 50.000   ; 50.000   ;    ;      ;        ;                            ; latch edge time                                                            ;
; 58.065   ; 8.065    ;    ;      ;        ;                            ; clock path                                                                 ;
;   50.000 ;   0.000  ;    ;      ;        ;                            ; source latency                                                             ;
;   50.000 ;   0.000  ;    ;      ; 1      ; PIN_Y13                    ; FPGA_CLK2_50                                                               ;
;   50.000 ;   0.000  ; RR ; IC   ; 1      ; IOIBUF_X56_Y0_N1           ; FPGA_CLK2_50~input|i                                                       ;
;   50.761 ;   0.761  ; RR ; CELL ; 2      ; IOIBUF_X56_Y0_N1           ; FPGA_CLK2_50~input|o                                                       ;
;   51.932 ;   1.171  ; RR ; IC   ; 1      ; PLLREFCLKSELECT_X89_Y7_N0  ; emu|pll|pll_inst|altera_pll_i|general[0].gpll~PLL_REFCLK_SELECT|clkin[0]   ;
;   52.240 ;   0.308  ; RR ; CELL ; 1      ; PLLREFCLKSELECT_X89_Y7_N0  ; emu|pll|pll_inst|altera_pll_i|general[0].gpll~PLL_REFCLK_SELECT|clkout     ;
;   52.240 ;   0.000  ; RR ; IC   ; 10     ; FRACTIONALPLL_X89_Y1_N0    ; emu|pll|pll_inst|altera_pll_i|general[0].gpll~FRACTIONAL_PLL|refclkin      ;
;   52.020 ;   -0.220 ; RR ; COMP ; 2      ; FRACTIONALPLL_X89_Y1_N0    ; emu|pll|pll_inst|altera_pll_i|general[0].gpll~FRACTIONAL_PLL|vcoph[0]      ;
;   52.020 ;   0.000  ; RR ; IC   ; 1      ; PLLOUTPUTCOUNTER_X89_Y5_N1 ; emu|pll|pll_inst|altera_pll_i|general[0].gpll~PLL_OUTPUT_COUNTER|vco0ph[0] ;
;   53.486 ;   1.466  ; RR ; CELL ; 3      ; PLLOUTPUTCOUNTER_X89_Y5_N1 ; emu|pll|pll_inst|altera_pll_i|general[0].gpll~PLL_OUTPUT_COUNTER|divclk    ;
;   54.393 ;   0.907  ; RR ; IC   ; 1      ; CLKCTRL_G4                 ; emu|pll|pll_inst|altera_pll_i|outclk_wire[0]~CLKENA0|inclk                 ;
;   54.672 ;   0.279  ; RR ; CELL ; 9021   ; CLKCTRL_G4                 ; emu|pll|pll_inst|altera_pll_i|outclk_wire[0]~CLKENA0|outclk                ;
;   56.617 ;   1.945  ; RR ; IC   ; 1      ; FF_X10_Y39_N25             ; emu|spath|stub|recon_sig[1]|clk                                            ;
;   57.105 ;   0.488  ; RR ; CELL ; 1      ; FF_X10_Y39_N25             ; emu:emu|stream_path:spath|decode_stub:stub|recon_sig[1]                    ;
;   58.065 ;   0.960  ;    ;      ;        ;                            ; clock pessimism removed                                                    ;
; 57.935   ; -0.130   ;    ;      ;        ;                            ; clock uncertainty                                                          ;
; 57.935   ; 0.000    ;    ; uTsu ; 1      ; FF_X10_Y39_N25             ; emu:emu|stream_path:spath|decode_stub:stub|recon_sig[1]                    ;
+----------+----------+----+------+--------+----------------------------+----------------------------------------------------------------------------+

----------------------------
; Extra Fitter Information ;
----------------------------
HTML report is unavailable in plain text report export.


Path #4: Setup slack is 6.329 
===============================================================================
+----------------------------------------------------------------------------------------------+
; Path Summary                                                                                 ;
+--------------------+-------------------------------------------------------------------------+
; Property           ; Value                                                                   ;
+--------------------+-------------------------------------------------------------------------+
; From Node          ; emu:emu|stream_path:spath|decode_stub:stub|lat_qp[4]                    ;
; To Node            ; emu:emu|stream_path:spath|decode_stub:stub|recon_sig[1]                 ;
; Launch Clock       ; emu|pll|pll_inst|altera_pll_i|general[0].gpll~PLL_OUTPUT_COUNTER|divclk ;
; Latch Clock        ; emu|pll|pll_inst|altera_pll_i|general[0].gpll~PLL_OUTPUT_COUNTER|divclk ;
; Data Arrival Time  ; 51.606                                                                  ;
; Data Required Time ; 57.935                                                                  ;
; Slack              ; 6.329                                                                   ;
+--------------------+-------------------------------------------------------------------------+

+--------------------------------------------------------------------------------------+
; Statistics                                                                           ;
+------------------------+--------+-------+-------------+------------+--------+--------+
; Property               ; Value  ; Count ; Total Delay ; % of Total ; Min    ; Max    ;
+------------------------+--------+-------+-------------+------------+--------+--------+
; Setup Relationship     ; 50.000 ;       ;             ;            ;        ;        ;
; Clock Skew             ; -0.434 ;       ;             ;            ;        ;        ;
; Data Delay             ; 43.107 ;       ;             ;            ;        ;        ;
; Number of Logic Levels ;        ; 23    ;             ;            ;        ;        ;
; Physical Delays        ;        ;       ;             ;            ;        ;        ;
;  Arrival Path          ;        ;       ;             ;            ;        ;        ;
;   Clock                ;        ;       ;             ;            ;        ;        ;
;    IC                  ;        ; 6     ; 4.679       ; 55         ; 0.000  ; 2.306  ;
;    Cell                ;        ; 6     ; 3.820       ; 45         ; 0.116  ; 1.745  ;
;   Data                 ;        ;       ;             ;            ;        ;        ;
;    IC                  ;        ; 35    ; 20.018      ; 46         ; 0.000  ; 2.348  ;
;    Cell                ;        ; 36    ; 23.089      ; 54         ; 0.000  ; 3.938  ;
;    uTco                ;        ; 1     ; 0.000       ; 0          ; 0.000  ; 0.000  ;
;  Required Path         ;        ;       ;             ;            ;        ;        ;
;   Clock                ;        ;       ;             ;            ;        ;        ;
;    IC                  ;        ; 6     ; 4.023       ; 55         ; 0.000  ; 1.945  ;
;    Cell                ;        ; 5     ; 3.302       ; 45         ; 0.279  ; 1.466  ;
;    PLL Compensation    ;        ; 1     ; -0.220      ; 0          ; -0.220 ; -0.220 ;
+------------------------+--------+-------+-------------+------------+--------+--------+
Note: Negative delays are omitted from totals when calculating percentages

+------------------------------------------------------------------------------------------------------------------------------------------------------------------------------+
; Data Arrival Path                                                                                                                                                            ;
+----------+---------+----+------+--------+----------------------------+-------------------------------------------------------------------------------------------------------+
; Total    ; Incr    ; RF ; Type ; Fanout ; Location                   ; Element                                                                                               ;
+----------+---------+----+------+--------+----------------------------+-------------------------------------------------------------------------------------------------------+
; 0.000    ; 0.000   ;    ;      ;        ;                            ; launch edge time                                                                                      ;
; 8.499    ; 8.499   ;    ;      ;        ;                            ; clock path                                                                                            ;
;   0.000  ;   0.000 ;    ;      ;        ;                            ; source latency                                                                                        ;
;   0.000  ;   0.000 ;    ;      ; 1      ; PIN_Y13                    ; FPGA_CLK2_50                                                                                          ;
;   0.000  ;   0.000 ; RR ; IC   ; 1      ; IOIBUF_X56_Y0_N1           ; FPGA_CLK2_50~input|i                                                                                  ;
;   0.761  ;   0.761 ; RR ; CELL ; 2      ; IOIBUF_X56_Y0_N1           ; FPGA_CLK2_50~input|o                                                                                  ;
;   2.096  ;   1.335 ; RR ; IC   ; 1      ; PLLREFCLKSELECT_X89_Y7_N0  ; emu|pll|pll_inst|altera_pll_i|general[0].gpll~PLL_REFCLK_SELECT|clkin[0]                              ;
;   2.429  ;   0.333 ; RR ; CELL ; 1      ; PLLREFCLKSELECT_X89_Y7_N0  ; emu|pll|pll_inst|altera_pll_i|general[0].gpll~PLL_REFCLK_SELECT|clkout                                ;
;   2.429  ;   0.000 ; RR ; IC   ; 10     ; FRACTIONALPLL_X89_Y1_N0    ; emu|pll|pll_inst|altera_pll_i|general[0].gpll~FRACTIONAL_PLL|refclkin                                 ;
;   2.545  ;   0.116 ; RR ; CELL ; 2      ; FRACTIONALPLL_X89_Y1_N0    ; emu|pll|pll_inst|altera_pll_i|general[0].gpll~FRACTIONAL_PLL|vcoph[0]                                 ;
;   2.545  ;   0.000 ; RR ; IC   ; 1      ; PLLOUTPUTCOUNTER_X89_Y5_N1 ; emu|pll|pll_inst|altera_pll_i|general[0].gpll~PLL_OUTPUT_COUNTER|vco0ph[0]                            ;
;   4.290  ;   1.745 ; RR ; CELL ; 3      ; PLLOUTPUTCOUNTER_X89_Y5_N1 ; emu|pll|pll_inst|altera_pll_i|general[0].gpll~PLL_OUTPUT_COUNTER|divclk                               ;
;   5.328  ;   1.038 ; RR ; IC   ; 1      ; CLKCTRL_G4                 ; emu|pll|pll_inst|altera_pll_i|outclk_wire[0]~CLKENA0|inclk                                            ;
;   5.632  ;   0.304 ; RR ; CELL ; 9021   ; CLKCTRL_G4                 ; emu|pll|pll_inst|altera_pll_i|outclk_wire[0]~CLKENA0|outclk                                           ;
;   7.938  ;   2.306 ; RR ; IC   ; 1      ; FF_X15_Y10_N50             ; emu|spath|stub|lat_qp[4]|clk                                                                          ;
;   8.499  ;   0.561 ; RR ; CELL ; 1      ; FF_X15_Y10_N50             ; emu:emu|stream_path:spath|decode_stub:stub|lat_qp[4]                                                  ;
; 51.606   ; 43.107  ;    ;      ;        ;                            ; data path                                                                                             ;
;   8.499  ;   0.000 ;    ; uTco ; 1      ; FF_X15_Y10_N50             ; emu:emu|stream_path:spath|decode_stub:stub|lat_qp[4]                                                  ;
;   8.499  ;   0.000 ; RR ; CELL ; 4      ; FF_X15_Y10_N50             ; emu|spath|stub|lat_qp[4]|q                                                                            ;
;   8.807  ;   0.308 ; RR ; IC   ; 2      ; MLABCELL_X15_Y10_N3        ; emu|spath|stub|u_h264_dequant4x4|Mod0|auto_generated|divider|divider|add_sub_2_result_int[1]~9|dataa  ;
;   10.057 ;   1.250 ; RR ; CELL ; 1      ; MLABCELL_X15_Y10_N3        ; emu|spath|stub|u_h264_dequant4x4|Mod0|auto_generated|divider|divider|add_sub_2_result_int[1]~9|sumout ;
;   10.416 ;   0.359 ; RR ; IC   ; 1      ; LABCELL_X16_Y10_N51        ; emu|spath|stub|u_h264_dequant4x4|Mod0|auto_generated|divider|divider|StageOut[9]~9|datac              ;
;   10.830 ;   0.414 ; RR ; CELL ; 2      ; LABCELL_X16_Y10_N51        ; emu|spath|stub|u_h264_dequant4x4|Mod0|auto_generated|divider|divider|StageOut[9]~9|combout            ;
;   11.197 ;   0.367 ; RR ; IC   ; 2      ; LABCELL_X16_Y10_N9         ; emu|spath|stub|u_h264_dequant4x4|Mod0|auto_generated|divider|divider|op_4~21|datac                    ;
;   12.046 ;   0.849 ; RR ; CELL ; 1      ; LABCELL_X16_Y10_N9         ; emu|spath|stub|u_h264_dequant4x4|Mod0|auto_generated|divider|divider|op_4~21|cout                     ;
;   12.046 ;   0.000 ; RR ; IC   ; 1      ; LABCELL_X16_Y10_N12        ; emu|spath|stub|u_h264_dequant4x4|Mod0|auto_generated|divider|divider|op_4~10|cin                      ;
;   12.096 ;   0.050 ; RR ; CELL ; 1      ; LABCELL_X16_Y10_N12        ; emu|spath|stub|u_h264_dequant4x4|Mod0|auto_generated|divider|divider|op_4~10|cout                     ;
;   12.096 ;   0.000 ; RR ; IC   ; 1      ; LABCELL_X16_Y10_N15        ; emu|spath|stub|u_h264_dequant4x4|Mod0|auto_generated|divider|divider|op_4~1|cin                       ;
;   12.250 ;   0.154 ; RR ; CELL ; 6      ; LABCELL_X16_Y10_N15        ; emu|spath|stub|u_h264_dequant4x4|Mod0|auto_generated|divider|divider|op_4~1|sumout                    ;
;   12.533 ;   0.283 ; RR ; IC   ; 2      ; LABCELL_X16_Y10_N39        ; emu|spath|stub|u_h264_dequant4x4|Mod0|auto_generated|divider|divider|op_5~21|datab                    ;
;   13.595 ;   1.062 ; RR ; CELL ; 1      ; LABCELL_X16_Y10_N39        ; emu|spath|stub|u_h264_dequant4x4|Mod0|auto_generated|divider|divider|op_5~21|cout                     ;
;   13.595 ;   0.000 ; RR ; IC   ; 1      ; LABCELL_X16_Y10_N42        ; emu|spath|stub|u_h264_dequant4x4|Mod0|auto_generated|divider|divider|op_5~14|cin                      ;
;   13.645 ;   0.050 ; RR ; CELL ; 1      ; LABCELL_X16_Y10_N42        ; emu|spath|stub|u_h264_dequant4x4|Mod0|auto_generated|divider|divider|op_5~14|cout                     ;
;   13.645 ;   0.000 ; RR ; IC   ; 1      ; LABCELL_X16_Y10_N45        ; emu|spath|stub|u_h264_dequant4x4|Mod0|auto_generated|divider|divider|op_5~1|cin                       ;
;   13.799 ;   0.154 ; RR ; CELL ; 7      ; LABCELL_X16_Y10_N45        ; emu|spath|stub|u_h264_dequant4x4|Mod0|auto_generated|divider|divider|op_5~1|sumout                    ;
;   14.135 ;   0.336 ; RR ; IC   ; 2      ; LABCELL_X17_Y10_N9         ; emu|spath|stub|u_h264_dequant4x4|Mod0|auto_generated|divider|divider|op_6~9|dataa                     ;
;   15.438 ;   1.303 ; RF ; CELL ; 5      ; LABCELL_X17_Y10_N9         ; emu|spath|stub|u_h264_dequant4x4|Mod0|auto_generated|divider|divider|op_6~9|sumout                    ;
;   15.831 ;   0.393 ; FF ; IC   ; 1      ; LABCELL_X17_Y10_N24        ; emu|spath|stub|u_h264_dequant4x4|Mod0|auto_generated|divider|divider|StageOut[22]~3|datae             ;
;   16.055 ;   0.224 ; FF ; CELL ; 42     ; LABCELL_X17_Y10_N24        ; emu|spath|stub|u_h264_dequant4x4|Mod0|auto_generated|divider|divider|StageOut[22]~3|combout           ;
;   16.923 ;   0.868 ; FF ; IC   ; 1      ; LABCELL_X18_Y12_N15        ; emu|spath|stub|u_h264_dequant4x4|ShiftLeft1~6|datab                                                   ;
;   17.497 ;   0.574 ; FR ; CELL ; 4      ; LABCELL_X18_Y12_N15        ; emu|spath|stub|u_h264_dequant4x4|ShiftLeft1~6|combout                                                 ;
;   17.763 ;   0.266 ; RR ; IC   ; 1      ; LABCELL_X18_Y12_N0         ; emu|spath|stub|u_h264_dequant4x4|ShiftLeft1~15|datad                                                  ;
;   18.257 ;   0.494 ; RF ; CELL ; 8      ; LABCELL_X18_Y12_N0         ; emu|spath|stub|u_h264_dequant4x4|ShiftLeft1~15|combout                                                ;
;   19.923 ;   1.666 ; FF ; IC   ; 29     ; DSP_X32_Y12_N0             ; emu|spath|stub|u_h264_dequant4x4|Mult6~318|ay[8]                                                      ;
;   23.861 ;   3.938 ; FF ; CELL ; 1      ; DSP_X32_Y12_N0             ; emu|spath|stub|u_h264_dequant4x4|Mult6~318|resulta[32]                                                ;
;   26.073 ;   2.212 ; FF ; IC   ; 14     ; DSP_X32_Y24_N0             ; emu|spath|stub|u_h264_dequant4x4|Mult6~mult_hlmac|by[14]                                              ;
;   28.612 ;   2.539 ; FF ; CELL ; 1      ; DSP_X32_Y24_N0             ; emu|spath|stub|u_h264_dequant4x4|Mult6~mult_hlmac|resulta[0]                                          ;
;   30.054 ;   1.442 ; FF ; IC   ; 2      ; MLABCELL_X21_Y24_N9        ; emu|spath|stub|u_h264_dequant4x4|Add7~13|datad                                                        ;
;   30.988 ;   0.934 ; FF ; CELL ; 3      ; MLABCELL_X21_Y24_N9        ; emu|spath|stub|u_h264_dequant4x4|Add7~13|sumout                                                       ;
;   32.431 ;   1.443 ; FF ; IC   ; 2      ; MLABCELL_X21_Y27_N57       ; emu|spath|stub|u_h264_idct4x4|Add6~49|datac                                                           ;
;   33.311 ;   0.880 ; FR ; CELL ; 1      ; MLABCELL_X21_Y27_N57       ; emu|spath|stub|u_h264_idct4x4|Add6~49|cout                                                            ;
;   33.311 ;   0.000 ; RR ; IC   ; 2      ; MLABCELL_X21_Y26_N0        ; emu|spath|stub|u_h264_idct4x4|Add6~45|cin                                                             ;
;   33.826 ;   0.515 ; RF ; CELL ; 2      ; MLABCELL_X21_Y26_N0        ; emu|spath|stub|u_h264_idct4x4|Add6~45|sumout                                                          ;
;   34.627 ;   0.801 ; FF ; IC   ; 3      ; LABCELL_X17_Y26_N9         ; emu|spath|stub|u_h264_idct4x4|Add23~73|datac                                                          ;
;   35.374 ;   0.747 ; FR ; CELL ; 1      ; LABCELL_X17_Y26_N9         ; emu|spath|stub|u_h264_idct4x4|Add23~73|cout                                                           ;
;   35.374 ;   0.000 ; RR ; IC   ; 2      ; LABCELL_X17_Y26_N12        ; emu|spath|stub|u_h264_idct4x4|Add23~81|cin                                                            ;
;   35.729 ;   0.355 ; RF ; CELL ; 2      ; LABCELL_X17_Y26_N12        ; emu|spath|stub|u_h264_idct4x4|Add23~81|sumout                                                         ;
;   37.587 ;   1.858 ; FF ; IC   ; 2      ; LABCELL_X16_Y31_N54        ; emu|spath|stub|u_h264_idct4x4|Add43~85|datad                                                          ;
;   38.199 ;   0.612 ; FF ; CELL ; 1      ; LABCELL_X16_Y31_N54        ; emu|spath|stub|u_h264_idct4x4|Add43~85|cout                                                           ;
;   38.199 ;   0.000 ; FF ; IC   ; 2      ; LABCELL_X16_Y31_N57        ; emu|spath|stub|u_h264_idct4x4|Add43~77|cin                                                            ;
;   38.199 ;   0.000 ; FF ; CELL ; 1      ; LABCELL_X16_Y31_N57        ; emu|spath|stub|u_h264_idct4x4|Add43~77|cout                                                           ;
;   38.199 ;   0.000 ; FF ; IC   ; 2      ; LABCELL_X16_Y30_N0         ; emu|spath|stub|u_h264_idct4x4|Add43~49|cin                                                            ;
;   38.725 ;   0.526 ; FF ; CELL ; 2      ; LABCELL_X16_Y30_N0         ; emu|spath|stub|u_h264_idct4x4|Add43~49|sumout                                                         ;
;   41.073 ;   2.348 ; FF ; IC   ; 3      ; LABCELL_X17_Y43_N45        ; emu|spath|stub|u_h264_idct4x4|Add59~53|datac                                                          ;
;   41.820 ;   0.747 ; FR ; CELL ; 1      ; LABCELL_X17_Y43_N45        ; emu|spath|stub|u_h264_idct4x4|Add59~53|cout                                                           ;
;   41.820 ;   0.000 ; RR ; IC   ; 2      ; LABCELL_X17_Y43_N48        ; emu|spath|stub|u_h264_idct4x4|Add59~49|cin                                                            ;
;   42.156 ;   0.336 ; RF ; CELL ; 2      ; LABCELL_X17_Y43_N48        ; emu|spath|stub|u_h264_idct4x4|Add59~49|sumout                                                         ;
;   43.498 ;   1.342 ; FF ; IC   ; 2      ; LABCELL_X11_Y42_N0         ; emu|spath|stub|u_h264_recon4x4|Add10~53|datac                                                         ;
;   44.335 ;   0.837 ; FF ; CELL ; 1      ; LABCELL_X11_Y42_N0         ; emu|spath|stub|u_h264_recon4x4|Add10~53|cout                                                          ;
;   44.335 ;   0.000 ; FF ; IC   ; 2      ; LABCELL_X11_Y42_N3         ; emu|spath|stub|u_h264_recon4x4|Add10~57|cin                                                           ;
;   44.335 ;   0.000 ; FF ; CELL ; 1      ; LABCELL_X11_Y42_N3         ; emu|spath|stub|u_h264_recon4x4|Add10~57|cout                                                          ;
;   44.335 ;   0.000 ; FF ; IC   ; 2      ; LABCELL_X11_Y42_N6         ; emu|spath|stub|u_h264_recon4x4|Add10~33|cin                                                           ;
;   44.687 ;   0.352 ; FR ; CELL ; 1      ; LABCELL_X11_Y42_N6         ; emu|spath|stub|u_h264_recon4x4|Add10~33|sumout                                                        ;
;   45.369 ;   0.682 ; RR ; IC   ; 1      ; LABCELL_X11_Y43_N12        ; emu|spath|stub|u_h264_recon4x4|recon[10][7]~99|datad                                                  ;
;   45.863 ;   0.494 ; RF ; CELL ; 1      ; LABCELL_X11_Y43_N12        ; emu|spath|stub|u_h264_recon4x4|recon[10][7]~99|combout                                                ;
;   46.466 ;   0.603 ; FF ; IC   ; 1      ; LABCELL_X11_Y42_N54        ; emu|spath|stub|u_h264_recon4x4|recon[10][7]~100|datac                                                 ;
;   46.949 ;   0.483 ; FF ; CELL ; 1      ; LABCELL_X11_Y42_N54        ; emu|spath|stub|u_h264_recon4x4|recon[10][7]~100|combout                                               ;
;   47.172 ;   0.223 ; FF ; IC   ; 1      ; LABCELL_X11_Y42_N48        ; emu|spath|stub|u_h264_recon4x4|recon[10][7]~32|datac                                                  ;
;   47.686 ;   0.514 ; FF ; CELL ; 5      ; LABCELL_X11_Y42_N48        ; emu|spath|stub|u_h264_recon4x4|recon[10][7]~32|combout                                                ;
;   47.905 ;   0.219 ; FF ; IC   ; 1      ; LABCELL_X11_Y42_N57        ; emu|spath|stub|u_h264_recon4x4|recon[10][7]~33|dataf                                                  ;
;   47.984 ;   0.079 ; FF ; CELL ; 7      ; LABCELL_X11_Y42_N57        ; emu|spath|stub|u_h264_recon4x4|recon[10][7]~33|combout                                                ;
;   48.889 ;   0.905 ; FF ; IC   ; 1      ; LABCELL_X12_Y38_N39        ; emu|spath|stub|recon_sig_comb[1]~57|datae                                                             ;
;   49.189 ;   0.300 ; FF ; CELL ; 1      ; LABCELL_X12_Y38_N39        ; emu|spath|stub|recon_sig_comb[1]~57|combout                                                           ;
;   49.927 ;   0.738 ; FF ; IC   ; 1      ; LABCELL_X11_Y39_N24        ; emu|spath|stub|recon_sig_comb[1]~9|datab                                                              ;
;   50.486 ;   0.559 ; FF ; CELL ; 1      ; LABCELL_X11_Y39_N24        ; emu|spath|stub|recon_sig_comb[1]~9|combout                                                            ;
;   50.842 ;   0.356 ; FF ; IC   ; 1      ; LABCELL_X10_Y39_N24        ; emu|spath|stub|recon_sig~9|datad                                                                      ;
;   51.346 ;   0.504 ; FF ; CELL ; 1      ; LABCELL_X10_Y39_N24        ; emu|spath|stub|recon_sig~9|combout                                                                    ;
;   51.346 ;   0.000 ; FF ; IC   ; 1      ; FF_X10_Y39_N25             ; emu|spath|stub|recon_sig[1]|d                                                                         ;
;   51.606 ;   0.260 ; FF ; CELL ; 1      ; FF_X10_Y39_N25             ; emu:emu|stream_path:spath|decode_stub:stub|recon_sig[1]                                               ;
+----------+---------+----+------+--------+----------------------------+-------------------------------------------------------------------------------------------------------+

+----------------------------------------------------------------------------------------------------------------------------------------------------+
; Data Required Path                                                                                                                                 ;
+----------+----------+----+------+--------+----------------------------+----------------------------------------------------------------------------+
; Total    ; Incr     ; RF ; Type ; Fanout ; Location                   ; Element                                                                    ;
+----------+----------+----+------+--------+----------------------------+----------------------------------------------------------------------------+
; 50.000   ; 50.000   ;    ;      ;        ;                            ; latch edge time                                                            ;
; 58.065   ; 8.065    ;    ;      ;        ;                            ; clock path                                                                 ;
;   50.000 ;   0.000  ;    ;      ;        ;                            ; source latency                                                             ;
;   50.000 ;   0.000  ;    ;      ; 1      ; PIN_Y13                    ; FPGA_CLK2_50                                                               ;
;   50.000 ;   0.000  ; RR ; IC   ; 1      ; IOIBUF_X56_Y0_N1           ; FPGA_CLK2_50~input|i                                                       ;
;   50.761 ;   0.761  ; RR ; CELL ; 2      ; IOIBUF_X56_Y0_N1           ; FPGA_CLK2_50~input|o                                                       ;
;   51.932 ;   1.171  ; RR ; IC   ; 1      ; PLLREFCLKSELECT_X89_Y7_N0  ; emu|pll|pll_inst|altera_pll_i|general[0].gpll~PLL_REFCLK_SELECT|clkin[0]   ;
;   52.240 ;   0.308  ; RR ; CELL ; 1      ; PLLREFCLKSELECT_X89_Y7_N0  ; emu|pll|pll_inst|altera_pll_i|general[0].gpll~PLL_REFCLK_SELECT|clkout     ;
;   52.240 ;   0.000  ; RR ; IC   ; 10     ; FRACTIONALPLL_X89_Y1_N0    ; emu|pll|pll_inst|altera_pll_i|general[0].gpll~FRACTIONAL_PLL|refclkin      ;
;   52.020 ;   -0.220 ; RR ; COMP ; 2      ; FRACTIONALPLL_X89_Y1_N0    ; emu|pll|pll_inst|altera_pll_i|general[0].gpll~FRACTIONAL_PLL|vcoph[0]      ;
;   52.020 ;   0.000  ; RR ; IC   ; 1      ; PLLOUTPUTCOUNTER_X89_Y5_N1 ; emu|pll|pll_inst|altera_pll_i|general[0].gpll~PLL_OUTPUT_COUNTER|vco0ph[0] ;
;   53.486 ;   1.466  ; RR ; CELL ; 3      ; PLLOUTPUTCOUNTER_X89_Y5_N1 ; emu|pll|pll_inst|altera_pll_i|general[0].gpll~PLL_OUTPUT_COUNTER|divclk    ;
;   54.393 ;   0.907  ; RR ; IC   ; 1      ; CLKCTRL_G4                 ; emu|pll|pll_inst|altera_pll_i|outclk_wire[0]~CLKENA0|inclk                 ;
;   54.672 ;   0.279  ; RR ; CELL ; 9021   ; CLKCTRL_G4                 ; emu|pll|pll_inst|altera_pll_i|outclk_wire[0]~CLKENA0|outclk                ;
;   56.617 ;   1.945  ; RR ; IC   ; 1      ; FF_X10_Y39_N25             ; emu|spath|stub|recon_sig[1]|clk                                            ;
;   57.105 ;   0.488  ; RR ; CELL ; 1      ; FF_X10_Y39_N25             ; emu:emu|stream_path:spath|decode_stub:stub|recon_sig[1]                    ;
;   58.065 ;   0.960  ;    ;      ;        ;                            ; clock pessimism removed                                                    ;
; 57.935   ; -0.130   ;    ;      ;        ;                            ; clock uncertainty                                                          ;
; 57.935   ; 0.000    ;    ; uTsu ; 1      ; FF_X10_Y39_N25             ; emu:emu|stream_path:spath|decode_stub:stub|recon_sig[1]                    ;
+----------+----------+----+------+--------+----------------------------+----------------------------------------------------------------------------+

----------------------------
; Extra Fitter Information ;
----------------------------
HTML report is unavailable in plain text report export.


Path #5: Setup slack is 6.361 
===============================================================================
+----------------------------------------------------------------------------------------------+
; Path Summary                                                                                 ;
+--------------------+-------------------------------------------------------------------------+
; Property           ; Value                                                                   ;
+--------------------+-------------------------------------------------------------------------+
; From Node          ; emu:emu|stream_path:spath|decode_stub:stub|lat_qp[4]                    ;
; To Node            ; emu:emu|stream_path:spath|decode_stub:stub|recon_sig[1]                 ;
; Launch Clock       ; emu|pll|pll_inst|altera_pll_i|general[0].gpll~PLL_OUTPUT_COUNTER|divclk ;
; Latch Clock        ; emu|pll|pll_inst|altera_pll_i|general[0].gpll~PLL_OUTPUT_COUNTER|divclk ;
; Data Arrival Time  ; 51.574                                                                  ;
; Data Required Time ; 57.935                                                                  ;
; Slack              ; 6.361                                                                   ;
+--------------------+-------------------------------------------------------------------------+

+--------------------------------------------------------------------------------------+
; Statistics                                                                           ;
+------------------------+--------+-------+-------------+------------+--------+--------+
; Property               ; Value  ; Count ; Total Delay ; % of Total ; Min    ; Max    ;
+------------------------+--------+-------+-------------+------------+--------+--------+
; Setup Relationship     ; 50.000 ;       ;             ;            ;        ;        ;
; Clock Skew             ; -0.434 ;       ;             ;            ;        ;        ;
; Data Delay             ; 43.075 ;       ;             ;            ;        ;        ;
; Number of Logic Levels ;        ; 23    ;             ;            ;        ;        ;
; Physical Delays        ;        ;       ;             ;            ;        ;        ;
;  Arrival Path          ;        ;       ;             ;            ;        ;        ;
;   Clock                ;        ;       ;             ;            ;        ;        ;
;    IC                  ;        ; 6     ; 4.679       ; 55         ; 0.000  ; 2.306  ;
;    Cell                ;        ; 6     ; 3.820       ; 45         ; 0.116  ; 1.745  ;
;   Data                 ;        ;       ;             ;            ;        ;        ;
;    IC                  ;        ; 34    ; 19.977      ; 46         ; 0.000  ; 2.348  ;
;    Cell                ;        ; 35    ; 23.098      ; 54         ; 0.000  ; 3.938  ;
;    uTco                ;        ; 1     ; 0.000       ; 0          ; 0.000  ; 0.000  ;
;  Required Path         ;        ;       ;             ;            ;        ;        ;
;   Clock                ;        ;       ;             ;            ;        ;        ;
;    IC                  ;        ; 6     ; 4.023       ; 55         ; 0.000  ; 1.945  ;
;    Cell                ;        ; 5     ; 3.302       ; 45         ; 0.279  ; 1.466  ;
;    PLL Compensation    ;        ; 1     ; -0.220      ; 0          ; -0.220 ; -0.220 ;
+------------------------+--------+-------+-------------+------------+--------+--------+
Note: Negative delays are omitted from totals when calculating percentages

+------------------------------------------------------------------------------------------------------------------------------------------------------------------------------+
; Data Arrival Path                                                                                                                                                            ;
+----------+---------+----+------+--------+----------------------------+-------------------------------------------------------------------------------------------------------+
; Total    ; Incr    ; RF ; Type ; Fanout ; Location                   ; Element                                                                                               ;
+----------+---------+----+------+--------+----------------------------+-------------------------------------------------------------------------------------------------------+
; 0.000    ; 0.000   ;    ;      ;        ;                            ; launch edge time                                                                                      ;
; 8.499    ; 8.499   ;    ;      ;        ;                            ; clock path                                                                                            ;
;   0.000  ;   0.000 ;    ;      ;        ;                            ; source latency                                                                                        ;
;   0.000  ;   0.000 ;    ;      ; 1      ; PIN_Y13                    ; FPGA_CLK2_50                                                                                          ;
;   0.000  ;   0.000 ; RR ; IC   ; 1      ; IOIBUF_X56_Y0_N1           ; FPGA_CLK2_50~input|i                                                                                  ;
;   0.761  ;   0.761 ; RR ; CELL ; 2      ; IOIBUF_X56_Y0_N1           ; FPGA_CLK2_50~input|o                                                                                  ;
;   2.096  ;   1.335 ; RR ; IC   ; 1      ; PLLREFCLKSELECT_X89_Y7_N0  ; emu|pll|pll_inst|altera_pll_i|general[0].gpll~PLL_REFCLK_SELECT|clkin[0]                              ;
;   2.429  ;   0.333 ; RR ; CELL ; 1      ; PLLREFCLKSELECT_X89_Y7_N0  ; emu|pll|pll_inst|altera_pll_i|general[0].gpll~PLL_REFCLK_SELECT|clkout                                ;
;   2.429  ;   0.000 ; RR ; IC   ; 10     ; FRACTIONALPLL_X89_Y1_N0    ; emu|pll|pll_inst|altera_pll_i|general[0].gpll~FRACTIONAL_PLL|refclkin                                 ;
;   2.545  ;   0.116 ; RR ; CELL ; 2      ; FRACTIONALPLL_X89_Y1_N0    ; emu|pll|pll_inst|altera_pll_i|general[0].gpll~FRACTIONAL_PLL|vcoph[0]                                 ;
;   2.545  ;   0.000 ; RR ; IC   ; 1      ; PLLOUTPUTCOUNTER_X89_Y5_N1 ; emu|pll|pll_inst|altera_pll_i|general[0].gpll~PLL_OUTPUT_COUNTER|vco0ph[0]                            ;
;   4.290  ;   1.745 ; RR ; CELL ; 3      ; PLLOUTPUTCOUNTER_X89_Y5_N1 ; emu|pll|pll_inst|altera_pll_i|general[0].gpll~PLL_OUTPUT_COUNTER|divclk                               ;
;   5.328  ;   1.038 ; RR ; IC   ; 1      ; CLKCTRL_G4                 ; emu|pll|pll_inst|altera_pll_i|outclk_wire[0]~CLKENA0|inclk                                            ;
;   5.632  ;   0.304 ; RR ; CELL ; 9021   ; CLKCTRL_G4                 ; emu|pll|pll_inst|altera_pll_i|outclk_wire[0]~CLKENA0|outclk                                           ;
;   7.938  ;   2.306 ; RR ; IC   ; 1      ; FF_X15_Y10_N50             ; emu|spath|stub|lat_qp[4]|clk                                                                          ;
;   8.499  ;   0.561 ; RR ; CELL ; 1      ; FF_X15_Y10_N50             ; emu:emu|stream_path:spath|decode_stub:stub|lat_qp[4]                                                  ;
; 51.574   ; 43.075  ;    ;      ;        ;                            ; data path                                                                                             ;
;   8.499  ;   0.000 ;    ; uTco ; 1      ; FF_X15_Y10_N50             ; emu:emu|stream_path:spath|decode_stub:stub|lat_qp[4]                                                  ;
;   8.499  ;   0.000 ; RR ; CELL ; 4      ; FF_X15_Y10_N50             ; emu|spath|stub|lat_qp[4]|q                                                                            ;
;   8.807  ;   0.308 ; RR ; IC   ; 2      ; MLABCELL_X15_Y10_N3        ; emu|spath|stub|u_h264_dequant4x4|Mod0|auto_generated|divider|divider|add_sub_2_result_int[1]~9|dataa  ;
;   10.057 ;   1.250 ; RR ; CELL ; 1      ; MLABCELL_X15_Y10_N3        ; emu|spath|stub|u_h264_dequant4x4|Mod0|auto_generated|divider|divider|add_sub_2_result_int[1]~9|sumout ;
;   10.416 ;   0.359 ; RR ; IC   ; 1      ; LABCELL_X16_Y10_N51        ; emu|spath|stub|u_h264_dequant4x4|Mod0|auto_generated|divider|divider|StageOut[9]~9|datac              ;
;   10.830 ;   0.414 ; RR ; CELL ; 2      ; LABCELL_X16_Y10_N51        ; emu|spath|stub|u_h264_dequant4x4|Mod0|auto_generated|divider|divider|StageOut[9]~9|combout            ;
;   11.197 ;   0.367 ; RR ; IC   ; 2      ; LABCELL_X16_Y10_N9         ; emu|spath|stub|u_h264_dequant4x4|Mod0|auto_generated|divider|divider|op_4~21|datac                    ;
;   12.046 ;   0.849 ; RR ; CELL ; 1      ; LABCELL_X16_Y10_N9         ; emu|spath|stub|u_h264_dequant4x4|Mod0|auto_generated|divider|divider|op_4~21|cout                     ;
;   12.046 ;   0.000 ; RR ; IC   ; 1      ; LABCELL_X16_Y10_N12        ; emu|spath|stub|u_h264_dequant4x4|Mod0|auto_generated|divider|divider|op_4~10|cin                      ;
;   12.096 ;   0.050 ; RR ; CELL ; 1      ; LABCELL_X16_Y10_N12        ; emu|spath|stub|u_h264_dequant4x4|Mod0|auto_generated|divider|divider|op_4~10|cout                     ;
;   12.096 ;   0.000 ; RR ; IC   ; 1      ; LABCELL_X16_Y10_N15        ; emu|spath|stub|u_h264_dequant4x4|Mod0|auto_generated|divider|divider|op_4~1|cin                       ;
;   12.250 ;   0.154 ; RR ; CELL ; 6      ; LABCELL_X16_Y10_N15        ; emu|spath|stub|u_h264_dequant4x4|Mod0|auto_generated|divider|divider|op_4~1|sumout                    ;
;   12.532 ;   0.282 ; RR ; IC   ; 1      ; LABCELL_X16_Y10_N42        ; emu|spath|stub|u_h264_dequant4x4|Mod0|auto_generated|divider|divider|op_5~14|datab                    ;
;   13.594 ;   1.062 ; RR ; CELL ; 1      ; LABCELL_X16_Y10_N42        ; emu|spath|stub|u_h264_dequant4x4|Mod0|auto_generated|divider|divider|op_5~14|cout                     ;
;   13.594 ;   0.000 ; RR ; IC   ; 1      ; LABCELL_X16_Y10_N45        ; emu|spath|stub|u_h264_dequant4x4|Mod0|auto_generated|divider|divider|op_5~1|cin                       ;
;   13.748 ;   0.154 ; RR ; CELL ; 7      ; LABCELL_X16_Y10_N45        ; emu|spath|stub|u_h264_dequant4x4|Mod0|auto_generated|divider|divider|op_5~1|sumout                    ;
;   14.084 ;   0.336 ; RR ; IC   ; 2      ; LABCELL_X17_Y10_N9         ; emu|spath|stub|u_h264_dequant4x4|Mod0|auto_generated|divider|divider|op_6~9|dataa                     ;
;   15.387 ;   1.303 ; RF ; CELL ; 5      ; LABCELL_X17_Y10_N9         ; emu|spath|stub|u_h264_dequant4x4|Mod0|auto_generated|divider|divider|op_6~9|sumout                    ;
;   15.780 ;   0.393 ; FF ; IC   ; 1      ; LABCELL_X17_Y10_N24        ; emu|spath|stub|u_h264_dequant4x4|Mod0|auto_generated|divider|divider|StageOut[22]~3|datae             ;
;   16.004 ;   0.224 ; FF ; CELL ; 42     ; LABCELL_X17_Y10_N24        ; emu|spath|stub|u_h264_dequant4x4|Mod0|auto_generated|divider|divider|StageOut[22]~3|combout           ;
;   16.872 ;   0.868 ; FF ; IC   ; 1      ; LABCELL_X18_Y12_N15        ; emu|spath|stub|u_h264_dequant4x4|ShiftLeft1~6|datab                                                   ;
;   17.446 ;   0.574 ; FR ; CELL ; 4      ; LABCELL_X18_Y12_N15        ; emu|spath|stub|u_h264_dequant4x4|ShiftLeft1~6|combout                                                 ;
;   17.677 ;   0.231 ; RR ; IC   ; 1      ; LABCELL_X18_Y12_N18        ; emu|spath|stub|u_h264_dequant4x4|ShiftLeft1~25|datab                                                  ;
;   18.230 ;   0.553 ; RF ; CELL ; 8      ; LABCELL_X18_Y12_N18        ; emu|spath|stub|u_h264_dequant4x4|ShiftLeft1~25|combout                                                ;
;   19.891 ;   1.661 ; FF ; IC   ; 29     ; DSP_X32_Y12_N0             ; emu|spath|stub|u_h264_dequant4x4|Mult6~318|ay[16]                                                     ;
;   23.829 ;   3.938 ; FF ; CELL ; 1      ; DSP_X32_Y12_N0             ; emu|spath|stub|u_h264_dequant4x4|Mult6~318|resulta[32]                                                ;
;   26.041 ;   2.212 ; FF ; IC   ; 14     ; DSP_X32_Y24_N0             ; emu|spath|stub|u_h264_dequant4x4|Mult6~mult_hlmac|by[14]                                              ;
;   28.580 ;   2.539 ; FF ; CELL ; 1      ; DSP_X32_Y24_N0             ; emu|spath|stub|u_h264_dequant4x4|Mult6~mult_hlmac|resulta[0]                                          ;
;   30.022 ;   1.442 ; FF ; IC   ; 2      ; MLABCELL_X21_Y24_N9        ; emu|spath|stub|u_h264_dequant4x4|Add7~13|datad                                                        ;
;   30.956 ;   0.934 ; FF ; CELL ; 3      ; MLABCELL_X21_Y24_N9        ; emu|spath|stub|u_h264_dequant4x4|Add7~13|sumout                                                       ;
;   32.399 ;   1.443 ; FF ; IC   ; 2      ; MLABCELL_X21_Y27_N57       ; emu|spath|stub|u_h264_idct4x4|Add6~49|datac                                                           ;
;   33.279 ;   0.880 ; FR ; CELL ; 1      ; MLABCELL_X21_Y27_N57       ; emu|spath|stub|u_h264_idct4x4|Add6~49|cout                                                            ;
;   33.279 ;   0.000 ; RR ; IC   ; 2      ; MLABCELL_X21_Y26_N0        ; emu|spath|stub|u_h264_idct4x4|Add6~45|cin                                                             ;
;   33.794 ;   0.515 ; RF ; CELL ; 2      ; MLABCELL_X21_Y26_N0        ; emu|spath|stub|u_h264_idct4x4|Add6~45|sumout                                                          ;
;   34.595 ;   0.801 ; FF ; IC   ; 3      ; LABCELL_X17_Y26_N9         ; emu|spath|stub|u_h264_idct4x4|Add23~73|datac                                                          ;
;   35.342 ;   0.747 ; FR ; CELL ; 1      ; LABCELL_X17_Y26_N9         ; emu|spath|stub|u_h264_idct4x4|Add23~73|cout                                                           ;
;   35.342 ;   0.000 ; RR ; IC   ; 2      ; LABCELL_X17_Y26_N12        ; emu|spath|stub|u_h264_idct4x4|Add23~81|cin                                                            ;
;   35.697 ;   0.355 ; RF ; CELL ; 2      ; LABCELL_X17_Y26_N12        ; emu|spath|stub|u_h264_idct4x4|Add23~81|sumout                                                         ;
;   37.555 ;   1.858 ; FF ; IC   ; 2      ; LABCELL_X16_Y31_N54        ; emu|spath|stub|u_h264_idct4x4|Add43~85|datad                                                          ;
;   38.167 ;   0.612 ; FF ; CELL ; 1      ; LABCELL_X16_Y31_N54        ; emu|spath|stub|u_h264_idct4x4|Add43~85|cout                                                           ;
;   38.167 ;   0.000 ; FF ; IC   ; 2      ; LABCELL_X16_Y31_N57        ; emu|spath|stub|u_h264_idct4x4|Add43~77|cin                                                            ;
;   38.167 ;   0.000 ; FF ; CELL ; 1      ; LABCELL_X16_Y31_N57        ; emu|spath|stub|u_h264_idct4x4|Add43~77|cout                                                           ;
;   38.167 ;   0.000 ; FF ; IC   ; 2      ; LABCELL_X16_Y30_N0         ; emu|spath|stub|u_h264_idct4x4|Add43~49|cin                                                            ;
;   38.693 ;   0.526 ; FF ; CELL ; 2      ; LABCELL_X16_Y30_N0         ; emu|spath|stub|u_h264_idct4x4|Add43~49|sumout                                                         ;
;   41.041 ;   2.348 ; FF ; IC   ; 3      ; LABCELL_X17_Y43_N45        ; emu|spath|stub|u_h264_idct4x4|Add59~53|datac                                                          ;
;   41.788 ;   0.747 ; FR ; CELL ; 1      ; LABCELL_X17_Y43_N45        ; emu|spath|stub|u_h264_idct4x4|Add59~53|cout                                                           ;
;   41.788 ;   0.000 ; RR ; IC   ; 2      ; LABCELL_X17_Y43_N48        ; emu|spath|stub|u_h264_idct4x4|Add59~49|cin                                                            ;
;   42.124 ;   0.336 ; RF ; CELL ; 2      ; LABCELL_X17_Y43_N48        ; emu|spath|stub|u_h264_idct4x4|Add59~49|sumout                                                         ;
;   43.466 ;   1.342 ; FF ; IC   ; 2      ; LABCELL_X11_Y42_N0         ; emu|spath|stub|u_h264_recon4x4|Add10~53|datac                                                         ;
;   44.303 ;   0.837 ; FF ; CELL ; 1      ; LABCELL_X11_Y42_N0         ; emu|spath|stub|u_h264_recon4x4|Add10~53|cout                                                          ;
;   44.303 ;   0.000 ; FF ; IC   ; 2      ; LABCELL_X11_Y42_N3         ; emu|spath|stub|u_h264_recon4x4|Add10~57|cin                                                           ;
;   44.303 ;   0.000 ; FF ; CELL ; 1      ; LABCELL_X11_Y42_N3         ; emu|spath|stub|u_h264_recon4x4|Add10~57|cout                                                          ;
;   44.303 ;   0.000 ; FF ; IC   ; 2      ; LABCELL_X11_Y42_N6         ; emu|spath|stub|u_h264_recon4x4|Add10~33|cin                                                           ;
;   44.655 ;   0.352 ; FR ; CELL ; 1      ; LABCELL_X11_Y42_N6         ; emu|spath|stub|u_h264_recon4x4|Add10~33|sumout                                                        ;
;   45.337 ;   0.682 ; RR ; IC   ; 1      ; LABCELL_X11_Y43_N12        ; emu|spath|stub|u_h264_recon4x4|recon[10][7]~99|datad                                                  ;
;   45.831 ;   0.494 ; RF ; CELL ; 1      ; LABCELL_X11_Y43_N12        ; emu|spath|stub|u_h264_recon4x4|recon[10][7]~99|combout                                                ;
;   46.434 ;   0.603 ; FF ; IC   ; 1      ; LABCELL_X11_Y42_N54        ; emu|spath|stub|u_h264_recon4x4|recon[10][7]~100|datac                                                 ;
;   46.917 ;   0.483 ; FF ; CELL ; 1      ; LABCELL_X11_Y42_N54        ; emu|spath|stub|u_h264_recon4x4|recon[10][7]~100|combout                                               ;
;   47.140 ;   0.223 ; FF ; IC   ; 1      ; LABCELL_X11_Y42_N48        ; emu|spath|stub|u_h264_recon4x4|recon[10][7]~32|datac                                                  ;
;   47.654 ;   0.514 ; FF ; CELL ; 5      ; LABCELL_X11_Y42_N48        ; emu|spath|stub|u_h264_recon4x4|recon[10][7]~32|combout                                                ;
;   47.873 ;   0.219 ; FF ; IC   ; 1      ; LABCELL_X11_Y42_N57        ; emu|spath|stub|u_h264_recon4x4|recon[10][7]~33|dataf                                                  ;
;   47.952 ;   0.079 ; FF ; CELL ; 7      ; LABCELL_X11_Y42_N57        ; emu|spath|stub|u_h264_recon4x4|recon[10][7]~33|combout                                                ;
;   48.857 ;   0.905 ; FF ; IC   ; 1      ; LABCELL_X12_Y38_N39        ; emu|spath|stub|recon_sig_comb[1]~57|datae                                                             ;
;   49.157 ;   0.300 ; FF ; CELL ; 1      ; LABCELL_X12_Y38_N39        ; emu|spath|stub|recon_sig_comb[1]~57|combout                                                           ;
;   49.895 ;   0.738 ; FF ; IC   ; 1      ; LABCELL_X11_Y39_N24        ; emu|spath|stub|recon_sig_comb[1]~9|datab                                                              ;
;   50.454 ;   0.559 ; FF ; CELL ; 1      ; LABCELL_X11_Y39_N24        ; emu|spath|stub|recon_sig_comb[1]~9|combout                                                            ;
;   50.810 ;   0.356 ; FF ; IC   ; 1      ; LABCELL_X10_Y39_N24        ; emu|spath|stub|recon_sig~9|datad                                                                      ;
;   51.314 ;   0.504 ; FF ; CELL ; 1      ; LABCELL_X10_Y39_N24        ; emu|spath|stub|recon_sig~9|combout                                                                    ;
;   51.314 ;   0.000 ; FF ; IC   ; 1      ; FF_X10_Y39_N25             ; emu|spath|stub|recon_sig[1]|d                                                                         ;
;   51.574 ;   0.260 ; FF ; CELL ; 1      ; FF_X10_Y39_N25             ; emu:emu|stream_path:spath|decode_stub:stub|recon_sig[1]                                               ;
+----------+---------+----+------+--------+----------------------------+-------------------------------------------------------------------------------------------------------+

+----------------------------------------------------------------------------------------------------------------------------------------------------+
; Data Required Path                                                                                                                                 ;
+----------+----------+----+------+--------+----------------------------+----------------------------------------------------------------------------+
; Total    ; Incr     ; RF ; Type ; Fanout ; Location                   ; Element                                                                    ;
+----------+----------+----+------+--------+----------------------------+----------------------------------------------------------------------------+
; 50.000   ; 50.000   ;    ;      ;        ;                            ; latch edge time                                                            ;
; 58.065   ; 8.065    ;    ;      ;        ;                            ; clock path                                                                 ;
;   50.000 ;   0.000  ;    ;      ;        ;                            ; source latency                                                             ;
;   50.000 ;   0.000  ;    ;      ; 1      ; PIN_Y13                    ; FPGA_CLK2_50                                                               ;
;   50.000 ;   0.000  ; RR ; IC   ; 1      ; IOIBUF_X56_Y0_N1           ; FPGA_CLK2_50~input|i                                                       ;
;   50.761 ;   0.761  ; RR ; CELL ; 2      ; IOIBUF_X56_Y0_N1           ; FPGA_CLK2_50~input|o                                                       ;
;   51.932 ;   1.171  ; RR ; IC   ; 1      ; PLLREFCLKSELECT_X89_Y7_N0  ; emu|pll|pll_inst|altera_pll_i|general[0].gpll~PLL_REFCLK_SELECT|clkin[0]   ;
;   52.240 ;   0.308  ; RR ; CELL ; 1      ; PLLREFCLKSELECT_X89_Y7_N0  ; emu|pll|pll_inst|altera_pll_i|general[0].gpll~PLL_REFCLK_SELECT|clkout     ;
;   52.240 ;   0.000  ; RR ; IC   ; 10     ; FRACTIONALPLL_X89_Y1_N0    ; emu|pll|pll_inst|altera_pll_i|general[0].gpll~FRACTIONAL_PLL|refclkin      ;
;   52.020 ;   -0.220 ; RR ; COMP ; 2      ; FRACTIONALPLL_X89_Y1_N0    ; emu|pll|pll_inst|altera_pll_i|general[0].gpll~FRACTIONAL_PLL|vcoph[0]      ;
;   52.020 ;   0.000  ; RR ; IC   ; 1      ; PLLOUTPUTCOUNTER_X89_Y5_N1 ; emu|pll|pll_inst|altera_pll_i|general[0].gpll~PLL_OUTPUT_COUNTER|vco0ph[0] ;
;   53.486 ;   1.466  ; RR ; CELL ; 3      ; PLLOUTPUTCOUNTER_X89_Y5_N1 ; emu|pll|pll_inst|altera_pll_i|general[0].gpll~PLL_OUTPUT_COUNTER|divclk    ;
;   54.393 ;   0.907  ; RR ; IC   ; 1      ; CLKCTRL_G4                 ; emu|pll|pll_inst|altera_pll_i|outclk_wire[0]~CLKENA0|inclk                 ;
;   54.672 ;   0.279  ; RR ; CELL ; 9021   ; CLKCTRL_G4                 ; emu|pll|pll_inst|altera_pll_i|outclk_wire[0]~CLKENA0|outclk                ;
;   56.617 ;   1.945  ; RR ; IC   ; 1      ; FF_X10_Y39_N25             ; emu|spath|stub|recon_sig[1]|clk                                            ;
;   57.105 ;   0.488  ; RR ; CELL ; 1      ; FF_X10_Y39_N25             ; emu:emu|stream_path:spath|decode_stub:stub|recon_sig[1]                    ;
;   58.065 ;   0.960  ;    ;      ;        ;                            ; clock pessimism removed                                                    ;
; 57.935   ; -0.130   ;    ;      ;        ;                            ; clock uncertainty                                                          ;
; 57.935   ; 0.000    ;    ; uTsu ; 1      ; FF_X10_Y39_N25             ; emu:emu|stream_path:spath|decode_stub:stub|recon_sig[1]                    ;
+----------+----------+----+------+--------+----------------------------+----------------------------------------------------------------------------+

----------------------------
; Extra Fitter Information ;
----------------------------
HTML report is unavailable in plain text report export.


Path #6: Setup slack is 6.368 
===============================================================================
+----------------------------------------------------------------------------------------------+
; Path Summary                                                                                 ;
+--------------------+-------------------------------------------------------------------------+
; Property           ; Value                                                                   ;
+--------------------+-------------------------------------------------------------------------+
; From Node          ; emu:emu|stream_path:spath|decode_stub:stub|lat_qp[4]                    ;
; To Node            ; emu:emu|stream_path:spath|decode_stub:stub|recon_sig[1]                 ;
; Launch Clock       ; emu|pll|pll_inst|altera_pll_i|general[0].gpll~PLL_OUTPUT_COUNTER|divclk ;
; Latch Clock        ; emu|pll|pll_inst|altera_pll_i|general[0].gpll~PLL_OUTPUT_COUNTER|divclk ;
; Data Arrival Time  ; 51.567                                                                  ;
; Data Required Time ; 57.935                                                                  ;
; Slack              ; 6.368                                                                   ;
+--------------------+-------------------------------------------------------------------------+

+--------------------------------------------------------------------------------------+
; Statistics                                                                           ;
+------------------------+--------+-------+-------------+------------+--------+--------+
; Property               ; Value  ; Count ; Total Delay ; % of Total ; Min    ; Max    ;
+------------------------+--------+-------+-------------+------------+--------+--------+
; Setup Relationship     ; 50.000 ;       ;             ;            ;        ;        ;
; Clock Skew             ; -0.434 ;       ;             ;            ;        ;        ;
; Data Delay             ; 43.068 ;       ;             ;            ;        ;        ;
; Number of Logic Levels ;        ; 23    ;             ;            ;        ;        ;
; Physical Delays        ;        ;       ;             ;            ;        ;        ;
;  Arrival Path          ;        ;       ;             ;            ;        ;        ;
;   Clock                ;        ;       ;             ;            ;        ;        ;
;    IC                  ;        ; 6     ; 4.679       ; 55         ; 0.000  ; 2.306  ;
;    Cell                ;        ; 6     ; 3.820       ; 45         ; 0.116  ; 1.745  ;
;   Data                 ;        ;       ;             ;            ;        ;        ;
;    IC                  ;        ; 36    ; 19.881      ; 46         ; 0.000  ; 2.348  ;
;    Cell                ;        ; 37    ; 23.187      ; 54         ; 0.000  ; 3.938  ;
;    uTco                ;        ; 1     ; 0.000       ; 0          ; 0.000  ; 0.000  ;
;  Required Path         ;        ;       ;             ;            ;        ;        ;
;   Clock                ;        ;       ;             ;            ;        ;        ;
;    IC                  ;        ; 6     ; 4.023       ; 55         ; 0.000  ; 1.945  ;
;    Cell                ;        ; 5     ; 3.302       ; 45         ; 0.279  ; 1.466  ;
;    PLL Compensation    ;        ; 1     ; -0.220      ; 0          ; -0.220 ; -0.220 ;
+------------------------+--------+-------+-------------+------------+--------+--------+
Note: Negative delays are omitted from totals when calculating percentages

+------------------------------------------------------------------------------------------------------------------------------------------------------------------------------+
; Data Arrival Path                                                                                                                                                            ;
+----------+---------+----+------+--------+----------------------------+-------------------------------------------------------------------------------------------------------+
; Total    ; Incr    ; RF ; Type ; Fanout ; Location                   ; Element                                                                                               ;
+----------+---------+----+------+--------+----------------------------+-------------------------------------------------------------------------------------------------------+
; 0.000    ; 0.000   ;    ;      ;        ;                            ; launch edge time                                                                                      ;
; 8.499    ; 8.499   ;    ;      ;        ;                            ; clock path                                                                                            ;
;   0.000  ;   0.000 ;    ;      ;        ;                            ; source latency                                                                                        ;
;   0.000  ;   0.000 ;    ;      ; 1      ; PIN_Y13                    ; FPGA_CLK2_50                                                                                          ;
;   0.000  ;   0.000 ; RR ; IC   ; 1      ; IOIBUF_X56_Y0_N1           ; FPGA_CLK2_50~input|i                                                                                  ;
;   0.761  ;   0.761 ; RR ; CELL ; 2      ; IOIBUF_X56_Y0_N1           ; FPGA_CLK2_50~input|o                                                                                  ;
;   2.096  ;   1.335 ; RR ; IC   ; 1      ; PLLREFCLKSELECT_X89_Y7_N0  ; emu|pll|pll_inst|altera_pll_i|general[0].gpll~PLL_REFCLK_SELECT|clkin[0]                              ;
;   2.429  ;   0.333 ; RR ; CELL ; 1      ; PLLREFCLKSELECT_X89_Y7_N0  ; emu|pll|pll_inst|altera_pll_i|general[0].gpll~PLL_REFCLK_SELECT|clkout                                ;
;   2.429  ;   0.000 ; RR ; IC   ; 10     ; FRACTIONALPLL_X89_Y1_N0    ; emu|pll|pll_inst|altera_pll_i|general[0].gpll~FRACTIONAL_PLL|refclkin                                 ;
;   2.545  ;   0.116 ; RR ; CELL ; 2      ; FRACTIONALPLL_X89_Y1_N0    ; emu|pll|pll_inst|altera_pll_i|general[0].gpll~FRACTIONAL_PLL|vcoph[0]                                 ;
;   2.545  ;   0.000 ; RR ; IC   ; 1      ; PLLOUTPUTCOUNTER_X89_Y5_N1 ; emu|pll|pll_inst|altera_pll_i|general[0].gpll~PLL_OUTPUT_COUNTER|vco0ph[0]                            ;
;   4.290  ;   1.745 ; RR ; CELL ; 3      ; PLLOUTPUTCOUNTER_X89_Y5_N1 ; emu|pll|pll_inst|altera_pll_i|general[0].gpll~PLL_OUTPUT_COUNTER|divclk                               ;
;   5.328  ;   1.038 ; RR ; IC   ; 1      ; CLKCTRL_G4                 ; emu|pll|pll_inst|altera_pll_i|outclk_wire[0]~CLKENA0|inclk                                            ;
;   5.632  ;   0.304 ; RR ; CELL ; 9021   ; CLKCTRL_G4                 ; emu|pll|pll_inst|altera_pll_i|outclk_wire[0]~CLKENA0|outclk                                           ;
;   7.938  ;   2.306 ; RR ; IC   ; 1      ; FF_X15_Y10_N50             ; emu|spath|stub|lat_qp[4]|clk                                                                          ;
;   8.499  ;   0.561 ; RR ; CELL ; 1      ; FF_X15_Y10_N50             ; emu:emu|stream_path:spath|decode_stub:stub|lat_qp[4]                                                  ;
; 51.567   ; 43.068  ;    ;      ;        ;                            ; data path                                                                                             ;
;   8.499  ;   0.000 ;    ; uTco ; 1      ; FF_X15_Y10_N50             ; emu:emu|stream_path:spath|decode_stub:stub|lat_qp[4]                                                  ;
;   8.499  ;   0.000 ; RR ; CELL ; 4      ; FF_X15_Y10_N50             ; emu|spath|stub|lat_qp[4]|q                                                                            ;
;   8.807  ;   0.308 ; RR ; IC   ; 2      ; MLABCELL_X15_Y10_N3        ; emu|spath|stub|u_h264_dequant4x4|Mod0|auto_generated|divider|divider|add_sub_2_result_int[1]~9|dataa  ;
;   10.057 ;   1.250 ; RR ; CELL ; 1      ; MLABCELL_X15_Y10_N3        ; emu|spath|stub|u_h264_dequant4x4|Mod0|auto_generated|divider|divider|add_sub_2_result_int[1]~9|sumout ;
;   10.416 ;   0.359 ; RR ; IC   ; 1      ; LABCELL_X16_Y10_N51        ; emu|spath|stub|u_h264_dequant4x4|Mod0|auto_generated|divider|divider|StageOut[9]~9|datac              ;
;   10.830 ;   0.414 ; RR ; CELL ; 2      ; LABCELL_X16_Y10_N51        ; emu|spath|stub|u_h264_dequant4x4|Mod0|auto_generated|divider|divider|StageOut[9]~9|combout            ;
;   11.197 ;   0.367 ; RR ; IC   ; 2      ; LABCELL_X16_Y10_N9         ; emu|spath|stub|u_h264_dequant4x4|Mod0|auto_generated|divider|divider|op_4~21|datac                    ;
;   12.046 ;   0.849 ; RR ; CELL ; 1      ; LABCELL_X16_Y10_N9         ; emu|spath|stub|u_h264_dequant4x4|Mod0|auto_generated|divider|divider|op_4~21|cout                     ;
;   12.046 ;   0.000 ; RR ; IC   ; 1      ; LABCELL_X16_Y10_N12        ; emu|spath|stub|u_h264_dequant4x4|Mod0|auto_generated|divider|divider|op_4~10|cin                      ;
;   12.096 ;   0.050 ; RR ; CELL ; 1      ; LABCELL_X16_Y10_N12        ; emu|spath|stub|u_h264_dequant4x4|Mod0|auto_generated|divider|divider|op_4~10|cout                     ;
;   12.096 ;   0.000 ; RR ; IC   ; 1      ; LABCELL_X16_Y10_N15        ; emu|spath|stub|u_h264_dequant4x4|Mod0|auto_generated|divider|divider|op_4~1|cin                       ;
;   12.250 ;   0.154 ; RR ; CELL ; 6      ; LABCELL_X16_Y10_N15        ; emu|spath|stub|u_h264_dequant4x4|Mod0|auto_generated|divider|divider|op_4~1|sumout                    ;
;   12.533 ;   0.283 ; RR ; IC   ; 2      ; LABCELL_X16_Y10_N36        ; emu|spath|stub|u_h264_dequant4x4|Mod0|auto_generated|divider|divider|op_5~5|datab                     ;
;   13.595 ;   1.062 ; RR ; CELL ; 1      ; LABCELL_X16_Y10_N36        ; emu|spath|stub|u_h264_dequant4x4|Mod0|auto_generated|divider|divider|op_5~5|cout                      ;
;   13.595 ;   0.000 ; RR ; IC   ; 2      ; LABCELL_X16_Y10_N39        ; emu|spath|stub|u_h264_dequant4x4|Mod0|auto_generated|divider|divider|op_5~21|cin                      ;
;   13.595 ;   0.000 ; RR ; CELL ; 1      ; LABCELL_X16_Y10_N39        ; emu|spath|stub|u_h264_dequant4x4|Mod0|auto_generated|divider|divider|op_5~21|cout                     ;
;   13.595 ;   0.000 ; RR ; IC   ; 1      ; LABCELL_X16_Y10_N42        ; emu|spath|stub|u_h264_dequant4x4|Mod0|auto_generated|divider|divider|op_5~14|cin                      ;
;   13.645 ;   0.050 ; RR ; CELL ; 1      ; LABCELL_X16_Y10_N42        ; emu|spath|stub|u_h264_dequant4x4|Mod0|auto_generated|divider|divider|op_5~14|cout                     ;
;   13.645 ;   0.000 ; RR ; IC   ; 1      ; LABCELL_X16_Y10_N45        ; emu|spath|stub|u_h264_dequant4x4|Mod0|auto_generated|divider|divider|op_5~1|cin                       ;
;   13.799 ;   0.154 ; RR ; CELL ; 7      ; LABCELL_X16_Y10_N45        ; emu|spath|stub|u_h264_dequant4x4|Mod0|auto_generated|divider|divider|op_5~1|sumout                    ;
;   14.135 ;   0.336 ; RR ; IC   ; 2      ; LABCELL_X17_Y10_N9         ; emu|spath|stub|u_h264_dequant4x4|Mod0|auto_generated|divider|divider|op_6~9|dataa                     ;
;   15.438 ;   1.303 ; RF ; CELL ; 5      ; LABCELL_X17_Y10_N9         ; emu|spath|stub|u_h264_dequant4x4|Mod0|auto_generated|divider|divider|op_6~9|sumout                    ;
;   15.831 ;   0.393 ; FF ; IC   ; 1      ; LABCELL_X17_Y10_N24        ; emu|spath|stub|u_h264_dequant4x4|Mod0|auto_generated|divider|divider|StageOut[22]~3|datae             ;
;   16.055 ;   0.224 ; FF ; CELL ; 42     ; LABCELL_X17_Y10_N24        ; emu|spath|stub|u_h264_dequant4x4|Mod0|auto_generated|divider|divider|StageOut[22]~3|combout           ;
;   16.923 ;   0.868 ; FF ; IC   ; 1      ; LABCELL_X18_Y12_N15        ; emu|spath|stub|u_h264_dequant4x4|ShiftLeft1~6|datab                                                   ;
;   17.497 ;   0.574 ; FR ; CELL ; 4      ; LABCELL_X18_Y12_N15        ; emu|spath|stub|u_h264_dequant4x4|ShiftLeft1~6|combout                                                 ;
;   17.728 ;   0.231 ; RR ; IC   ; 1      ; LABCELL_X18_Y12_N18        ; emu|spath|stub|u_h264_dequant4x4|ShiftLeft1~25|datab                                                  ;
;   18.281 ;   0.553 ; RF ; CELL ; 8      ; LABCELL_X18_Y12_N18        ; emu|spath|stub|u_h264_dequant4x4|ShiftLeft1~25|combout                                                ;
;   19.942 ;   1.661 ; FF ; IC   ; 29     ; DSP_X32_Y12_N0             ; emu|spath|stub|u_h264_dequant4x4|Mult6~318|ay[16]                                                     ;
;   23.880 ;   3.938 ; FF ; CELL ; 21     ; DSP_X32_Y12_N0             ; emu|spath|stub|u_h264_dequant4x4|Mult6~318|resulta[33]                                                ;
;   25.995 ;   2.115 ; FF ; IC   ; 14     ; DSP_X32_Y24_N0             ; emu|spath|stub|u_h264_dequant4x4|Mult6~mult_hlmac|bx[0]                                               ;
;   28.573 ;   2.578 ; FF ; CELL ; 1      ; DSP_X32_Y24_N0             ; emu|spath|stub|u_h264_dequant4x4|Mult6~mult_hlmac|resulta[0]                                          ;
;   30.015 ;   1.442 ; FF ; IC   ; 2      ; MLABCELL_X21_Y24_N9        ; emu|spath|stub|u_h264_dequant4x4|Add7~13|datad                                                        ;
;   30.949 ;   0.934 ; FF ; CELL ; 3      ; MLABCELL_X21_Y24_N9        ; emu|spath|stub|u_h264_dequant4x4|Add7~13|sumout                                                       ;
;   32.392 ;   1.443 ; FF ; IC   ; 2      ; MLABCELL_X21_Y27_N57       ; emu|spath|stub|u_h264_idct4x4|Add6~49|datac                                                           ;
;   33.272 ;   0.880 ; FR ; CELL ; 1      ; MLABCELL_X21_Y27_N57       ; emu|spath|stub|u_h264_idct4x4|Add6~49|cout                                                            ;
;   33.272 ;   0.000 ; RR ; IC   ; 2      ; MLABCELL_X21_Y26_N0        ; emu|spath|stub|u_h264_idct4x4|Add6~45|cin                                                             ;
;   33.787 ;   0.515 ; RF ; CELL ; 2      ; MLABCELL_X21_Y26_N0        ; emu|spath|stub|u_h264_idct4x4|Add6~45|sumout                                                          ;
;   34.588 ;   0.801 ; FF ; IC   ; 3      ; LABCELL_X17_Y26_N9         ; emu|spath|stub|u_h264_idct4x4|Add23~73|datac                                                          ;
;   35.335 ;   0.747 ; FR ; CELL ; 1      ; LABCELL_X17_Y26_N9         ; emu|spath|stub|u_h264_idct4x4|Add23~73|cout                                                           ;
;   35.335 ;   0.000 ; RR ; IC   ; 2      ; LABCELL_X17_Y26_N12        ; emu|spath|stub|u_h264_idct4x4|Add23~81|cin                                                            ;
;   35.690 ;   0.355 ; RF ; CELL ; 2      ; LABCELL_X17_Y26_N12        ; emu|spath|stub|u_h264_idct4x4|Add23~81|sumout                                                         ;
;   37.548 ;   1.858 ; FF ; IC   ; 2      ; LABCELL_X16_Y31_N54        ; emu|spath|stub|u_h264_idct4x4|Add43~85|datad                                                          ;
;   38.160 ;   0.612 ; FF ; CELL ; 1      ; LABCELL_X16_Y31_N54        ; emu|spath|stub|u_h264_idct4x4|Add43~85|cout                                                           ;
;   38.160 ;   0.000 ; FF ; IC   ; 2      ; LABCELL_X16_Y31_N57        ; emu|spath|stub|u_h264_idct4x4|Add43~77|cin                                                            ;
;   38.160 ;   0.000 ; FF ; CELL ; 1      ; LABCELL_X16_Y31_N57        ; emu|spath|stub|u_h264_idct4x4|Add43~77|cout                                                           ;
;   38.160 ;   0.000 ; FF ; IC   ; 2      ; LABCELL_X16_Y30_N0         ; emu|spath|stub|u_h264_idct4x4|Add43~49|cin                                                            ;
;   38.686 ;   0.526 ; FF ; CELL ; 2      ; LABCELL_X16_Y30_N0         ; emu|spath|stub|u_h264_idct4x4|Add43~49|sumout                                                         ;
;   41.034 ;   2.348 ; FF ; IC   ; 3      ; LABCELL_X17_Y43_N45        ; emu|spath|stub|u_h264_idct4x4|Add59~53|datac                                                          ;
;   41.781 ;   0.747 ; FR ; CELL ; 1      ; LABCELL_X17_Y43_N45        ; emu|spath|stub|u_h264_idct4x4|Add59~53|cout                                                           ;
;   41.781 ;   0.000 ; RR ; IC   ; 2      ; LABCELL_X17_Y43_N48        ; emu|spath|stub|u_h264_idct4x4|Add59~49|cin                                                            ;
;   42.117 ;   0.336 ; RF ; CELL ; 2      ; LABCELL_X17_Y43_N48        ; emu|spath|stub|u_h264_idct4x4|Add59~49|sumout                                                         ;
;   43.459 ;   1.342 ; FF ; IC   ; 2      ; LABCELL_X11_Y42_N0         ; emu|spath|stub|u_h264_recon4x4|Add10~53|datac                                                         ;
;   44.296 ;   0.837 ; FF ; CELL ; 1      ; LABCELL_X11_Y42_N0         ; emu|spath|stub|u_h264_recon4x4|Add10~53|cout                                                          ;
;   44.296 ;   0.000 ; FF ; IC   ; 2      ; LABCELL_X11_Y42_N3         ; emu|spath|stub|u_h264_recon4x4|Add10~57|cin                                                           ;
;   44.296 ;   0.000 ; FF ; CELL ; 1      ; LABCELL_X11_Y42_N3         ; emu|spath|stub|u_h264_recon4x4|Add10~57|cout                                                          ;
;   44.296 ;   0.000 ; FF ; IC   ; 2      ; LABCELL_X11_Y42_N6         ; emu|spath|stub|u_h264_recon4x4|Add10~33|cin                                                           ;
;   44.648 ;   0.352 ; FR ; CELL ; 1      ; LABCELL_X11_Y42_N6         ; emu|spath|stub|u_h264_recon4x4|Add10~33|sumout                                                        ;
;   45.330 ;   0.682 ; RR ; IC   ; 1      ; LABCELL_X11_Y43_N12        ; emu|spath|stub|u_h264_recon4x4|recon[10][7]~99|datad                                                  ;
;   45.824 ;   0.494 ; RF ; CELL ; 1      ; LABCELL_X11_Y43_N12        ; emu|spath|stub|u_h264_recon4x4|recon[10][7]~99|combout                                                ;
;   46.427 ;   0.603 ; FF ; IC   ; 1      ; LABCELL_X11_Y42_N54        ; emu|spath|stub|u_h264_recon4x4|recon[10][7]~100|datac                                                 ;
;   46.910 ;   0.483 ; FF ; CELL ; 1      ; LABCELL_X11_Y42_N54        ; emu|spath|stub|u_h264_recon4x4|recon[10][7]~100|combout                                               ;
;   47.133 ;   0.223 ; FF ; IC   ; 1      ; LABCELL_X11_Y42_N48        ; emu|spath|stub|u_h264_recon4x4|recon[10][7]~32|datac                                                  ;
;   47.647 ;   0.514 ; FF ; CELL ; 5      ; LABCELL_X11_Y42_N48        ; emu|spath|stub|u_h264_recon4x4|recon[10][7]~32|combout                                                ;
;   47.866 ;   0.219 ; FF ; IC   ; 1      ; LABCELL_X11_Y42_N57        ; emu|spath|stub|u_h264_recon4x4|recon[10][7]~33|dataf                                                  ;
;   47.945 ;   0.079 ; FF ; CELL ; 7      ; LABCELL_X11_Y42_N57        ; emu|spath|stub|u_h264_recon4x4|recon[10][7]~33|combout                                                ;
;   48.850 ;   0.905 ; FF ; IC   ; 1      ; LABCELL_X12_Y38_N39        ; emu|spath|stub|recon_sig_comb[1]~57|datae                                                             ;
;   49.150 ;   0.300 ; FF ; CELL ; 1      ; LABCELL_X12_Y38_N39        ; emu|spath|stub|recon_sig_comb[1]~57|combout                                                           ;
;   49.888 ;   0.738 ; FF ; IC   ; 1      ; LABCELL_X11_Y39_N24        ; emu|spath|stub|recon_sig_comb[1]~9|datab                                                              ;
;   50.447 ;   0.559 ; FF ; CELL ; 1      ; LABCELL_X11_Y39_N24        ; emu|spath|stub|recon_sig_comb[1]~9|combout                                                            ;
;   50.803 ;   0.356 ; FF ; IC   ; 1      ; LABCELL_X10_Y39_N24        ; emu|spath|stub|recon_sig~9|datad                                                                      ;
;   51.307 ;   0.504 ; FF ; CELL ; 1      ; LABCELL_X10_Y39_N24        ; emu|spath|stub|recon_sig~9|combout                                                                    ;
;   51.307 ;   0.000 ; FF ; IC   ; 1      ; FF_X10_Y39_N25             ; emu|spath|stub|recon_sig[1]|d                                                                         ;
;   51.567 ;   0.260 ; FF ; CELL ; 1      ; FF_X10_Y39_N25             ; emu:emu|stream_path:spath|decode_stub:stub|recon_sig[1]                                               ;
+----------+---------+----+------+--------+----------------------------+-------------------------------------------------------------------------------------------------------+

+----------------------------------------------------------------------------------------------------------------------------------------------------+
; Data Required Path                                                                                                                                 ;
+----------+----------+----+------+--------+----------------------------+----------------------------------------------------------------------------+
; Total    ; Incr     ; RF ; Type ; Fanout ; Location                   ; Element                                                                    ;
+----------+----------+----+------+--------+----------------------------+----------------------------------------------------------------------------+
; 50.000   ; 50.000   ;    ;      ;        ;                            ; latch edge time                                                            ;
; 58.065   ; 8.065    ;    ;      ;        ;                            ; clock path                                                                 ;
;   50.000 ;   0.000  ;    ;      ;        ;                            ; source latency                                                             ;
;   50.000 ;   0.000  ;    ;      ; 1      ; PIN_Y13                    ; FPGA_CLK2_50                                                               ;
;   50.000 ;   0.000  ; RR ; IC   ; 1      ; IOIBUF_X56_Y0_N1           ; FPGA_CLK2_50~input|i                                                       ;
;   50.761 ;   0.761  ; RR ; CELL ; 2      ; IOIBUF_X56_Y0_N1           ; FPGA_CLK2_50~input|o                                                       ;
;   51.932 ;   1.171  ; RR ; IC   ; 1      ; PLLREFCLKSELECT_X89_Y7_N0  ; emu|pll|pll_inst|altera_pll_i|general[0].gpll~PLL_REFCLK_SELECT|clkin[0]   ;
;   52.240 ;   0.308  ; RR ; CELL ; 1      ; PLLREFCLKSELECT_X89_Y7_N0  ; emu|pll|pll_inst|altera_pll_i|general[0].gpll~PLL_REFCLK_SELECT|clkout     ;
;   52.240 ;   0.000  ; RR ; IC   ; 10     ; FRACTIONALPLL_X89_Y1_N0    ; emu|pll|pll_inst|altera_pll_i|general[0].gpll~FRACTIONAL_PLL|refclkin      ;
;   52.020 ;   -0.220 ; RR ; COMP ; 2      ; FRACTIONALPLL_X89_Y1_N0    ; emu|pll|pll_inst|altera_pll_i|general[0].gpll~FRACTIONAL_PLL|vcoph[0]      ;
;   52.020 ;   0.000  ; RR ; IC   ; 1      ; PLLOUTPUTCOUNTER_X89_Y5_N1 ; emu|pll|pll_inst|altera_pll_i|general[0].gpll~PLL_OUTPUT_COUNTER|vco0ph[0] ;
;   53.486 ;   1.466  ; RR ; CELL ; 3      ; PLLOUTPUTCOUNTER_X89_Y5_N1 ; emu|pll|pll_inst|altera_pll_i|general[0].gpll~PLL_OUTPUT_COUNTER|divclk    ;
;   54.393 ;   0.907  ; RR ; IC   ; 1      ; CLKCTRL_G4                 ; emu|pll|pll_inst|altera_pll_i|outclk_wire[0]~CLKENA0|inclk                 ;
;   54.672 ;   0.279  ; RR ; CELL ; 9021   ; CLKCTRL_G4                 ; emu|pll|pll_inst|altera_pll_i|outclk_wire[0]~CLKENA0|outclk                ;
;   56.617 ;   1.945  ; RR ; IC   ; 1      ; FF_X10_Y39_N25             ; emu|spath|stub|recon_sig[1]|clk                                            ;
;   57.105 ;   0.488  ; RR ; CELL ; 1      ; FF_X10_Y39_N25             ; emu:emu|stream_path:spath|decode_stub:stub|recon_sig[1]                    ;
;   58.065 ;   0.960  ;    ;      ;        ;                            ; clock pessimism removed                                                    ;
; 57.935   ; -0.130   ;    ;      ;        ;                            ; clock uncertainty                                                          ;
; 57.935   ; 0.000    ;    ; uTsu ; 1      ; FF_X10_Y39_N25             ; emu:emu|stream_path:spath|decode_stub:stub|recon_sig[1]                    ;
+----------+----------+----+------+--------+----------------------------+----------------------------------------------------------------------------+

----------------------------
; Extra Fitter Information ;
----------------------------
HTML report is unavailable in plain text report export.


Path #7: Setup slack is 6.368 
===============================================================================
+----------------------------------------------------------------------------------------------+
; Path Summary                                                                                 ;
+--------------------+-------------------------------------------------------------------------+
; Property           ; Value                                                                   ;
+--------------------+-------------------------------------------------------------------------+
; From Node          ; emu:emu|stream_path:spath|decode_stub:stub|lat_qp[4]                    ;
; To Node            ; emu:emu|stream_path:spath|decode_stub:stub|recon_sig[1]                 ;
; Launch Clock       ; emu|pll|pll_inst|altera_pll_i|general[0].gpll~PLL_OUTPUT_COUNTER|divclk ;
; Latch Clock        ; emu|pll|pll_inst|altera_pll_i|general[0].gpll~PLL_OUTPUT_COUNTER|divclk ;
; Data Arrival Time  ; 51.567                                                                  ;
; Data Required Time ; 57.935                                                                  ;
; Slack              ; 6.368                                                                   ;
+--------------------+-------------------------------------------------------------------------+

+--------------------------------------------------------------------------------------+
; Statistics                                                                           ;
+------------------------+--------+-------+-------------+------------+--------+--------+
; Property               ; Value  ; Count ; Total Delay ; % of Total ; Min    ; Max    ;
+------------------------+--------+-------+-------------+------------+--------+--------+
; Setup Relationship     ; 50.000 ;       ;             ;            ;        ;        ;
; Clock Skew             ; -0.434 ;       ;             ;            ;        ;        ;
; Data Delay             ; 43.068 ;       ;             ;            ;        ;        ;
; Number of Logic Levels ;        ; 23    ;             ;            ;        ;        ;
; Physical Delays        ;        ;       ;             ;            ;        ;        ;
;  Arrival Path          ;        ;       ;             ;            ;        ;        ;
;   Clock                ;        ;       ;             ;            ;        ;        ;
;    IC                  ;        ; 6     ; 4.679       ; 55         ; 0.000  ; 2.306  ;
;    Cell                ;        ; 6     ; 3.820       ; 45         ; 0.116  ; 1.745  ;
;   Data                 ;        ;       ;             ;            ;        ;        ;
;    IC                  ;        ; 36    ; 19.881      ; 46         ; 0.000  ; 2.348  ;
;    Cell                ;        ; 37    ; 23.187      ; 54         ; 0.000  ; 3.938  ;
;    uTco                ;        ; 1     ; 0.000       ; 0          ; 0.000  ; 0.000  ;
;  Required Path         ;        ;       ;             ;            ;        ;        ;
;   Clock                ;        ;       ;             ;            ;        ;        ;
;    IC                  ;        ; 6     ; 4.023       ; 55         ; 0.000  ; 1.945  ;
;    Cell                ;        ; 5     ; 3.302       ; 45         ; 0.279  ; 1.466  ;
;    PLL Compensation    ;        ; 1     ; -0.220      ; 0          ; -0.220 ; -0.220 ;
+------------------------+--------+-------+-------------+------------+--------+--------+
Note: Negative delays are omitted from totals when calculating percentages

+------------------------------------------------------------------------------------------------------------------------------------------------------------------------------+
; Data Arrival Path                                                                                                                                                            ;
+----------+---------+----+------+--------+----------------------------+-------------------------------------------------------------------------------------------------------+
; Total    ; Incr    ; RF ; Type ; Fanout ; Location                   ; Element                                                                                               ;
+----------+---------+----+------+--------+----------------------------+-------------------------------------------------------------------------------------------------------+
; 0.000    ; 0.000   ;    ;      ;        ;                            ; launch edge time                                                                                      ;
; 8.499    ; 8.499   ;    ;      ;        ;                            ; clock path                                                                                            ;
;   0.000  ;   0.000 ;    ;      ;        ;                            ; source latency                                                                                        ;
;   0.000  ;   0.000 ;    ;      ; 1      ; PIN_Y13                    ; FPGA_CLK2_50                                                                                          ;
;   0.000  ;   0.000 ; RR ; IC   ; 1      ; IOIBUF_X56_Y0_N1           ; FPGA_CLK2_50~input|i                                                                                  ;
;   0.761  ;   0.761 ; RR ; CELL ; 2      ; IOIBUF_X56_Y0_N1           ; FPGA_CLK2_50~input|o                                                                                  ;
;   2.096  ;   1.335 ; RR ; IC   ; 1      ; PLLREFCLKSELECT_X89_Y7_N0  ; emu|pll|pll_inst|altera_pll_i|general[0].gpll~PLL_REFCLK_SELECT|clkin[0]                              ;
;   2.429  ;   0.333 ; RR ; CELL ; 1      ; PLLREFCLKSELECT_X89_Y7_N0  ; emu|pll|pll_inst|altera_pll_i|general[0].gpll~PLL_REFCLK_SELECT|clkout                                ;
;   2.429  ;   0.000 ; RR ; IC   ; 10     ; FRACTIONALPLL_X89_Y1_N0    ; emu|pll|pll_inst|altera_pll_i|general[0].gpll~FRACTIONAL_PLL|refclkin                                 ;
;   2.545  ;   0.116 ; RR ; CELL ; 2      ; FRACTIONALPLL_X89_Y1_N0    ; emu|pll|pll_inst|altera_pll_i|general[0].gpll~FRACTIONAL_PLL|vcoph[0]                                 ;
;   2.545  ;   0.000 ; RR ; IC   ; 1      ; PLLOUTPUTCOUNTER_X89_Y5_N1 ; emu|pll|pll_inst|altera_pll_i|general[0].gpll~PLL_OUTPUT_COUNTER|vco0ph[0]                            ;
;   4.290  ;   1.745 ; RR ; CELL ; 3      ; PLLOUTPUTCOUNTER_X89_Y5_N1 ; emu|pll|pll_inst|altera_pll_i|general[0].gpll~PLL_OUTPUT_COUNTER|divclk                               ;
;   5.328  ;   1.038 ; RR ; IC   ; 1      ; CLKCTRL_G4                 ; emu|pll|pll_inst|altera_pll_i|outclk_wire[0]~CLKENA0|inclk                                            ;
;   5.632  ;   0.304 ; RR ; CELL ; 9021   ; CLKCTRL_G4                 ; emu|pll|pll_inst|altera_pll_i|outclk_wire[0]~CLKENA0|outclk                                           ;
;   7.938  ;   2.306 ; RR ; IC   ; 1      ; FF_X15_Y10_N50             ; emu|spath|stub|lat_qp[4]|clk                                                                          ;
;   8.499  ;   0.561 ; RR ; CELL ; 1      ; FF_X15_Y10_N50             ; emu:emu|stream_path:spath|decode_stub:stub|lat_qp[4]                                                  ;
; 51.567   ; 43.068  ;    ;      ;        ;                            ; data path                                                                                             ;
;   8.499  ;   0.000 ;    ; uTco ; 1      ; FF_X15_Y10_N50             ; emu:emu|stream_path:spath|decode_stub:stub|lat_qp[4]                                                  ;
;   8.499  ;   0.000 ; RR ; CELL ; 4      ; FF_X15_Y10_N50             ; emu|spath|stub|lat_qp[4]|q                                                                            ;
;   8.807  ;   0.308 ; RR ; IC   ; 2      ; MLABCELL_X15_Y10_N3        ; emu|spath|stub|u_h264_dequant4x4|Mod0|auto_generated|divider|divider|add_sub_2_result_int[1]~9|dataa  ;
;   10.057 ;   1.250 ; RR ; CELL ; 1      ; MLABCELL_X15_Y10_N3        ; emu|spath|stub|u_h264_dequant4x4|Mod0|auto_generated|divider|divider|add_sub_2_result_int[1]~9|sumout ;
;   10.416 ;   0.359 ; RR ; IC   ; 1      ; LABCELL_X16_Y10_N51        ; emu|spath|stub|u_h264_dequant4x4|Mod0|auto_generated|divider|divider|StageOut[9]~9|datac              ;
;   10.830 ;   0.414 ; RR ; CELL ; 2      ; LABCELL_X16_Y10_N51        ; emu|spath|stub|u_h264_dequant4x4|Mod0|auto_generated|divider|divider|StageOut[9]~9|combout            ;
;   11.197 ;   0.367 ; RR ; IC   ; 2      ; LABCELL_X16_Y10_N9         ; emu|spath|stub|u_h264_dequant4x4|Mod0|auto_generated|divider|divider|op_4~21|datac                    ;
;   12.046 ;   0.849 ; RR ; CELL ; 1      ; LABCELL_X16_Y10_N9         ; emu|spath|stub|u_h264_dequant4x4|Mod0|auto_generated|divider|divider|op_4~21|cout                     ;
;   12.046 ;   0.000 ; RR ; IC   ; 1      ; LABCELL_X16_Y10_N12        ; emu|spath|stub|u_h264_dequant4x4|Mod0|auto_generated|divider|divider|op_4~10|cin                      ;
;   12.096 ;   0.050 ; RR ; CELL ; 1      ; LABCELL_X16_Y10_N12        ; emu|spath|stub|u_h264_dequant4x4|Mod0|auto_generated|divider|divider|op_4~10|cout                     ;
;   12.096 ;   0.000 ; RR ; IC   ; 1      ; LABCELL_X16_Y10_N15        ; emu|spath|stub|u_h264_dequant4x4|Mod0|auto_generated|divider|divider|op_4~1|cin                       ;
;   12.250 ;   0.154 ; RR ; CELL ; 6      ; LABCELL_X16_Y10_N15        ; emu|spath|stub|u_h264_dequant4x4|Mod0|auto_generated|divider|divider|op_4~1|sumout                    ;
;   12.533 ;   0.283 ; RR ; IC   ; 2      ; LABCELL_X16_Y10_N36        ; emu|spath|stub|u_h264_dequant4x4|Mod0|auto_generated|divider|divider|op_5~5|datab                     ;
;   13.595 ;   1.062 ; RR ; CELL ; 1      ; LABCELL_X16_Y10_N36        ; emu|spath|stub|u_h264_dequant4x4|Mod0|auto_generated|divider|divider|op_5~5|cout                      ;
;   13.595 ;   0.000 ; RR ; IC   ; 2      ; LABCELL_X16_Y10_N39        ; emu|spath|stub|u_h264_dequant4x4|Mod0|auto_generated|divider|divider|op_5~21|cin                      ;
;   13.595 ;   0.000 ; RR ; CELL ; 1      ; LABCELL_X16_Y10_N39        ; emu|spath|stub|u_h264_dequant4x4|Mod0|auto_generated|divider|divider|op_5~21|cout                     ;
;   13.595 ;   0.000 ; RR ; IC   ; 1      ; LABCELL_X16_Y10_N42        ; emu|spath|stub|u_h264_dequant4x4|Mod0|auto_generated|divider|divider|op_5~14|cin                      ;
;   13.645 ;   0.050 ; RR ; CELL ; 1      ; LABCELL_X16_Y10_N42        ; emu|spath|stub|u_h264_dequant4x4|Mod0|auto_generated|divider|divider|op_5~14|cout                     ;
;   13.645 ;   0.000 ; RR ; IC   ; 1      ; LABCELL_X16_Y10_N45        ; emu|spath|stub|u_h264_dequant4x4|Mod0|auto_generated|divider|divider|op_5~1|cin                       ;
;   13.799 ;   0.154 ; RR ; CELL ; 7      ; LABCELL_X16_Y10_N45        ; emu|spath|stub|u_h264_dequant4x4|Mod0|auto_generated|divider|divider|op_5~1|sumout                    ;
;   14.135 ;   0.336 ; RR ; IC   ; 2      ; LABCELL_X17_Y10_N9         ; emu|spath|stub|u_h264_dequant4x4|Mod0|auto_generated|divider|divider|op_6~9|dataa                     ;
;   15.438 ;   1.303 ; RF ; CELL ; 5      ; LABCELL_X17_Y10_N9         ; emu|spath|stub|u_h264_dequant4x4|Mod0|auto_generated|divider|divider|op_6~9|sumout                    ;
;   15.831 ;   0.393 ; FF ; IC   ; 1      ; LABCELL_X17_Y10_N24        ; emu|spath|stub|u_h264_dequant4x4|Mod0|auto_generated|divider|divider|StageOut[22]~3|datae             ;
;   16.055 ;   0.224 ; FF ; CELL ; 42     ; LABCELL_X17_Y10_N24        ; emu|spath|stub|u_h264_dequant4x4|Mod0|auto_generated|divider|divider|StageOut[22]~3|combout           ;
;   16.923 ;   0.868 ; FF ; IC   ; 1      ; LABCELL_X18_Y12_N15        ; emu|spath|stub|u_h264_dequant4x4|ShiftLeft1~6|datab                                                   ;
;   17.497 ;   0.574 ; FR ; CELL ; 4      ; LABCELL_X18_Y12_N15        ; emu|spath|stub|u_h264_dequant4x4|ShiftLeft1~6|combout                                                 ;
;   17.728 ;   0.231 ; RR ; IC   ; 1      ; LABCELL_X18_Y12_N18        ; emu|spath|stub|u_h264_dequant4x4|ShiftLeft1~25|datab                                                  ;
;   18.281 ;   0.553 ; RF ; CELL ; 8      ; LABCELL_X18_Y12_N18        ; emu|spath|stub|u_h264_dequant4x4|ShiftLeft1~25|combout                                                ;
;   19.942 ;   1.661 ; FF ; IC   ; 29     ; DSP_X32_Y12_N0             ; emu|spath|stub|u_h264_dequant4x4|Mult6~318|ay[16]                                                     ;
;   23.880 ;   3.938 ; FF ; CELL ; 21     ; DSP_X32_Y12_N0             ; emu|spath|stub|u_h264_dequant4x4|Mult6~318|resulta[33]                                                ;
;   25.995 ;   2.115 ; FF ; IC   ; 14     ; DSP_X32_Y24_N0             ; emu|spath|stub|u_h264_dequant4x4|Mult6~mult_hlmac|bx[2]                                               ;
;   28.573 ;   2.578 ; FF ; CELL ; 1      ; DSP_X32_Y24_N0             ; emu|spath|stub|u_h264_dequant4x4|Mult6~mult_hlmac|resulta[0]                                          ;
;   30.015 ;   1.442 ; FF ; IC   ; 2      ; MLABCELL_X21_Y24_N9        ; emu|spath|stub|u_h264_dequant4x4|Add7~13|datad                                                        ;
;   30.949 ;   0.934 ; FF ; CELL ; 3      ; MLABCELL_X21_Y24_N9        ; emu|spath|stub|u_h264_dequant4x4|Add7~13|sumout                                                       ;
;   32.392 ;   1.443 ; FF ; IC   ; 2      ; MLABCELL_X21_Y27_N57       ; emu|spath|stub|u_h264_idct4x4|Add6~49|datac                                                           ;
;   33.272 ;   0.880 ; FR ; CELL ; 1      ; MLABCELL_X21_Y27_N57       ; emu|spath|stub|u_h264_idct4x4|Add6~49|cout                                                            ;
;   33.272 ;   0.000 ; RR ; IC   ; 2      ; MLABCELL_X21_Y26_N0        ; emu|spath|stub|u_h264_idct4x4|Add6~45|cin                                                             ;
;   33.787 ;   0.515 ; RF ; CELL ; 2      ; MLABCELL_X21_Y26_N0        ; emu|spath|stub|u_h264_idct4x4|Add6~45|sumout                                                          ;
;   34.588 ;   0.801 ; FF ; IC   ; 3      ; LABCELL_X17_Y26_N9         ; emu|spath|stub|u_h264_idct4x4|Add23~73|datac                                                          ;
;   35.335 ;   0.747 ; FR ; CELL ; 1      ; LABCELL_X17_Y26_N9         ; emu|spath|stub|u_h264_idct4x4|Add23~73|cout                                                           ;
;   35.335 ;   0.000 ; RR ; IC   ; 2      ; LABCELL_X17_Y26_N12        ; emu|spath|stub|u_h264_idct4x4|Add23~81|cin                                                            ;
;   35.690 ;   0.355 ; RF ; CELL ; 2      ; LABCELL_X17_Y26_N12        ; emu|spath|stub|u_h264_idct4x4|Add23~81|sumout                                                         ;
;   37.548 ;   1.858 ; FF ; IC   ; 2      ; LABCELL_X16_Y31_N54        ; emu|spath|stub|u_h264_idct4x4|Add43~85|datad                                                          ;
;   38.160 ;   0.612 ; FF ; CELL ; 1      ; LABCELL_X16_Y31_N54        ; emu|spath|stub|u_h264_idct4x4|Add43~85|cout                                                           ;
;   38.160 ;   0.000 ; FF ; IC   ; 2      ; LABCELL_X16_Y31_N57        ; emu|spath|stub|u_h264_idct4x4|Add43~77|cin                                                            ;
;   38.160 ;   0.000 ; FF ; CELL ; 1      ; LABCELL_X16_Y31_N57        ; emu|spath|stub|u_h264_idct4x4|Add43~77|cout                                                           ;
;   38.160 ;   0.000 ; FF ; IC   ; 2      ; LABCELL_X16_Y30_N0         ; emu|spath|stub|u_h264_idct4x4|Add43~49|cin                                                            ;
;   38.686 ;   0.526 ; FF ; CELL ; 2      ; LABCELL_X16_Y30_N0         ; emu|spath|stub|u_h264_idct4x4|Add43~49|sumout                                                         ;
;   41.034 ;   2.348 ; FF ; IC   ; 3      ; LABCELL_X17_Y43_N45        ; emu|spath|stub|u_h264_idct4x4|Add59~53|datac                                                          ;
;   41.781 ;   0.747 ; FR ; CELL ; 1      ; LABCELL_X17_Y43_N45        ; emu|spath|stub|u_h264_idct4x4|Add59~53|cout                                                           ;
;   41.781 ;   0.000 ; RR ; IC   ; 2      ; LABCELL_X17_Y43_N48        ; emu|spath|stub|u_h264_idct4x4|Add59~49|cin                                                            ;
;   42.117 ;   0.336 ; RF ; CELL ; 2      ; LABCELL_X17_Y43_N48        ; emu|spath|stub|u_h264_idct4x4|Add59~49|sumout                                                         ;
;   43.459 ;   1.342 ; FF ; IC   ; 2      ; LABCELL_X11_Y42_N0         ; emu|spath|stub|u_h264_recon4x4|Add10~53|datac                                                         ;
;   44.296 ;   0.837 ; FF ; CELL ; 1      ; LABCELL_X11_Y42_N0         ; emu|spath|stub|u_h264_recon4x4|Add10~53|cout                                                          ;
;   44.296 ;   0.000 ; FF ; IC   ; 2      ; LABCELL_X11_Y42_N3         ; emu|spath|stub|u_h264_recon4x4|Add10~57|cin                                                           ;
;   44.296 ;   0.000 ; FF ; CELL ; 1      ; LABCELL_X11_Y42_N3         ; emu|spath|stub|u_h264_recon4x4|Add10~57|cout                                                          ;
;   44.296 ;   0.000 ; FF ; IC   ; 2      ; LABCELL_X11_Y42_N6         ; emu|spath|stub|u_h264_recon4x4|Add10~33|cin                                                           ;
;   44.648 ;   0.352 ; FR ; CELL ; 1      ; LABCELL_X11_Y42_N6         ; emu|spath|stub|u_h264_recon4x4|Add10~33|sumout                                                        ;
;   45.330 ;   0.682 ; RR ; IC   ; 1      ; LABCELL_X11_Y43_N12        ; emu|spath|stub|u_h264_recon4x4|recon[10][7]~99|datad                                                  ;
;   45.824 ;   0.494 ; RF ; CELL ; 1      ; LABCELL_X11_Y43_N12        ; emu|spath|stub|u_h264_recon4x4|recon[10][7]~99|combout                                                ;
;   46.427 ;   0.603 ; FF ; IC   ; 1      ; LABCELL_X11_Y42_N54        ; emu|spath|stub|u_h264_recon4x4|recon[10][7]~100|datac                                                 ;
;   46.910 ;   0.483 ; FF ; CELL ; 1      ; LABCELL_X11_Y42_N54        ; emu|spath|stub|u_h264_recon4x4|recon[10][7]~100|combout                                               ;
;   47.133 ;   0.223 ; FF ; IC   ; 1      ; LABCELL_X11_Y42_N48        ; emu|spath|stub|u_h264_recon4x4|recon[10][7]~32|datac                                                  ;
;   47.647 ;   0.514 ; FF ; CELL ; 5      ; LABCELL_X11_Y42_N48        ; emu|spath|stub|u_h264_recon4x4|recon[10][7]~32|combout                                                ;
;   47.866 ;   0.219 ; FF ; IC   ; 1      ; LABCELL_X11_Y42_N57        ; emu|spath|stub|u_h264_recon4x4|recon[10][7]~33|dataf                                                  ;
;   47.945 ;   0.079 ; FF ; CELL ; 7      ; LABCELL_X11_Y42_N57        ; emu|spath|stub|u_h264_recon4x4|recon[10][7]~33|combout                                                ;
;   48.850 ;   0.905 ; FF ; IC   ; 1      ; LABCELL_X12_Y38_N39        ; emu|spath|stub|recon_sig_comb[1]~57|datae                                                             ;
;   49.150 ;   0.300 ; FF ; CELL ; 1      ; LABCELL_X12_Y38_N39        ; emu|spath|stub|recon_sig_comb[1]~57|combout                                                           ;
;   49.888 ;   0.738 ; FF ; IC   ; 1      ; LABCELL_X11_Y39_N24        ; emu|spath|stub|recon_sig_comb[1]~9|datab                                                              ;
;   50.447 ;   0.559 ; FF ; CELL ; 1      ; LABCELL_X11_Y39_N24        ; emu|spath|stub|recon_sig_comb[1]~9|combout                                                            ;
;   50.803 ;   0.356 ; FF ; IC   ; 1      ; LABCELL_X10_Y39_N24        ; emu|spath|stub|recon_sig~9|datad                                                                      ;
;   51.307 ;   0.504 ; FF ; CELL ; 1      ; LABCELL_X10_Y39_N24        ; emu|spath|stub|recon_sig~9|combout                                                                    ;
;   51.307 ;   0.000 ; FF ; IC   ; 1      ; FF_X10_Y39_N25             ; emu|spath|stub|recon_sig[1]|d                                                                         ;
;   51.567 ;   0.260 ; FF ; CELL ; 1      ; FF_X10_Y39_N25             ; emu:emu|stream_path:spath|decode_stub:stub|recon_sig[1]                                               ;
+----------+---------+----+------+--------+----------------------------+-------------------------------------------------------------------------------------------------------+

+----------------------------------------------------------------------------------------------------------------------------------------------------+
; Data Required Path                                                                                                                                 ;
+----------+----------+----+------+--------+----------------------------+----------------------------------------------------------------------------+
; Total    ; Incr     ; RF ; Type ; Fanout ; Location                   ; Element                                                                    ;
+----------+----------+----+------+--------+----------------------------+----------------------------------------------------------------------------+
; 50.000   ; 50.000   ;    ;      ;        ;                            ; latch edge time                                                            ;
; 58.065   ; 8.065    ;    ;      ;        ;                            ; clock path                                                                 ;
;   50.000 ;   0.000  ;    ;      ;        ;                            ; source latency                                                             ;
;   50.000 ;   0.000  ;    ;      ; 1      ; PIN_Y13                    ; FPGA_CLK2_50                                                               ;
;   50.000 ;   0.000  ; RR ; IC   ; 1      ; IOIBUF_X56_Y0_N1           ; FPGA_CLK2_50~input|i                                                       ;
;   50.761 ;   0.761  ; RR ; CELL ; 2      ; IOIBUF_X56_Y0_N1           ; FPGA_CLK2_50~input|o                                                       ;
;   51.932 ;   1.171  ; RR ; IC   ; 1      ; PLLREFCLKSELECT_X89_Y7_N0  ; emu|pll|pll_inst|altera_pll_i|general[0].gpll~PLL_REFCLK_SELECT|clkin[0]   ;
;   52.240 ;   0.308  ; RR ; CELL ; 1      ; PLLREFCLKSELECT_X89_Y7_N0  ; emu|pll|pll_inst|altera_pll_i|general[0].gpll~PLL_REFCLK_SELECT|clkout     ;
;   52.240 ;   0.000  ; RR ; IC   ; 10     ; FRACTIONALPLL_X89_Y1_N0    ; emu|pll|pll_inst|altera_pll_i|general[0].gpll~FRACTIONAL_PLL|refclkin      ;
;   52.020 ;   -0.220 ; RR ; COMP ; 2      ; FRACTIONALPLL_X89_Y1_N0    ; emu|pll|pll_inst|altera_pll_i|general[0].gpll~FRACTIONAL_PLL|vcoph[0]      ;
;   52.020 ;   0.000  ; RR ; IC   ; 1      ; PLLOUTPUTCOUNTER_X89_Y5_N1 ; emu|pll|pll_inst|altera_pll_i|general[0].gpll~PLL_OUTPUT_COUNTER|vco0ph[0] ;
;   53.486 ;   1.466  ; RR ; CELL ; 3      ; PLLOUTPUTCOUNTER_X89_Y5_N1 ; emu|pll|pll_inst|altera_pll_i|general[0].gpll~PLL_OUTPUT_COUNTER|divclk    ;
;   54.393 ;   0.907  ; RR ; IC   ; 1      ; CLKCTRL_G4                 ; emu|pll|pll_inst|altera_pll_i|outclk_wire[0]~CLKENA0|inclk                 ;
;   54.672 ;   0.279  ; RR ; CELL ; 9021   ; CLKCTRL_G4                 ; emu|pll|pll_inst|altera_pll_i|outclk_wire[0]~CLKENA0|outclk                ;
;   56.617 ;   1.945  ; RR ; IC   ; 1      ; FF_X10_Y39_N25             ; emu|spath|stub|recon_sig[1]|clk                                            ;
;   57.105 ;   0.488  ; RR ; CELL ; 1      ; FF_X10_Y39_N25             ; emu:emu|stream_path:spath|decode_stub:stub|recon_sig[1]                    ;
;   58.065 ;   0.960  ;    ;      ;        ;                            ; clock pessimism removed                                                    ;
; 57.935   ; -0.130   ;    ;      ;        ;                            ; clock uncertainty                                                          ;
; 57.935   ; 0.000    ;    ; uTsu ; 1      ; FF_X10_Y39_N25             ; emu:emu|stream_path:spath|decode_stub:stub|recon_sig[1]                    ;
+----------+----------+----+------+--------+----------------------------+----------------------------------------------------------------------------+

----------------------------
; Extra Fitter Information ;
----------------------------
HTML report is unavailable in plain text report export.


Path #8: Setup slack is 6.368 
===============================================================================
+----------------------------------------------------------------------------------------------+
; Path Summary                                                                                 ;
+--------------------+-------------------------------------------------------------------------+
; Property           ; Value                                                                   ;
+--------------------+-------------------------------------------------------------------------+
; From Node          ; emu:emu|stream_path:spath|decode_stub:stub|lat_qp[4]                    ;
; To Node            ; emu:emu|stream_path:spath|decode_stub:stub|recon_sig[1]                 ;
; Launch Clock       ; emu|pll|pll_inst|altera_pll_i|general[0].gpll~PLL_OUTPUT_COUNTER|divclk ;
; Latch Clock        ; emu|pll|pll_inst|altera_pll_i|general[0].gpll~PLL_OUTPUT_COUNTER|divclk ;
; Data Arrival Time  ; 51.567                                                                  ;
; Data Required Time ; 57.935                                                                  ;
; Slack              ; 6.368                                                                   ;
+--------------------+-------------------------------------------------------------------------+

+--------------------------------------------------------------------------------------+
; Statistics                                                                           ;
+------------------------+--------+-------+-------------+------------+--------+--------+
; Property               ; Value  ; Count ; Total Delay ; % of Total ; Min    ; Max    ;
+------------------------+--------+-------+-------------+------------+--------+--------+
; Setup Relationship     ; 50.000 ;       ;             ;            ;        ;        ;
; Clock Skew             ; -0.434 ;       ;             ;            ;        ;        ;
; Data Delay             ; 43.068 ;       ;             ;            ;        ;        ;
; Number of Logic Levels ;        ; 23    ;             ;            ;        ;        ;
; Physical Delays        ;        ;       ;             ;            ;        ;        ;
;  Arrival Path          ;        ;       ;             ;            ;        ;        ;
;   Clock                ;        ;       ;             ;            ;        ;        ;
;    IC                  ;        ; 6     ; 4.679       ; 55         ; 0.000  ; 2.306  ;
;    Cell                ;        ; 6     ; 3.820       ; 45         ; 0.116  ; 1.745  ;
;   Data                 ;        ;       ;             ;            ;        ;        ;
;    IC                  ;        ; 35    ; 19.873      ; 46         ; 0.000  ; 2.348  ;
;    Cell                ;        ; 36    ; 23.195      ; 54         ; 0.000  ; 3.938  ;
;    uTco                ;        ; 1     ; 0.000       ; 0          ; 0.000  ; 0.000  ;
;  Required Path         ;        ;       ;             ;            ;        ;        ;
;   Clock                ;        ;       ;             ;            ;        ;        ;
;    IC                  ;        ; 6     ; 4.023       ; 55         ; 0.000  ; 1.945  ;
;    Cell                ;        ; 5     ; 3.302       ; 45         ; 0.279  ; 1.466  ;
;    PLL Compensation    ;        ; 1     ; -0.220      ; 0          ; -0.220 ; -0.220 ;
+------------------------+--------+-------+-------------+------------+--------+--------+
Note: Negative delays are omitted from totals when calculating percentages

+------------------------------------------------------------------------------------------------------------------------------------------------------------------------------+
; Data Arrival Path                                                                                                                                                            ;
+----------+---------+----+------+--------+----------------------------+-------------------------------------------------------------------------------------------------------+
; Total    ; Incr    ; RF ; Type ; Fanout ; Location                   ; Element                                                                                               ;
+----------+---------+----+------+--------+----------------------------+-------------------------------------------------------------------------------------------------------+
; 0.000    ; 0.000   ;    ;      ;        ;                            ; launch edge time                                                                                      ;
; 8.499    ; 8.499   ;    ;      ;        ;                            ; clock path                                                                                            ;
;   0.000  ;   0.000 ;    ;      ;        ;                            ; source latency                                                                                        ;
;   0.000  ;   0.000 ;    ;      ; 1      ; PIN_Y13                    ; FPGA_CLK2_50                                                                                          ;
;   0.000  ;   0.000 ; RR ; IC   ; 1      ; IOIBUF_X56_Y0_N1           ; FPGA_CLK2_50~input|i                                                                                  ;
;   0.761  ;   0.761 ; RR ; CELL ; 2      ; IOIBUF_X56_Y0_N1           ; FPGA_CLK2_50~input|o                                                                                  ;
;   2.096  ;   1.335 ; RR ; IC   ; 1      ; PLLREFCLKSELECT_X89_Y7_N0  ; emu|pll|pll_inst|altera_pll_i|general[0].gpll~PLL_REFCLK_SELECT|clkin[0]                              ;
;   2.429  ;   0.333 ; RR ; CELL ; 1      ; PLLREFCLKSELECT_X89_Y7_N0  ; emu|pll|pll_inst|altera_pll_i|general[0].gpll~PLL_REFCLK_SELECT|clkout                                ;
;   2.429  ;   0.000 ; RR ; IC   ; 10     ; FRACTIONALPLL_X89_Y1_N0    ; emu|pll|pll_inst|altera_pll_i|general[0].gpll~FRACTIONAL_PLL|refclkin                                 ;
;   2.545  ;   0.116 ; RR ; CELL ; 2      ; FRACTIONALPLL_X89_Y1_N0    ; emu|pll|pll_inst|altera_pll_i|general[0].gpll~FRACTIONAL_PLL|vcoph[0]                                 ;
;   2.545  ;   0.000 ; RR ; IC   ; 1      ; PLLOUTPUTCOUNTER_X89_Y5_N1 ; emu|pll|pll_inst|altera_pll_i|general[0].gpll~PLL_OUTPUT_COUNTER|vco0ph[0]                            ;
;   4.290  ;   1.745 ; RR ; CELL ; 3      ; PLLOUTPUTCOUNTER_X89_Y5_N1 ; emu|pll|pll_inst|altera_pll_i|general[0].gpll~PLL_OUTPUT_COUNTER|divclk                               ;
;   5.328  ;   1.038 ; RR ; IC   ; 1      ; CLKCTRL_G4                 ; emu|pll|pll_inst|altera_pll_i|outclk_wire[0]~CLKENA0|inclk                                            ;
;   5.632  ;   0.304 ; RR ; CELL ; 9021   ; CLKCTRL_G4                 ; emu|pll|pll_inst|altera_pll_i|outclk_wire[0]~CLKENA0|outclk                                           ;
;   7.938  ;   2.306 ; RR ; IC   ; 1      ; FF_X15_Y10_N50             ; emu|spath|stub|lat_qp[4]|clk                                                                          ;
;   8.499  ;   0.561 ; RR ; CELL ; 1      ; FF_X15_Y10_N50             ; emu:emu|stream_path:spath|decode_stub:stub|lat_qp[4]                                                  ;
; 51.567   ; 43.068  ;    ;      ;        ;                            ; data path                                                                                             ;
;   8.499  ;   0.000 ;    ; uTco ; 1      ; FF_X15_Y10_N50             ; emu:emu|stream_path:spath|decode_stub:stub|lat_qp[4]                                                  ;
;   8.499  ;   0.000 ; RR ; CELL ; 4      ; FF_X15_Y10_N50             ; emu|spath|stub|lat_qp[4]|q                                                                            ;
;   8.807  ;   0.308 ; RR ; IC   ; 2      ; MLABCELL_X15_Y10_N3        ; emu|spath|stub|u_h264_dequant4x4|Mod0|auto_generated|divider|divider|add_sub_2_result_int[1]~9|dataa  ;
;   10.057 ;   1.250 ; RR ; CELL ; 1      ; MLABCELL_X15_Y10_N3        ; emu|spath|stub|u_h264_dequant4x4|Mod0|auto_generated|divider|divider|add_sub_2_result_int[1]~9|sumout ;
;   10.416 ;   0.359 ; RR ; IC   ; 1      ; LABCELL_X16_Y10_N51        ; emu|spath|stub|u_h264_dequant4x4|Mod0|auto_generated|divider|divider|StageOut[9]~9|datac              ;
;   10.830 ;   0.414 ; RR ; CELL ; 2      ; LABCELL_X16_Y10_N51        ; emu|spath|stub|u_h264_dequant4x4|Mod0|auto_generated|divider|divider|StageOut[9]~9|combout            ;
;   11.197 ;   0.367 ; RR ; IC   ; 2      ; LABCELL_X16_Y10_N9         ; emu|spath|stub|u_h264_dequant4x4|Mod0|auto_generated|divider|divider|op_4~21|datac                    ;
;   12.046 ;   0.849 ; RR ; CELL ; 1      ; LABCELL_X16_Y10_N9         ; emu|spath|stub|u_h264_dequant4x4|Mod0|auto_generated|divider|divider|op_4~21|cout                     ;
;   12.046 ;   0.000 ; RR ; IC   ; 1      ; LABCELL_X16_Y10_N12        ; emu|spath|stub|u_h264_dequant4x4|Mod0|auto_generated|divider|divider|op_4~10|cin                      ;
;   12.096 ;   0.050 ; RR ; CELL ; 1      ; LABCELL_X16_Y10_N12        ; emu|spath|stub|u_h264_dequant4x4|Mod0|auto_generated|divider|divider|op_4~10|cout                     ;
;   12.096 ;   0.000 ; RR ; IC   ; 1      ; LABCELL_X16_Y10_N15        ; emu|spath|stub|u_h264_dequant4x4|Mod0|auto_generated|divider|divider|op_4~1|cin                       ;
;   12.250 ;   0.154 ; RR ; CELL ; 6      ; LABCELL_X16_Y10_N15        ; emu|spath|stub|u_h264_dequant4x4|Mod0|auto_generated|divider|divider|op_4~1|sumout                    ;
;   12.533 ;   0.283 ; RR ; IC   ; 2      ; LABCELL_X16_Y10_N36        ; emu|spath|stub|u_h264_dequant4x4|Mod0|auto_generated|divider|divider|op_5~5|datab                     ;
;   13.737 ;   1.204 ; RR ; CELL ; 3      ; LABCELL_X16_Y10_N36        ; emu|spath|stub|u_h264_dequant4x4|Mod0|auto_generated|divider|divider|op_5~5|sumout                    ;
;   14.076 ;   0.339 ; RR ; IC   ; 2      ; LABCELL_X17_Y10_N9         ; emu|spath|stub|u_h264_dequant4x4|Mod0|auto_generated|divider|divider|op_6~9|dataf                     ;
;   15.245 ;   1.169 ; RR ; CELL ; 1      ; LABCELL_X17_Y10_N9         ; emu|spath|stub|u_h264_dequant4x4|Mod0|auto_generated|divider|divider|op_6~9|cout                      ;
;   15.245 ;   0.000 ; RR ; IC   ; 1      ; LABCELL_X17_Y10_N12        ; emu|spath|stub|u_h264_dequant4x4|Mod0|auto_generated|divider|divider|op_6~18|cin                      ;
;   15.295 ;   0.050 ; RR ; CELL ; 1      ; LABCELL_X17_Y10_N12        ; emu|spath|stub|u_h264_dequant4x4|Mod0|auto_generated|divider|divider|op_6~18|cout                     ;
;   15.295 ;   0.000 ; RR ; IC   ; 1      ; LABCELL_X17_Y10_N15        ; emu|spath|stub|u_h264_dequant4x4|Mod0|auto_generated|divider|divider|op_6~1|cin                       ;
;   15.449 ;   0.154 ; RR ; CELL ; 7      ; LABCELL_X17_Y10_N15        ; emu|spath|stub|u_h264_dequant4x4|Mod0|auto_generated|divider|divider|op_6~1|sumout                    ;
;   15.716 ;   0.267 ; RR ; IC   ; 1      ; LABCELL_X17_Y10_N30        ; emu|spath|stub|u_h264_dequant4x4|Mod0|auto_generated|divider|divider|StageOut[21]~4|datad             ;
;   16.214 ;   0.498 ; RF ; CELL ; 39     ; LABCELL_X17_Y10_N30        ; emu|spath|stub|u_h264_dequant4x4|Mod0|auto_generated|divider|divider|StageOut[21]~4|combout           ;
;   17.100 ;   0.886 ; FF ; IC   ; 1      ; LABCELL_X18_Y12_N15        ; emu|spath|stub|u_h264_dequant4x4|ShiftLeft1~6|datae                                                   ;
;   17.439 ;   0.339 ; FR ; CELL ; 4      ; LABCELL_X18_Y12_N15        ; emu|spath|stub|u_h264_dequant4x4|ShiftLeft1~6|combout                                                 ;
;   17.670 ;   0.231 ; RR ; IC   ; 1      ; LABCELL_X18_Y12_N18        ; emu|spath|stub|u_h264_dequant4x4|ShiftLeft1~25|datab                                                  ;
;   18.223 ;   0.553 ; RF ; CELL ; 8      ; LABCELL_X18_Y12_N18        ; emu|spath|stub|u_h264_dequant4x4|ShiftLeft1~25|combout                                                ;
;   19.884 ;   1.661 ; FF ; IC   ; 29     ; DSP_X32_Y12_N0             ; emu|spath|stub|u_h264_dequant4x4|Mult6~318|ay[16]                                                     ;
;   23.822 ;   3.938 ; FF ; CELL ; 1      ; DSP_X32_Y12_N0             ; emu|spath|stub|u_h264_dequant4x4|Mult6~318|resulta[32]                                                ;
;   26.034 ;   2.212 ; FF ; IC   ; 14     ; DSP_X32_Y24_N0             ; emu|spath|stub|u_h264_dequant4x4|Mult6~mult_hlmac|by[14]                                              ;
;   28.573 ;   2.539 ; FF ; CELL ; 1      ; DSP_X32_Y24_N0             ; emu|spath|stub|u_h264_dequant4x4|Mult6~mult_hlmac|resulta[0]                                          ;
;   30.015 ;   1.442 ; FF ; IC   ; 2      ; MLABCELL_X21_Y24_N9        ; emu|spath|stub|u_h264_dequant4x4|Add7~13|datad                                                        ;
;   30.949 ;   0.934 ; FF ; CELL ; 3      ; MLABCELL_X21_Y24_N9        ; emu|spath|stub|u_h264_dequant4x4|Add7~13|sumout                                                       ;
;   32.392 ;   1.443 ; FF ; IC   ; 2      ; MLABCELL_X21_Y27_N57       ; emu|spath|stub|u_h264_idct4x4|Add6~49|datac                                                           ;
;   33.272 ;   0.880 ; FR ; CELL ; 1      ; MLABCELL_X21_Y27_N57       ; emu|spath|stub|u_h264_idct4x4|Add6~49|cout                                                            ;
;   33.272 ;   0.000 ; RR ; IC   ; 2      ; MLABCELL_X21_Y26_N0        ; emu|spath|stub|u_h264_idct4x4|Add6~45|cin                                                             ;
;   33.787 ;   0.515 ; RF ; CELL ; 2      ; MLABCELL_X21_Y26_N0        ; emu|spath|stub|u_h264_idct4x4|Add6~45|sumout                                                          ;
;   34.588 ;   0.801 ; FF ; IC   ; 3      ; LABCELL_X17_Y26_N9         ; emu|spath|stub|u_h264_idct4x4|Add23~73|datac                                                          ;
;   35.335 ;   0.747 ; FR ; CELL ; 1      ; LABCELL_X17_Y26_N9         ; emu|spath|stub|u_h264_idct4x4|Add23~73|cout                                                           ;
;   35.335 ;   0.000 ; RR ; IC   ; 2      ; LABCELL_X17_Y26_N12        ; emu|spath|stub|u_h264_idct4x4|Add23~81|cin                                                            ;
;   35.690 ;   0.355 ; RF ; CELL ; 2      ; LABCELL_X17_Y26_N12        ; emu|spath|stub|u_h264_idct4x4|Add23~81|sumout                                                         ;
;   37.548 ;   1.858 ; FF ; IC   ; 2      ; LABCELL_X16_Y31_N54        ; emu|spath|stub|u_h264_idct4x4|Add43~85|datad                                                          ;
;   38.160 ;   0.612 ; FF ; CELL ; 1      ; LABCELL_X16_Y31_N54        ; emu|spath|stub|u_h264_idct4x4|Add43~85|cout                                                           ;
;   38.160 ;   0.000 ; FF ; IC   ; 2      ; LABCELL_X16_Y31_N57        ; emu|spath|stub|u_h264_idct4x4|Add43~77|cin                                                            ;
;   38.160 ;   0.000 ; FF ; CELL ; 1      ; LABCELL_X16_Y31_N57        ; emu|spath|stub|u_h264_idct4x4|Add43~77|cout                                                           ;
;   38.160 ;   0.000 ; FF ; IC   ; 2      ; LABCELL_X16_Y30_N0         ; emu|spath|stub|u_h264_idct4x4|Add43~49|cin                                                            ;
;   38.686 ;   0.526 ; FF ; CELL ; 2      ; LABCELL_X16_Y30_N0         ; emu|spath|stub|u_h264_idct4x4|Add43~49|sumout                                                         ;
;   41.034 ;   2.348 ; FF ; IC   ; 3      ; LABCELL_X17_Y43_N45        ; emu|spath|stub|u_h264_idct4x4|Add59~53|datac                                                          ;
;   41.781 ;   0.747 ; FR ; CELL ; 1      ; LABCELL_X17_Y43_N45        ; emu|spath|stub|u_h264_idct4x4|Add59~53|cout                                                           ;
;   41.781 ;   0.000 ; RR ; IC   ; 2      ; LABCELL_X17_Y43_N48        ; emu|spath|stub|u_h264_idct4x4|Add59~49|cin                                                            ;
;   42.117 ;   0.336 ; RF ; CELL ; 2      ; LABCELL_X17_Y43_N48        ; emu|spath|stub|u_h264_idct4x4|Add59~49|sumout                                                         ;
;   43.459 ;   1.342 ; FF ; IC   ; 2      ; LABCELL_X11_Y42_N0         ; emu|spath|stub|u_h264_recon4x4|Add10~53|datac                                                         ;
;   44.296 ;   0.837 ; FF ; CELL ; 1      ; LABCELL_X11_Y42_N0         ; emu|spath|stub|u_h264_recon4x4|Add10~53|cout                                                          ;
;   44.296 ;   0.000 ; FF ; IC   ; 2      ; LABCELL_X11_Y42_N3         ; emu|spath|stub|u_h264_recon4x4|Add10~57|cin                                                           ;
;   44.296 ;   0.000 ; FF ; CELL ; 1      ; LABCELL_X11_Y42_N3         ; emu|spath|stub|u_h264_recon4x4|Add10~57|cout                                                          ;
;   44.296 ;   0.000 ; FF ; IC   ; 2      ; LABCELL_X11_Y42_N6         ; emu|spath|stub|u_h264_recon4x4|Add10~33|cin                                                           ;
;   44.648 ;   0.352 ; FR ; CELL ; 1      ; LABCELL_X11_Y42_N6         ; emu|spath|stub|u_h264_recon4x4|Add10~33|sumout                                                        ;
;   45.330 ;   0.682 ; RR ; IC   ; 1      ; LABCELL_X11_Y43_N12        ; emu|spath|stub|u_h264_recon4x4|recon[10][7]~99|datad                                                  ;
;   45.824 ;   0.494 ; RF ; CELL ; 1      ; LABCELL_X11_Y43_N12        ; emu|spath|stub|u_h264_recon4x4|recon[10][7]~99|combout                                                ;
;   46.427 ;   0.603 ; FF ; IC   ; 1      ; LABCELL_X11_Y42_N54        ; emu|spath|stub|u_h264_recon4x4|recon[10][7]~100|datac                                                 ;
;   46.910 ;   0.483 ; FF ; CELL ; 1      ; LABCELL_X11_Y42_N54        ; emu|spath|stub|u_h264_recon4x4|recon[10][7]~100|combout                                               ;
;   47.133 ;   0.223 ; FF ; IC   ; 1      ; LABCELL_X11_Y42_N48        ; emu|spath|stub|u_h264_recon4x4|recon[10][7]~32|datac                                                  ;
;   47.647 ;   0.514 ; FF ; CELL ; 5      ; LABCELL_X11_Y42_N48        ; emu|spath|stub|u_h264_recon4x4|recon[10][7]~32|combout                                                ;
;   47.866 ;   0.219 ; FF ; IC   ; 1      ; LABCELL_X11_Y42_N57        ; emu|spath|stub|u_h264_recon4x4|recon[10][7]~33|dataf                                                  ;
;   47.945 ;   0.079 ; FF ; CELL ; 7      ; LABCELL_X11_Y42_N57        ; emu|spath|stub|u_h264_recon4x4|recon[10][7]~33|combout                                                ;
;   48.850 ;   0.905 ; FF ; IC   ; 1      ; LABCELL_X12_Y38_N39        ; emu|spath|stub|recon_sig_comb[1]~57|datae                                                             ;
;   49.150 ;   0.300 ; FF ; CELL ; 1      ; LABCELL_X12_Y38_N39        ; emu|spath|stub|recon_sig_comb[1]~57|combout                                                           ;
;   49.888 ;   0.738 ; FF ; IC   ; 1      ; LABCELL_X11_Y39_N24        ; emu|spath|stub|recon_sig_comb[1]~9|datab                                                              ;
;   50.447 ;   0.559 ; FF ; CELL ; 1      ; LABCELL_X11_Y39_N24        ; emu|spath|stub|recon_sig_comb[1]~9|combout                                                            ;
;   50.803 ;   0.356 ; FF ; IC   ; 1      ; LABCELL_X10_Y39_N24        ; emu|spath|stub|recon_sig~9|datad                                                                      ;
;   51.307 ;   0.504 ; FF ; CELL ; 1      ; LABCELL_X10_Y39_N24        ; emu|spath|stub|recon_sig~9|combout                                                                    ;
;   51.307 ;   0.000 ; FF ; IC   ; 1      ; FF_X10_Y39_N25             ; emu|spath|stub|recon_sig[1]|d                                                                         ;
;   51.567 ;   0.260 ; FF ; CELL ; 1      ; FF_X10_Y39_N25             ; emu:emu|stream_path:spath|decode_stub:stub|recon_sig[1]                                               ;
+----------+---------+----+------+--------+----------------------------+-------------------------------------------------------------------------------------------------------+

+----------------------------------------------------------------------------------------------------------------------------------------------------+
; Data Required Path                                                                                                                                 ;
+----------+----------+----+------+--------+----------------------------+----------------------------------------------------------------------------+
; Total    ; Incr     ; RF ; Type ; Fanout ; Location                   ; Element                                                                    ;
+----------+----------+----+------+--------+----------------------------+----------------------------------------------------------------------------+
; 50.000   ; 50.000   ;    ;      ;        ;                            ; latch edge time                                                            ;
; 58.065   ; 8.065    ;    ;      ;        ;                            ; clock path                                                                 ;
;   50.000 ;   0.000  ;    ;      ;        ;                            ; source latency                                                             ;
;   50.000 ;   0.000  ;    ;      ; 1      ; PIN_Y13                    ; FPGA_CLK2_50                                                               ;
;   50.000 ;   0.000  ; RR ; IC   ; 1      ; IOIBUF_X56_Y0_N1           ; FPGA_CLK2_50~input|i                                                       ;
;   50.761 ;   0.761  ; RR ; CELL ; 2      ; IOIBUF_X56_Y0_N1           ; FPGA_CLK2_50~input|o                                                       ;
;   51.932 ;   1.171  ; RR ; IC   ; 1      ; PLLREFCLKSELECT_X89_Y7_N0  ; emu|pll|pll_inst|altera_pll_i|general[0].gpll~PLL_REFCLK_SELECT|clkin[0]   ;
;   52.240 ;   0.308  ; RR ; CELL ; 1      ; PLLREFCLKSELECT_X89_Y7_N0  ; emu|pll|pll_inst|altera_pll_i|general[0].gpll~PLL_REFCLK_SELECT|clkout     ;
;   52.240 ;   0.000  ; RR ; IC   ; 10     ; FRACTIONALPLL_X89_Y1_N0    ; emu|pll|pll_inst|altera_pll_i|general[0].gpll~FRACTIONAL_PLL|refclkin      ;
;   52.020 ;   -0.220 ; RR ; COMP ; 2      ; FRACTIONALPLL_X89_Y1_N0    ; emu|pll|pll_inst|altera_pll_i|general[0].gpll~FRACTIONAL_PLL|vcoph[0]      ;
;   52.020 ;   0.000  ; RR ; IC   ; 1      ; PLLOUTPUTCOUNTER_X89_Y5_N1 ; emu|pll|pll_inst|altera_pll_i|general[0].gpll~PLL_OUTPUT_COUNTER|vco0ph[0] ;
;   53.486 ;   1.466  ; RR ; CELL ; 3      ; PLLOUTPUTCOUNTER_X89_Y5_N1 ; emu|pll|pll_inst|altera_pll_i|general[0].gpll~PLL_OUTPUT_COUNTER|divclk    ;
;   54.393 ;   0.907  ; RR ; IC   ; 1      ; CLKCTRL_G4                 ; emu|pll|pll_inst|altera_pll_i|outclk_wire[0]~CLKENA0|inclk                 ;
;   54.672 ;   0.279  ; RR ; CELL ; 9021   ; CLKCTRL_G4                 ; emu|pll|pll_inst|altera_pll_i|outclk_wire[0]~CLKENA0|outclk                ;
;   56.617 ;   1.945  ; RR ; IC   ; 1      ; FF_X10_Y39_N25             ; emu|spath|stub|recon_sig[1]|clk                                            ;
;   57.105 ;   0.488  ; RR ; CELL ; 1      ; FF_X10_Y39_N25             ; emu:emu|stream_path:spath|decode_stub:stub|recon_sig[1]                    ;
;   58.065 ;   0.960  ;    ;      ;        ;                            ; clock pessimism removed                                                    ;
; 57.935   ; -0.130   ;    ;      ;        ;                            ; clock uncertainty                                                          ;
; 57.935   ; 0.000    ;    ; uTsu ; 1      ; FF_X10_Y39_N25             ; emu:emu|stream_path:spath|decode_stub:stub|recon_sig[1]                    ;
+----------+----------+----+------+--------+----------------------------+----------------------------------------------------------------------------+

----------------------------
; Extra Fitter Information ;
----------------------------
HTML report is unavailable in plain text report export.


Path #9: Setup slack is 6.368 
===============================================================================
+----------------------------------------------------------------------------------------------+
; Path Summary                                                                                 ;
+--------------------+-------------------------------------------------------------------------+
; Property           ; Value                                                                   ;
+--------------------+-------------------------------------------------------------------------+
; From Node          ; emu:emu|stream_path:spath|decode_stub:stub|lat_qp[4]                    ;
; To Node            ; emu:emu|stream_path:spath|decode_stub:stub|recon_sig[1]                 ;
; Launch Clock       ; emu|pll|pll_inst|altera_pll_i|general[0].gpll~PLL_OUTPUT_COUNTER|divclk ;
; Latch Clock        ; emu|pll|pll_inst|altera_pll_i|general[0].gpll~PLL_OUTPUT_COUNTER|divclk ;
; Data Arrival Time  ; 51.567                                                                  ;
; Data Required Time ; 57.935                                                                  ;
; Slack              ; 6.368                                                                   ;
+--------------------+-------------------------------------------------------------------------+

+--------------------------------------------------------------------------------------+
; Statistics                                                                           ;
+------------------------+--------+-------+-------------+------------+--------+--------+
; Property               ; Value  ; Count ; Total Delay ; % of Total ; Min    ; Max    ;
+------------------------+--------+-------+-------------+------------+--------+--------+
; Setup Relationship     ; 50.000 ;       ;             ;            ;        ;        ;
; Clock Skew             ; -0.434 ;       ;             ;            ;        ;        ;
; Data Delay             ; 43.068 ;       ;             ;            ;        ;        ;
; Number of Logic Levels ;        ; 23    ;             ;            ;        ;        ;
; Physical Delays        ;        ;       ;             ;            ;        ;        ;
;  Arrival Path          ;        ;       ;             ;            ;        ;        ;
;   Clock                ;        ;       ;             ;            ;        ;        ;
;    IC                  ;        ; 6     ; 4.679       ; 55         ; 0.000  ; 2.306  ;
;    Cell                ;        ; 6     ; 3.820       ; 45         ; 0.116  ; 1.745  ;
;   Data                 ;        ;       ;             ;            ;        ;        ;
;    IC                  ;        ; 35    ; 19.881      ; 46         ; 0.000  ; 2.348  ;
;    Cell                ;        ; 36    ; 23.187      ; 54         ; 0.000  ; 3.938  ;
;    uTco                ;        ; 1     ; 0.000       ; 0          ; 0.000  ; 0.000  ;
;  Required Path         ;        ;       ;             ;            ;        ;        ;
;   Clock                ;        ;       ;             ;            ;        ;        ;
;    IC                  ;        ; 6     ; 4.023       ; 55         ; 0.000  ; 1.945  ;
;    Cell                ;        ; 5     ; 3.302       ; 45         ; 0.279  ; 1.466  ;
;    PLL Compensation    ;        ; 1     ; -0.220      ; 0          ; -0.220 ; -0.220 ;
+------------------------+--------+-------+-------------+------------+--------+--------+
Note: Negative delays are omitted from totals when calculating percentages

+------------------------------------------------------------------------------------------------------------------------------------------------------------------------------+
; Data Arrival Path                                                                                                                                                            ;
+----------+---------+----+------+--------+----------------------------+-------------------------------------------------------------------------------------------------------+
; Total    ; Incr    ; RF ; Type ; Fanout ; Location                   ; Element                                                                                               ;
+----------+---------+----+------+--------+----------------------------+-------------------------------------------------------------------------------------------------------+
; 0.000    ; 0.000   ;    ;      ;        ;                            ; launch edge time                                                                                      ;
; 8.499    ; 8.499   ;    ;      ;        ;                            ; clock path                                                                                            ;
;   0.000  ;   0.000 ;    ;      ;        ;                            ; source latency                                                                                        ;
;   0.000  ;   0.000 ;    ;      ; 1      ; PIN_Y13                    ; FPGA_CLK2_50                                                                                          ;
;   0.000  ;   0.000 ; RR ; IC   ; 1      ; IOIBUF_X56_Y0_N1           ; FPGA_CLK2_50~input|i                                                                                  ;
;   0.761  ;   0.761 ; RR ; CELL ; 2      ; IOIBUF_X56_Y0_N1           ; FPGA_CLK2_50~input|o                                                                                  ;
;   2.096  ;   1.335 ; RR ; IC   ; 1      ; PLLREFCLKSELECT_X89_Y7_N0  ; emu|pll|pll_inst|altera_pll_i|general[0].gpll~PLL_REFCLK_SELECT|clkin[0]                              ;
;   2.429  ;   0.333 ; RR ; CELL ; 1      ; PLLREFCLKSELECT_X89_Y7_N0  ; emu|pll|pll_inst|altera_pll_i|general[0].gpll~PLL_REFCLK_SELECT|clkout                                ;
;   2.429  ;   0.000 ; RR ; IC   ; 10     ; FRACTIONALPLL_X89_Y1_N0    ; emu|pll|pll_inst|altera_pll_i|general[0].gpll~FRACTIONAL_PLL|refclkin                                 ;
;   2.545  ;   0.116 ; RR ; CELL ; 2      ; FRACTIONALPLL_X89_Y1_N0    ; emu|pll|pll_inst|altera_pll_i|general[0].gpll~FRACTIONAL_PLL|vcoph[0]                                 ;
;   2.545  ;   0.000 ; RR ; IC   ; 1      ; PLLOUTPUTCOUNTER_X89_Y5_N1 ; emu|pll|pll_inst|altera_pll_i|general[0].gpll~PLL_OUTPUT_COUNTER|vco0ph[0]                            ;
;   4.290  ;   1.745 ; RR ; CELL ; 3      ; PLLOUTPUTCOUNTER_X89_Y5_N1 ; emu|pll|pll_inst|altera_pll_i|general[0].gpll~PLL_OUTPUT_COUNTER|divclk                               ;
;   5.328  ;   1.038 ; RR ; IC   ; 1      ; CLKCTRL_G4                 ; emu|pll|pll_inst|altera_pll_i|outclk_wire[0]~CLKENA0|inclk                                            ;
;   5.632  ;   0.304 ; RR ; CELL ; 9021   ; CLKCTRL_G4                 ; emu|pll|pll_inst|altera_pll_i|outclk_wire[0]~CLKENA0|outclk                                           ;
;   7.938  ;   2.306 ; RR ; IC   ; 1      ; FF_X15_Y10_N50             ; emu|spath|stub|lat_qp[4]|clk                                                                          ;
;   8.499  ;   0.561 ; RR ; CELL ; 1      ; FF_X15_Y10_N50             ; emu:emu|stream_path:spath|decode_stub:stub|lat_qp[4]                                                  ;
; 51.567   ; 43.068  ;    ;      ;        ;                            ; data path                                                                                             ;
;   8.499  ;   0.000 ;    ; uTco ; 1      ; FF_X15_Y10_N50             ; emu:emu|stream_path:spath|decode_stub:stub|lat_qp[4]                                                  ;
;   8.499  ;   0.000 ; RR ; CELL ; 4      ; FF_X15_Y10_N50             ; emu|spath|stub|lat_qp[4]|q                                                                            ;
;   8.807  ;   0.308 ; RR ; IC   ; 2      ; MLABCELL_X15_Y10_N3        ; emu|spath|stub|u_h264_dequant4x4|Mod0|auto_generated|divider|divider|add_sub_2_result_int[1]~9|dataa  ;
;   10.057 ;   1.250 ; RR ; CELL ; 1      ; MLABCELL_X15_Y10_N3        ; emu|spath|stub|u_h264_dequant4x4|Mod0|auto_generated|divider|divider|add_sub_2_result_int[1]~9|sumout ;
;   10.416 ;   0.359 ; RR ; IC   ; 1      ; LABCELL_X16_Y10_N51        ; emu|spath|stub|u_h264_dequant4x4|Mod0|auto_generated|divider|divider|StageOut[9]~9|datac              ;
;   10.830 ;   0.414 ; RR ; CELL ; 2      ; LABCELL_X16_Y10_N51        ; emu|spath|stub|u_h264_dequant4x4|Mod0|auto_generated|divider|divider|StageOut[9]~9|combout            ;
;   11.197 ;   0.367 ; RR ; IC   ; 2      ; LABCELL_X16_Y10_N9         ; emu|spath|stub|u_h264_dequant4x4|Mod0|auto_generated|divider|divider|op_4~21|datac                    ;
;   12.046 ;   0.849 ; RR ; CELL ; 1      ; LABCELL_X16_Y10_N9         ; emu|spath|stub|u_h264_dequant4x4|Mod0|auto_generated|divider|divider|op_4~21|cout                     ;
;   12.046 ;   0.000 ; RR ; IC   ; 1      ; LABCELL_X16_Y10_N12        ; emu|spath|stub|u_h264_dequant4x4|Mod0|auto_generated|divider|divider|op_4~10|cin                      ;
;   12.096 ;   0.050 ; RR ; CELL ; 1      ; LABCELL_X16_Y10_N12        ; emu|spath|stub|u_h264_dequant4x4|Mod0|auto_generated|divider|divider|op_4~10|cout                     ;
;   12.096 ;   0.000 ; RR ; IC   ; 1      ; LABCELL_X16_Y10_N15        ; emu|spath|stub|u_h264_dequant4x4|Mod0|auto_generated|divider|divider|op_4~1|cin                       ;
;   12.250 ;   0.154 ; RR ; CELL ; 6      ; LABCELL_X16_Y10_N15        ; emu|spath|stub|u_h264_dequant4x4|Mod0|auto_generated|divider|divider|op_4~1|sumout                    ;
;   12.533 ;   0.283 ; RR ; IC   ; 2      ; LABCELL_X16_Y10_N39        ; emu|spath|stub|u_h264_dequant4x4|Mod0|auto_generated|divider|divider|op_5~21|datab                    ;
;   13.595 ;   1.062 ; RR ; CELL ; 1      ; LABCELL_X16_Y10_N39        ; emu|spath|stub|u_h264_dequant4x4|Mod0|auto_generated|divider|divider|op_5~21|cout                     ;
;   13.595 ;   0.000 ; RR ; IC   ; 1      ; LABCELL_X16_Y10_N42        ; emu|spath|stub|u_h264_dequant4x4|Mod0|auto_generated|divider|divider|op_5~14|cin                      ;
;   13.645 ;   0.050 ; RR ; CELL ; 1      ; LABCELL_X16_Y10_N42        ; emu|spath|stub|u_h264_dequant4x4|Mod0|auto_generated|divider|divider|op_5~14|cout                     ;
;   13.645 ;   0.000 ; RR ; IC   ; 1      ; LABCELL_X16_Y10_N45        ; emu|spath|stub|u_h264_dequant4x4|Mod0|auto_generated|divider|divider|op_5~1|cin                       ;
;   13.799 ;   0.154 ; RR ; CELL ; 7      ; LABCELL_X16_Y10_N45        ; emu|spath|stub|u_h264_dequant4x4|Mod0|auto_generated|divider|divider|op_5~1|sumout                    ;
;   14.135 ;   0.336 ; RR ; IC   ; 2      ; LABCELL_X17_Y10_N9         ; emu|spath|stub|u_h264_dequant4x4|Mod0|auto_generated|divider|divider|op_6~9|dataa                     ;
;   15.438 ;   1.303 ; RF ; CELL ; 5      ; LABCELL_X17_Y10_N9         ; emu|spath|stub|u_h264_dequant4x4|Mod0|auto_generated|divider|divider|op_6~9|sumout                    ;
;   15.831 ;   0.393 ; FF ; IC   ; 1      ; LABCELL_X17_Y10_N24        ; emu|spath|stub|u_h264_dequant4x4|Mod0|auto_generated|divider|divider|StageOut[22]~3|datae             ;
;   16.055 ;   0.224 ; FF ; CELL ; 42     ; LABCELL_X17_Y10_N24        ; emu|spath|stub|u_h264_dequant4x4|Mod0|auto_generated|divider|divider|StageOut[22]~3|combout           ;
;   16.923 ;   0.868 ; FF ; IC   ; 1      ; LABCELL_X18_Y12_N15        ; emu|spath|stub|u_h264_dequant4x4|ShiftLeft1~6|datab                                                   ;
;   17.497 ;   0.574 ; FR ; CELL ; 4      ; LABCELL_X18_Y12_N15        ; emu|spath|stub|u_h264_dequant4x4|ShiftLeft1~6|combout                                                 ;
;   17.728 ;   0.231 ; RR ; IC   ; 1      ; LABCELL_X18_Y12_N18        ; emu|spath|stub|u_h264_dequant4x4|ShiftLeft1~25|datab                                                  ;
;   18.281 ;   0.553 ; RF ; CELL ; 8      ; LABCELL_X18_Y12_N18        ; emu|spath|stub|u_h264_dequant4x4|ShiftLeft1~25|combout                                                ;
;   19.942 ;   1.661 ; FF ; IC   ; 29     ; DSP_X32_Y12_N0             ; emu|spath|stub|u_h264_dequant4x4|Mult6~318|ay[16]                                                     ;
;   23.880 ;   3.938 ; FF ; CELL ; 21     ; DSP_X32_Y12_N0             ; emu|spath|stub|u_h264_dequant4x4|Mult6~318|resulta[33]                                                ;
;   25.995 ;   2.115 ; FF ; IC   ; 14     ; DSP_X32_Y24_N0             ; emu|spath|stub|u_h264_dequant4x4|Mult6~mult_hlmac|bx[0]                                               ;
;   28.573 ;   2.578 ; FF ; CELL ; 1      ; DSP_X32_Y24_N0             ; emu|spath|stub|u_h264_dequant4x4|Mult6~mult_hlmac|resulta[0]                                          ;
;   30.015 ;   1.442 ; FF ; IC   ; 2      ; MLABCELL_X21_Y24_N9        ; emu|spath|stub|u_h264_dequant4x4|Add7~13|datad                                                        ;
;   30.949 ;   0.934 ; FF ; CELL ; 3      ; MLABCELL_X21_Y24_N9        ; emu|spath|stub|u_h264_dequant4x4|Add7~13|sumout                                                       ;
;   32.392 ;   1.443 ; FF ; IC   ; 2      ; MLABCELL_X21_Y27_N57       ; emu|spath|stub|u_h264_idct4x4|Add6~49|datac                                                           ;
;   33.272 ;   0.880 ; FR ; CELL ; 1      ; MLABCELL_X21_Y27_N57       ; emu|spath|stub|u_h264_idct4x4|Add6~49|cout                                                            ;
;   33.272 ;   0.000 ; RR ; IC   ; 2      ; MLABCELL_X21_Y26_N0        ; emu|spath|stub|u_h264_idct4x4|Add6~45|cin                                                             ;
;   33.787 ;   0.515 ; RF ; CELL ; 2      ; MLABCELL_X21_Y26_N0        ; emu|spath|stub|u_h264_idct4x4|Add6~45|sumout                                                          ;
;   34.588 ;   0.801 ; FF ; IC   ; 3      ; LABCELL_X17_Y26_N9         ; emu|spath|stub|u_h264_idct4x4|Add23~73|datac                                                          ;
;   35.335 ;   0.747 ; FR ; CELL ; 1      ; LABCELL_X17_Y26_N9         ; emu|spath|stub|u_h264_idct4x4|Add23~73|cout                                                           ;
;   35.335 ;   0.000 ; RR ; IC   ; 2      ; LABCELL_X17_Y26_N12        ; emu|spath|stub|u_h264_idct4x4|Add23~81|cin                                                            ;
;   35.690 ;   0.355 ; RF ; CELL ; 2      ; LABCELL_X17_Y26_N12        ; emu|spath|stub|u_h264_idct4x4|Add23~81|sumout                                                         ;
;   37.548 ;   1.858 ; FF ; IC   ; 2      ; LABCELL_X16_Y31_N54        ; emu|spath|stub|u_h264_idct4x4|Add43~85|datad                                                          ;
;   38.160 ;   0.612 ; FF ; CELL ; 1      ; LABCELL_X16_Y31_N54        ; emu|spath|stub|u_h264_idct4x4|Add43~85|cout                                                           ;
;   38.160 ;   0.000 ; FF ; IC   ; 2      ; LABCELL_X16_Y31_N57        ; emu|spath|stub|u_h264_idct4x4|Add43~77|cin                                                            ;
;   38.160 ;   0.000 ; FF ; CELL ; 1      ; LABCELL_X16_Y31_N57        ; emu|spath|stub|u_h264_idct4x4|Add43~77|cout                                                           ;
;   38.160 ;   0.000 ; FF ; IC   ; 2      ; LABCELL_X16_Y30_N0         ; emu|spath|stub|u_h264_idct4x4|Add43~49|cin                                                            ;
;   38.686 ;   0.526 ; FF ; CELL ; 2      ; LABCELL_X16_Y30_N0         ; emu|spath|stub|u_h264_idct4x4|Add43~49|sumout                                                         ;
;   41.034 ;   2.348 ; FF ; IC   ; 3      ; LABCELL_X17_Y43_N45        ; emu|spath|stub|u_h264_idct4x4|Add59~53|datac                                                          ;
;   41.781 ;   0.747 ; FR ; CELL ; 1      ; LABCELL_X17_Y43_N45        ; emu|spath|stub|u_h264_idct4x4|Add59~53|cout                                                           ;
;   41.781 ;   0.000 ; RR ; IC   ; 2      ; LABCELL_X17_Y43_N48        ; emu|spath|stub|u_h264_idct4x4|Add59~49|cin                                                            ;
;   42.117 ;   0.336 ; RF ; CELL ; 2      ; LABCELL_X17_Y43_N48        ; emu|spath|stub|u_h264_idct4x4|Add59~49|sumout                                                         ;
;   43.459 ;   1.342 ; FF ; IC   ; 2      ; LABCELL_X11_Y42_N0         ; emu|spath|stub|u_h264_recon4x4|Add10~53|datac                                                         ;
;   44.296 ;   0.837 ; FF ; CELL ; 1      ; LABCELL_X11_Y42_N0         ; emu|spath|stub|u_h264_recon4x4|Add10~53|cout                                                          ;
;   44.296 ;   0.000 ; FF ; IC   ; 2      ; LABCELL_X11_Y42_N3         ; emu|spath|stub|u_h264_recon4x4|Add10~57|cin                                                           ;
;   44.296 ;   0.000 ; FF ; CELL ; 1      ; LABCELL_X11_Y42_N3         ; emu|spath|stub|u_h264_recon4x4|Add10~57|cout                                                          ;
;   44.296 ;   0.000 ; FF ; IC   ; 2      ; LABCELL_X11_Y42_N6         ; emu|spath|stub|u_h264_recon4x4|Add10~33|cin                                                           ;
;   44.648 ;   0.352 ; FR ; CELL ; 1      ; LABCELL_X11_Y42_N6         ; emu|spath|stub|u_h264_recon4x4|Add10~33|sumout                                                        ;
;   45.330 ;   0.682 ; RR ; IC   ; 1      ; LABCELL_X11_Y43_N12        ; emu|spath|stub|u_h264_recon4x4|recon[10][7]~99|datad                                                  ;
;   45.824 ;   0.494 ; RF ; CELL ; 1      ; LABCELL_X11_Y43_N12        ; emu|spath|stub|u_h264_recon4x4|recon[10][7]~99|combout                                                ;
;   46.427 ;   0.603 ; FF ; IC   ; 1      ; LABCELL_X11_Y42_N54        ; emu|spath|stub|u_h264_recon4x4|recon[10][7]~100|datac                                                 ;
;   46.910 ;   0.483 ; FF ; CELL ; 1      ; LABCELL_X11_Y42_N54        ; emu|spath|stub|u_h264_recon4x4|recon[10][7]~100|combout                                               ;
;   47.133 ;   0.223 ; FF ; IC   ; 1      ; LABCELL_X11_Y42_N48        ; emu|spath|stub|u_h264_recon4x4|recon[10][7]~32|datac                                                  ;
;   47.647 ;   0.514 ; FF ; CELL ; 5      ; LABCELL_X11_Y42_N48        ; emu|spath|stub|u_h264_recon4x4|recon[10][7]~32|combout                                                ;
;   47.866 ;   0.219 ; FF ; IC   ; 1      ; LABCELL_X11_Y42_N57        ; emu|spath|stub|u_h264_recon4x4|recon[10][7]~33|dataf                                                  ;
;   47.945 ;   0.079 ; FF ; CELL ; 7      ; LABCELL_X11_Y42_N57        ; emu|spath|stub|u_h264_recon4x4|recon[10][7]~33|combout                                                ;
;   48.850 ;   0.905 ; FF ; IC   ; 1      ; LABCELL_X12_Y38_N39        ; emu|spath|stub|recon_sig_comb[1]~57|datae                                                             ;
;   49.150 ;   0.300 ; FF ; CELL ; 1      ; LABCELL_X12_Y38_N39        ; emu|spath|stub|recon_sig_comb[1]~57|combout                                                           ;
;   49.888 ;   0.738 ; FF ; IC   ; 1      ; LABCELL_X11_Y39_N24        ; emu|spath|stub|recon_sig_comb[1]~9|datab                                                              ;
;   50.447 ;   0.559 ; FF ; CELL ; 1      ; LABCELL_X11_Y39_N24        ; emu|spath|stub|recon_sig_comb[1]~9|combout                                                            ;
;   50.803 ;   0.356 ; FF ; IC   ; 1      ; LABCELL_X10_Y39_N24        ; emu|spath|stub|recon_sig~9|datad                                                                      ;
;   51.307 ;   0.504 ; FF ; CELL ; 1      ; LABCELL_X10_Y39_N24        ; emu|spath|stub|recon_sig~9|combout                                                                    ;
;   51.307 ;   0.000 ; FF ; IC   ; 1      ; FF_X10_Y39_N25             ; emu|spath|stub|recon_sig[1]|d                                                                         ;
;   51.567 ;   0.260 ; FF ; CELL ; 1      ; FF_X10_Y39_N25             ; emu:emu|stream_path:spath|decode_stub:stub|recon_sig[1]                                               ;
+----------+---------+----+------+--------+----------------------------+-------------------------------------------------------------------------------------------------------+

+----------------------------------------------------------------------------------------------------------------------------------------------------+
; Data Required Path                                                                                                                                 ;
+----------+----------+----+------+--------+----------------------------+----------------------------------------------------------------------------+
; Total    ; Incr     ; RF ; Type ; Fanout ; Location                   ; Element                                                                    ;
+----------+----------+----+------+--------+----------------------------+----------------------------------------------------------------------------+
; 50.000   ; 50.000   ;    ;      ;        ;                            ; latch edge time                                                            ;
; 58.065   ; 8.065    ;    ;      ;        ;                            ; clock path                                                                 ;
;   50.000 ;   0.000  ;    ;      ;        ;                            ; source latency                                                             ;
;   50.000 ;   0.000  ;    ;      ; 1      ; PIN_Y13                    ; FPGA_CLK2_50                                                               ;
;   50.000 ;   0.000  ; RR ; IC   ; 1      ; IOIBUF_X56_Y0_N1           ; FPGA_CLK2_50~input|i                                                       ;
;   50.761 ;   0.761  ; RR ; CELL ; 2      ; IOIBUF_X56_Y0_N1           ; FPGA_CLK2_50~input|o                                                       ;
;   51.932 ;   1.171  ; RR ; IC   ; 1      ; PLLREFCLKSELECT_X89_Y7_N0  ; emu|pll|pll_inst|altera_pll_i|general[0].gpll~PLL_REFCLK_SELECT|clkin[0]   ;
;   52.240 ;   0.308  ; RR ; CELL ; 1      ; PLLREFCLKSELECT_X89_Y7_N0  ; emu|pll|pll_inst|altera_pll_i|general[0].gpll~PLL_REFCLK_SELECT|clkout     ;
;   52.240 ;   0.000  ; RR ; IC   ; 10     ; FRACTIONALPLL_X89_Y1_N0    ; emu|pll|pll_inst|altera_pll_i|general[0].gpll~FRACTIONAL_PLL|refclkin      ;
;   52.020 ;   -0.220 ; RR ; COMP ; 2      ; FRACTIONALPLL_X89_Y1_N0    ; emu|pll|pll_inst|altera_pll_i|general[0].gpll~FRACTIONAL_PLL|vcoph[0]      ;
;   52.020 ;   0.000  ; RR ; IC   ; 1      ; PLLOUTPUTCOUNTER_X89_Y5_N1 ; emu|pll|pll_inst|altera_pll_i|general[0].gpll~PLL_OUTPUT_COUNTER|vco0ph[0] ;
;   53.486 ;   1.466  ; RR ; CELL ; 3      ; PLLOUTPUTCOUNTER_X89_Y5_N1 ; emu|pll|pll_inst|altera_pll_i|general[0].gpll~PLL_OUTPUT_COUNTER|divclk    ;
;   54.393 ;   0.907  ; RR ; IC   ; 1      ; CLKCTRL_G4                 ; emu|pll|pll_inst|altera_pll_i|outclk_wire[0]~CLKENA0|inclk                 ;
;   54.672 ;   0.279  ; RR ; CELL ; 9021   ; CLKCTRL_G4                 ; emu|pll|pll_inst|altera_pll_i|outclk_wire[0]~CLKENA0|outclk                ;
;   56.617 ;   1.945  ; RR ; IC   ; 1      ; FF_X10_Y39_N25             ; emu|spath|stub|recon_sig[1]|clk                                            ;
;   57.105 ;   0.488  ; RR ; CELL ; 1      ; FF_X10_Y39_N25             ; emu:emu|stream_path:spath|decode_stub:stub|recon_sig[1]                    ;
;   58.065 ;   0.960  ;    ;      ;        ;                            ; clock pessimism removed                                                    ;
; 57.935   ; -0.130   ;    ;      ;        ;                            ; clock uncertainty                                                          ;
; 57.935   ; 0.000    ;    ; uTsu ; 1      ; FF_X10_Y39_N25             ; emu:emu|stream_path:spath|decode_stub:stub|recon_sig[1]                    ;
+----------+----------+----+------+--------+----------------------------+----------------------------------------------------------------------------+

----------------------------
; Extra Fitter Information ;
----------------------------
HTML report is unavailable in plain text report export.


Path #10: Setup slack is 6.368 
===============================================================================
+----------------------------------------------------------------------------------------------+
; Path Summary                                                                                 ;
+--------------------+-------------------------------------------------------------------------+
; Property           ; Value                                                                   ;
+--------------------+-------------------------------------------------------------------------+
; From Node          ; emu:emu|stream_path:spath|decode_stub:stub|lat_qp[4]                    ;
; To Node            ; emu:emu|stream_path:spath|decode_stub:stub|recon_sig[1]                 ;
; Launch Clock       ; emu|pll|pll_inst|altera_pll_i|general[0].gpll~PLL_OUTPUT_COUNTER|divclk ;
; Latch Clock        ; emu|pll|pll_inst|altera_pll_i|general[0].gpll~PLL_OUTPUT_COUNTER|divclk ;
; Data Arrival Time  ; 51.567                                                                  ;
; Data Required Time ; 57.935                                                                  ;
; Slack              ; 6.368                                                                   ;
+--------------------+-------------------------------------------------------------------------+

+--------------------------------------------------------------------------------------+
; Statistics                                                                           ;
+------------------------+--------+-------+-------------+------------+--------+--------+
; Property               ; Value  ; Count ; Total Delay ; % of Total ; Min    ; Max    ;
+------------------------+--------+-------+-------------+------------+--------+--------+
; Setup Relationship     ; 50.000 ;       ;             ;            ;        ;        ;
; Clock Skew             ; -0.434 ;       ;             ;            ;        ;        ;
; Data Delay             ; 43.068 ;       ;             ;            ;        ;        ;
; Number of Logic Levels ;        ; 23    ;             ;            ;        ;        ;
; Physical Delays        ;        ;       ;             ;            ;        ;        ;
;  Arrival Path          ;        ;       ;             ;            ;        ;        ;
;   Clock                ;        ;       ;             ;            ;        ;        ;
;    IC                  ;        ; 6     ; 4.679       ; 55         ; 0.000  ; 2.306  ;
;    Cell                ;        ; 6     ; 3.820       ; 45         ; 0.116  ; 1.745  ;
;   Data                 ;        ;       ;             ;            ;        ;        ;
;    IC                  ;        ; 35    ; 19.881      ; 46         ; 0.000  ; 2.348  ;
;    Cell                ;        ; 36    ; 23.187      ; 54         ; 0.000  ; 3.938  ;
;    uTco                ;        ; 1     ; 0.000       ; 0          ; 0.000  ; 0.000  ;
;  Required Path         ;        ;       ;             ;            ;        ;        ;
;   Clock                ;        ;       ;             ;            ;        ;        ;
;    IC                  ;        ; 6     ; 4.023       ; 55         ; 0.000  ; 1.945  ;
;    Cell                ;        ; 5     ; 3.302       ; 45         ; 0.279  ; 1.466  ;
;    PLL Compensation    ;        ; 1     ; -0.220      ; 0          ; -0.220 ; -0.220 ;
+------------------------+--------+-------+-------------+------------+--------+--------+
Note: Negative delays are omitted from totals when calculating percentages

+------------------------------------------------------------------------------------------------------------------------------------------------------------------------------+
; Data Arrival Path                                                                                                                                                            ;
+----------+---------+----+------+--------+----------------------------+-------------------------------------------------------------------------------------------------------+
; Total    ; Incr    ; RF ; Type ; Fanout ; Location                   ; Element                                                                                               ;
+----------+---------+----+------+--------+----------------------------+-------------------------------------------------------------------------------------------------------+
; 0.000    ; 0.000   ;    ;      ;        ;                            ; launch edge time                                                                                      ;
; 8.499    ; 8.499   ;    ;      ;        ;                            ; clock path                                                                                            ;
;   0.000  ;   0.000 ;    ;      ;        ;                            ; source latency                                                                                        ;
;   0.000  ;   0.000 ;    ;      ; 1      ; PIN_Y13                    ; FPGA_CLK2_50                                                                                          ;
;   0.000  ;   0.000 ; RR ; IC   ; 1      ; IOIBUF_X56_Y0_N1           ; FPGA_CLK2_50~input|i                                                                                  ;
;   0.761  ;   0.761 ; RR ; CELL ; 2      ; IOIBUF_X56_Y0_N1           ; FPGA_CLK2_50~input|o                                                                                  ;
;   2.096  ;   1.335 ; RR ; IC   ; 1      ; PLLREFCLKSELECT_X89_Y7_N0  ; emu|pll|pll_inst|altera_pll_i|general[0].gpll~PLL_REFCLK_SELECT|clkin[0]                              ;
;   2.429  ;   0.333 ; RR ; CELL ; 1      ; PLLREFCLKSELECT_X89_Y7_N0  ; emu|pll|pll_inst|altera_pll_i|general[0].gpll~PLL_REFCLK_SELECT|clkout                                ;
;   2.429  ;   0.000 ; RR ; IC   ; 10     ; FRACTIONALPLL_X89_Y1_N0    ; emu|pll|pll_inst|altera_pll_i|general[0].gpll~FRACTIONAL_PLL|refclkin                                 ;
;   2.545  ;   0.116 ; RR ; CELL ; 2      ; FRACTIONALPLL_X89_Y1_N0    ; emu|pll|pll_inst|altera_pll_i|general[0].gpll~FRACTIONAL_PLL|vcoph[0]                                 ;
;   2.545  ;   0.000 ; RR ; IC   ; 1      ; PLLOUTPUTCOUNTER_X89_Y5_N1 ; emu|pll|pll_inst|altera_pll_i|general[0].gpll~PLL_OUTPUT_COUNTER|vco0ph[0]                            ;
;   4.290  ;   1.745 ; RR ; CELL ; 3      ; PLLOUTPUTCOUNTER_X89_Y5_N1 ; emu|pll|pll_inst|altera_pll_i|general[0].gpll~PLL_OUTPUT_COUNTER|divclk                               ;
;   5.328  ;   1.038 ; RR ; IC   ; 1      ; CLKCTRL_G4                 ; emu|pll|pll_inst|altera_pll_i|outclk_wire[0]~CLKENA0|inclk                                            ;
;   5.632  ;   0.304 ; RR ; CELL ; 9021   ; CLKCTRL_G4                 ; emu|pll|pll_inst|altera_pll_i|outclk_wire[0]~CLKENA0|outclk                                           ;
;   7.938  ;   2.306 ; RR ; IC   ; 1      ; FF_X15_Y10_N50             ; emu|spath|stub|lat_qp[4]|clk                                                                          ;
;   8.499  ;   0.561 ; RR ; CELL ; 1      ; FF_X15_Y10_N50             ; emu:emu|stream_path:spath|decode_stub:stub|lat_qp[4]                                                  ;
; 51.567   ; 43.068  ;    ;      ;        ;                            ; data path                                                                                             ;
;   8.499  ;   0.000 ;    ; uTco ; 1      ; FF_X15_Y10_N50             ; emu:emu|stream_path:spath|decode_stub:stub|lat_qp[4]                                                  ;
;   8.499  ;   0.000 ; RR ; CELL ; 4      ; FF_X15_Y10_N50             ; emu|spath|stub|lat_qp[4]|q                                                                            ;
;   8.807  ;   0.308 ; RR ; IC   ; 2      ; MLABCELL_X15_Y10_N3        ; emu|spath|stub|u_h264_dequant4x4|Mod0|auto_generated|divider|divider|add_sub_2_result_int[1]~9|dataa  ;
;   10.057 ;   1.250 ; RR ; CELL ; 1      ; MLABCELL_X15_Y10_N3        ; emu|spath|stub|u_h264_dequant4x4|Mod0|auto_generated|divider|divider|add_sub_2_result_int[1]~9|sumout ;
;   10.416 ;   0.359 ; RR ; IC   ; 1      ; LABCELL_X16_Y10_N51        ; emu|spath|stub|u_h264_dequant4x4|Mod0|auto_generated|divider|divider|StageOut[9]~9|datac              ;
;   10.830 ;   0.414 ; RR ; CELL ; 2      ; LABCELL_X16_Y10_N51        ; emu|spath|stub|u_h264_dequant4x4|Mod0|auto_generated|divider|divider|StageOut[9]~9|combout            ;
;   11.197 ;   0.367 ; RR ; IC   ; 2      ; LABCELL_X16_Y10_N9         ; emu|spath|stub|u_h264_dequant4x4|Mod0|auto_generated|divider|divider|op_4~21|datac                    ;
;   12.046 ;   0.849 ; RR ; CELL ; 1      ; LABCELL_X16_Y10_N9         ; emu|spath|stub|u_h264_dequant4x4|Mod0|auto_generated|divider|divider|op_4~21|cout                     ;
;   12.046 ;   0.000 ; RR ; IC   ; 1      ; LABCELL_X16_Y10_N12        ; emu|spath|stub|u_h264_dequant4x4|Mod0|auto_generated|divider|divider|op_4~10|cin                      ;
;   12.096 ;   0.050 ; RR ; CELL ; 1      ; LABCELL_X16_Y10_N12        ; emu|spath|stub|u_h264_dequant4x4|Mod0|auto_generated|divider|divider|op_4~10|cout                     ;
;   12.096 ;   0.000 ; RR ; IC   ; 1      ; LABCELL_X16_Y10_N15        ; emu|spath|stub|u_h264_dequant4x4|Mod0|auto_generated|divider|divider|op_4~1|cin                       ;
;   12.250 ;   0.154 ; RR ; CELL ; 6      ; LABCELL_X16_Y10_N15        ; emu|spath|stub|u_h264_dequant4x4|Mod0|auto_generated|divider|divider|op_4~1|sumout                    ;
;   12.533 ;   0.283 ; RR ; IC   ; 2      ; LABCELL_X16_Y10_N39        ; emu|spath|stub|u_h264_dequant4x4|Mod0|auto_generated|divider|divider|op_5~21|datab                    ;
;   13.595 ;   1.062 ; RR ; CELL ; 1      ; LABCELL_X16_Y10_N39        ; emu|spath|stub|u_h264_dequant4x4|Mod0|auto_generated|divider|divider|op_5~21|cout                     ;
;   13.595 ;   0.000 ; RR ; IC   ; 1      ; LABCELL_X16_Y10_N42        ; emu|spath|stub|u_h264_dequant4x4|Mod0|auto_generated|divider|divider|op_5~14|cin                      ;
;   13.645 ;   0.050 ; RR ; CELL ; 1      ; LABCELL_X16_Y10_N42        ; emu|spath|stub|u_h264_dequant4x4|Mod0|auto_generated|divider|divider|op_5~14|cout                     ;
;   13.645 ;   0.000 ; RR ; IC   ; 1      ; LABCELL_X16_Y10_N45        ; emu|spath|stub|u_h264_dequant4x4|Mod0|auto_generated|divider|divider|op_5~1|cin                       ;
;   13.799 ;   0.154 ; RR ; CELL ; 7      ; LABCELL_X16_Y10_N45        ; emu|spath|stub|u_h264_dequant4x4|Mod0|auto_generated|divider|divider|op_5~1|sumout                    ;
;   14.135 ;   0.336 ; RR ; IC   ; 2      ; LABCELL_X17_Y10_N9         ; emu|spath|stub|u_h264_dequant4x4|Mod0|auto_generated|divider|divider|op_6~9|dataa                     ;
;   15.438 ;   1.303 ; RF ; CELL ; 5      ; LABCELL_X17_Y10_N9         ; emu|spath|stub|u_h264_dequant4x4|Mod0|auto_generated|divider|divider|op_6~9|sumout                    ;
;   15.831 ;   0.393 ; FF ; IC   ; 1      ; LABCELL_X17_Y10_N24        ; emu|spath|stub|u_h264_dequant4x4|Mod0|auto_generated|divider|divider|StageOut[22]~3|datae             ;
;   16.055 ;   0.224 ; FF ; CELL ; 42     ; LABCELL_X17_Y10_N24        ; emu|spath|stub|u_h264_dequant4x4|Mod0|auto_generated|divider|divider|StageOut[22]~3|combout           ;
;   16.923 ;   0.868 ; FF ; IC   ; 1      ; LABCELL_X18_Y12_N15        ; emu|spath|stub|u_h264_dequant4x4|ShiftLeft1~6|datab                                                   ;
;   17.497 ;   0.574 ; FR ; CELL ; 4      ; LABCELL_X18_Y12_N15        ; emu|spath|stub|u_h264_dequant4x4|ShiftLeft1~6|combout                                                 ;
;   17.728 ;   0.231 ; RR ; IC   ; 1      ; LABCELL_X18_Y12_N18        ; emu|spath|stub|u_h264_dequant4x4|ShiftLeft1~25|datab                                                  ;
;   18.281 ;   0.553 ; RF ; CELL ; 8      ; LABCELL_X18_Y12_N18        ; emu|spath|stub|u_h264_dequant4x4|ShiftLeft1~25|combout                                                ;
;   19.942 ;   1.661 ; FF ; IC   ; 29     ; DSP_X32_Y12_N0             ; emu|spath|stub|u_h264_dequant4x4|Mult6~318|ay[16]                                                     ;
;   23.880 ;   3.938 ; FF ; CELL ; 21     ; DSP_X32_Y12_N0             ; emu|spath|stub|u_h264_dequant4x4|Mult6~318|resulta[33]                                                ;
;   25.995 ;   2.115 ; FF ; IC   ; 14     ; DSP_X32_Y24_N0             ; emu|spath|stub|u_h264_dequant4x4|Mult6~mult_hlmac|bx[2]                                               ;
;   28.573 ;   2.578 ; FF ; CELL ; 1      ; DSP_X32_Y24_N0             ; emu|spath|stub|u_h264_dequant4x4|Mult6~mult_hlmac|resulta[0]                                          ;
;   30.015 ;   1.442 ; FF ; IC   ; 2      ; MLABCELL_X21_Y24_N9        ; emu|spath|stub|u_h264_dequant4x4|Add7~13|datad                                                        ;
;   30.949 ;   0.934 ; FF ; CELL ; 3      ; MLABCELL_X21_Y24_N9        ; emu|spath|stub|u_h264_dequant4x4|Add7~13|sumout                                                       ;
;   32.392 ;   1.443 ; FF ; IC   ; 2      ; MLABCELL_X21_Y27_N57       ; emu|spath|stub|u_h264_idct4x4|Add6~49|datac                                                           ;
;   33.272 ;   0.880 ; FR ; CELL ; 1      ; MLABCELL_X21_Y27_N57       ; emu|spath|stub|u_h264_idct4x4|Add6~49|cout                                                            ;
;   33.272 ;   0.000 ; RR ; IC   ; 2      ; MLABCELL_X21_Y26_N0        ; emu|spath|stub|u_h264_idct4x4|Add6~45|cin                                                             ;
;   33.787 ;   0.515 ; RF ; CELL ; 2      ; MLABCELL_X21_Y26_N0        ; emu|spath|stub|u_h264_idct4x4|Add6~45|sumout                                                          ;
;   34.588 ;   0.801 ; FF ; IC   ; 3      ; LABCELL_X17_Y26_N9         ; emu|spath|stub|u_h264_idct4x4|Add23~73|datac                                                          ;
;   35.335 ;   0.747 ; FR ; CELL ; 1      ; LABCELL_X17_Y26_N9         ; emu|spath|stub|u_h264_idct4x4|Add23~73|cout                                                           ;
;   35.335 ;   0.000 ; RR ; IC   ; 2      ; LABCELL_X17_Y26_N12        ; emu|spath|stub|u_h264_idct4x4|Add23~81|cin                                                            ;
;   35.690 ;   0.355 ; RF ; CELL ; 2      ; LABCELL_X17_Y26_N12        ; emu|spath|stub|u_h264_idct4x4|Add23~81|sumout                                                         ;
;   37.548 ;   1.858 ; FF ; IC   ; 2      ; LABCELL_X16_Y31_N54        ; emu|spath|stub|u_h264_idct4x4|Add43~85|datad                                                          ;
;   38.160 ;   0.612 ; FF ; CELL ; 1      ; LABCELL_X16_Y31_N54        ; emu|spath|stub|u_h264_idct4x4|Add43~85|cout                                                           ;
;   38.160 ;   0.000 ; FF ; IC   ; 2      ; LABCELL_X16_Y31_N57        ; emu|spath|stub|u_h264_idct4x4|Add43~77|cin                                                            ;
;   38.160 ;   0.000 ; FF ; CELL ; 1      ; LABCELL_X16_Y31_N57        ; emu|spath|stub|u_h264_idct4x4|Add43~77|cout                                                           ;
;   38.160 ;   0.000 ; FF ; IC   ; 2      ; LABCELL_X16_Y30_N0         ; emu|spath|stub|u_h264_idct4x4|Add43~49|cin                                                            ;
;   38.686 ;   0.526 ; FF ; CELL ; 2      ; LABCELL_X16_Y30_N0         ; emu|spath|stub|u_h264_idct4x4|Add43~49|sumout                                                         ;
;   41.034 ;   2.348 ; FF ; IC   ; 3      ; LABCELL_X17_Y43_N45        ; emu|spath|stub|u_h264_idct4x4|Add59~53|datac                                                          ;
;   41.781 ;   0.747 ; FR ; CELL ; 1      ; LABCELL_X17_Y43_N45        ; emu|spath|stub|u_h264_idct4x4|Add59~53|cout                                                           ;
;   41.781 ;   0.000 ; RR ; IC   ; 2      ; LABCELL_X17_Y43_N48        ; emu|spath|stub|u_h264_idct4x4|Add59~49|cin                                                            ;
;   42.117 ;   0.336 ; RF ; CELL ; 2      ; LABCELL_X17_Y43_N48        ; emu|spath|stub|u_h264_idct4x4|Add59~49|sumout                                                         ;
;   43.459 ;   1.342 ; FF ; IC   ; 2      ; LABCELL_X11_Y42_N0         ; emu|spath|stub|u_h264_recon4x4|Add10~53|datac                                                         ;
;   44.296 ;   0.837 ; FF ; CELL ; 1      ; LABCELL_X11_Y42_N0         ; emu|spath|stub|u_h264_recon4x4|Add10~53|cout                                                          ;
;   44.296 ;   0.000 ; FF ; IC   ; 2      ; LABCELL_X11_Y42_N3         ; emu|spath|stub|u_h264_recon4x4|Add10~57|cin                                                           ;
;   44.296 ;   0.000 ; FF ; CELL ; 1      ; LABCELL_X11_Y42_N3         ; emu|spath|stub|u_h264_recon4x4|Add10~57|cout                                                          ;
;   44.296 ;   0.000 ; FF ; IC   ; 2      ; LABCELL_X11_Y42_N6         ; emu|spath|stub|u_h264_recon4x4|Add10~33|cin                                                           ;
;   44.648 ;   0.352 ; FR ; CELL ; 1      ; LABCELL_X11_Y42_N6         ; emu|spath|stub|u_h264_recon4x4|Add10~33|sumout                                                        ;
;   45.330 ;   0.682 ; RR ; IC   ; 1      ; LABCELL_X11_Y43_N12        ; emu|spath|stub|u_h264_recon4x4|recon[10][7]~99|datad                                                  ;
;   45.824 ;   0.494 ; RF ; CELL ; 1      ; LABCELL_X11_Y43_N12        ; emu|spath|stub|u_h264_recon4x4|recon[10][7]~99|combout                                                ;
;   46.427 ;   0.603 ; FF ; IC   ; 1      ; LABCELL_X11_Y42_N54        ; emu|spath|stub|u_h264_recon4x4|recon[10][7]~100|datac                                                 ;
;   46.910 ;   0.483 ; FF ; CELL ; 1      ; LABCELL_X11_Y42_N54        ; emu|spath|stub|u_h264_recon4x4|recon[10][7]~100|combout                                               ;
;   47.133 ;   0.223 ; FF ; IC   ; 1      ; LABCELL_X11_Y42_N48        ; emu|spath|stub|u_h264_recon4x4|recon[10][7]~32|datac                                                  ;
;   47.647 ;   0.514 ; FF ; CELL ; 5      ; LABCELL_X11_Y42_N48        ; emu|spath|stub|u_h264_recon4x4|recon[10][7]~32|combout                                                ;
;   47.866 ;   0.219 ; FF ; IC   ; 1      ; LABCELL_X11_Y42_N57        ; emu|spath|stub|u_h264_recon4x4|recon[10][7]~33|dataf                                                  ;
;   47.945 ;   0.079 ; FF ; CELL ; 7      ; LABCELL_X11_Y42_N57        ; emu|spath|stub|u_h264_recon4x4|recon[10][7]~33|combout                                                ;
;   48.850 ;   0.905 ; FF ; IC   ; 1      ; LABCELL_X12_Y38_N39        ; emu|spath|stub|recon_sig_comb[1]~57|datae                                                             ;
;   49.150 ;   0.300 ; FF ; CELL ; 1      ; LABCELL_X12_Y38_N39        ; emu|spath|stub|recon_sig_comb[1]~57|combout                                                           ;
;   49.888 ;   0.738 ; FF ; IC   ; 1      ; LABCELL_X11_Y39_N24        ; emu|spath|stub|recon_sig_comb[1]~9|datab                                                              ;
;   50.447 ;   0.559 ; FF ; CELL ; 1      ; LABCELL_X11_Y39_N24        ; emu|spath|stub|recon_sig_comb[1]~9|combout                                                            ;
;   50.803 ;   0.356 ; FF ; IC   ; 1      ; LABCELL_X10_Y39_N24        ; emu|spath|stub|recon_sig~9|datad                                                                      ;
;   51.307 ;   0.504 ; FF ; CELL ; 1      ; LABCELL_X10_Y39_N24        ; emu|spath|stub|recon_sig~9|combout                                                                    ;
;   51.307 ;   0.000 ; FF ; IC   ; 1      ; FF_X10_Y39_N25             ; emu|spath|stub|recon_sig[1]|d                                                                         ;
;   51.567 ;   0.260 ; FF ; CELL ; 1      ; FF_X10_Y39_N25             ; emu:emu|stream_path:spath|decode_stub:stub|recon_sig[1]                                               ;
+----------+---------+----+------+--------+----------------------------+-------------------------------------------------------------------------------------------------------+

+----------------------------------------------------------------------------------------------------------------------------------------------------+
; Data Required Path                                                                                                                                 ;
+----------+----------+----+------+--------+----------------------------+----------------------------------------------------------------------------+
; Total    ; Incr     ; RF ; Type ; Fanout ; Location                   ; Element                                                                    ;
+----------+----------+----+------+--------+----------------------------+----------------------------------------------------------------------------+
; 50.000   ; 50.000   ;    ;      ;        ;                            ; latch edge time                                                            ;
; 58.065   ; 8.065    ;    ;      ;        ;                            ; clock path                                                                 ;
;   50.000 ;   0.000  ;    ;      ;        ;                            ; source latency                                                             ;
;   50.000 ;   0.000  ;    ;      ; 1      ; PIN_Y13                    ; FPGA_CLK2_50                                                               ;
;   50.000 ;   0.000  ; RR ; IC   ; 1      ; IOIBUF_X56_Y0_N1           ; FPGA_CLK2_50~input|i                                                       ;
;   50.761 ;   0.761  ; RR ; CELL ; 2      ; IOIBUF_X56_Y0_N1           ; FPGA_CLK2_50~input|o                                                       ;
;   51.932 ;   1.171  ; RR ; IC   ; 1      ; PLLREFCLKSELECT_X89_Y7_N0  ; emu|pll|pll_inst|altera_pll_i|general[0].gpll~PLL_REFCLK_SELECT|clkin[0]   ;
;   52.240 ;   0.308  ; RR ; CELL ; 1      ; PLLREFCLKSELECT_X89_Y7_N0  ; emu|pll|pll_inst|altera_pll_i|general[0].gpll~PLL_REFCLK_SELECT|clkout     ;
;   52.240 ;   0.000  ; RR ; IC   ; 10     ; FRACTIONALPLL_X89_Y1_N0    ; emu|pll|pll_inst|altera_pll_i|general[0].gpll~FRACTIONAL_PLL|refclkin      ;
;   52.020 ;   -0.220 ; RR ; COMP ; 2      ; FRACTIONALPLL_X89_Y1_N0    ; emu|pll|pll_inst|altera_pll_i|general[0].gpll~FRACTIONAL_PLL|vcoph[0]      ;
;   52.020 ;   0.000  ; RR ; IC   ; 1      ; PLLOUTPUTCOUNTER_X89_Y5_N1 ; emu|pll|pll_inst|altera_pll_i|general[0].gpll~PLL_OUTPUT_COUNTER|vco0ph[0] ;
;   53.486 ;   1.466  ; RR ; CELL ; 3      ; PLLOUTPUTCOUNTER_X89_Y5_N1 ; emu|pll|pll_inst|altera_pll_i|general[0].gpll~PLL_OUTPUT_COUNTER|divclk    ;
;   54.393 ;   0.907  ; RR ; IC   ; 1      ; CLKCTRL_G4                 ; emu|pll|pll_inst|altera_pll_i|outclk_wire[0]~CLKENA0|inclk                 ;
;   54.672 ;   0.279  ; RR ; CELL ; 9021   ; CLKCTRL_G4                 ; emu|pll|pll_inst|altera_pll_i|outclk_wire[0]~CLKENA0|outclk                ;
;   56.617 ;   1.945  ; RR ; IC   ; 1      ; FF_X10_Y39_N25             ; emu|spath|stub|recon_sig[1]|clk                                            ;
;   57.105 ;   0.488  ; RR ; CELL ; 1      ; FF_X10_Y39_N25             ; emu:emu|stream_path:spath|decode_stub:stub|recon_sig[1]                    ;
;   58.065 ;   0.960  ;    ;      ;        ;                            ; clock pessimism removed                                                    ;
; 57.935   ; -0.130   ;    ;      ;        ;                            ; clock uncertainty                                                          ;
; 57.935   ; 0.000    ;    ; uTsu ; 1      ; FF_X10_Y39_N25             ; emu:emu|stream_path:spath|decode_stub:stub|recon_sig[1]                    ;
+----------+----------+----+------+--------+----------------------------+----------------------------------------------------------------------------+

----------------------------
; Extra Fitter Information ;
----------------------------
HTML report is unavailable in plain text report export.


